title,year,id,type,watched_at
101 Dalmatians,1996,135894,movie,
101 Dalmatians (1961),1961,14624,movie,
101 Dalmatians II: Patch's London Adventure,2003,30288,movie,
102 Dalmatians,2000,135895,movie,
12 Angry Men,1957,140962,movie,
12 Monkeys,1995,5903,movie,
12 Strong,2018,910334,movie,
13,2012,261702,movie,
13 Hours: The Secret Soldiers of Benghazi,2016,735269,movie,
1408,2007,688221,movie,
1776 (Director's Cut),1972,26381,movie,
2 Fast 2 Furious,2003,5889,movie,
2 Movie Bundle Big/Mrs. Doubtfire (Bundle),,1438388,movie,
20 Million Miles to Earth (Original B&W Version),1957,26279,movie,
"20,000 Leagues Under the Sea",1954,31815,movie,
2001: A Space Odyssey,1968,9000,movie,
2012,2009,168059,movie,
21,2008,132326,movie,
211,2018,951935,movie,
24 Hours to Live,2017,903634,movie,
28 Days Later,2003,8637,movie,
28 Weeks Later,2007,129115,movie,
28 Years Later,2025,4351151,movie,
28 Years Later: The Bone Temple,2026,4859311,movie,
300,2007,128174,movie,
3:10 to Yuma,2007,129211,movie,
3:10 to Yuma,1957,25263,movie,
4 Film Favorites: Free Willy 1-4 (Bundle),,427688,movie,
40 Guns to Apache Pass,1967,118833,movie,
42,2013,422219,movie,
42nd Street,1933,9387,movie,
47 Meters Down,2017,864670,movie,
47 Meters Down: Uncaged,2019,1216597,movie,
47 Ronin,2013,497053,movie,
48 HRS.,1982,13487,movie,
50/50,2011,216630,movie,
65,2023,2308288,movie,
711 Ocean Drive,1950,640497,movie,
8 Mile,2002,5770,movie,
8-Bit Christmas,2021,2120767,movie,
80 for Brady,2023,2265788,movie,
976-Evil,1989,27817,movie,
99 River Street,1953,3061569,movie,
A Beautiful Mind,2001,5850,movie,
A Bone to Pick: An Aurora Teagarden Mystery,2016,777152,movie,
A Bridge Too Far,1977,140537,movie,
A Bug's Life,1998,13949,movie,
A Bundle of Trouble: An Aurora Teagarden Mystery,,1617388,movie,
A Christmas Carol,1938,10503,movie,
A Christmas Carol,2009,169632,movie,
A Christmas Story,1983,9894,movie,
A Christmas Story (Bundle),,393459,movie,
A Christmas Story 2,2012,371719,movie,
A Christmas Story Christmas,2022,2215979,movie,
A Clockwork Orange,1972,9482,movie,
A Dry White Season,1989,140702,movie,
A Family Thing,1996,809701,movie,
A Few Good Men,1992,12516,movie,
A Fish Called Wanda,1988,13373,movie,
A Flintstone Christmas Collection,2020,1546825,movie,
A Good Day to Die Hard,2013,412714,movie,
A Goofy Movie,1995,16042,movie,
A History of Violence,2005,58950,movie,
A Hole in the Head,1959,140809,movie,
A Knight's Tale,2001,22692,movie,
A Madea Family Funeral,2019,1074928,movie,
A Man Called Otto,2022,2243225,movie,
A Man for All Seasons,1966,13580,movie,
A Minecraft Movie,2025,4066547,movie,
A Muppets Christmas: Letters to Santa,2008,611976,movie,
A Nightmare on Elm Street,2010,172466,movie,
A Passage to India,1985,20537,movie,
A Place in the Sun,1951,22079,movie,
A Quiet Place,2018,911870,movie,
A Quiet Place Part II,2021,1386665,movie,
A Quiet Place: Day One,2024,3144051,movie,
A Raisin in the Sun,1961,15286,movie,
A River Runs Through It,1992,15418,movie,
A Simple Favor,2018,996684,movie,
A Soldier's Story,1984,14536,movie,
A Star Is Born,2018,996853,movie,
A Star Is Born,1954,9248,movie,
A Streetcar Named Desire,1951,9057,movie,
A Time to Kill,1996,9058,movie,
A View to a Kill,1985,16649,movie,
A Waltons Thanksgiving,2022,2208382,movie,
A.I.: Artificial Intelligence,2001,24946,movie,
Abduction,2011,197970,movie,
About a Boy,2002,5210,movie,
About Last Night,2014,509588,movie,
About Last Night...,1986,13327,movie,
About My Father,2023,2330609,movie,
About Schmidt,2002,33037,movie,
Ace Ventura: Pet Detective,1994,9096,movie,
Ace Ventura: When Nature Calls,1995,220738,movie,
Aces High,1976,111216,movie,
Acts of Violence,2018,915682,movie,
Addams Family Values,1993,15430,movie,
Aeon Flux,2005,59857,movie,
Affair in Trinidad,1952,71097,movie,
Against All Odds,1984,14777,movie,
Air Force One,1997,12597,movie,
Airplane 2: The Sequel,1982,16781,movie,
Airplane!,1980,140045,movie,
Aladdin,2019,1121066,movie,
Aladdin,1992,39835,movie,
Aladdin and the King of Thieves,1996,184941,movie,
Aladdin: The Return of Jafar,1994,64574,movie,
Albert Nobbs,2011,307042,movie,
Alex Cross,2012,382042,movie,
"Alexander and the Terrible, Horrible, No Good, Very Bad Day",2014,608131,movie,
Alfie (1966),1966,140046,movie,
Alfred Hitchcock Collection (Bundle),,629729,movie,
Ali,2001,25548,movie,
Alias Jesse James,1959,140356,movie,
Alice in Wonderland,2010,168068,movie,
Alice in Wonderland,1951,16039,movie,
Alice Through the Looking Glass,2016,747799,movie,
Alien (Theatrical),1979,7680,movie,
Alien 6-Film Collection (Bundle),,882848,movie,
Alien vs. Predator,2004,8676,movie,
Alien3 (Theatrical),1992,7682,movie,
Alien: Covenant,2017,853471,movie,
Alien: Resurrection (Theatrical),1997,7683,movie,
Alien: Romulus,2024,3324620,movie,
Aliens (Theatrical),1986,8874,movie,
Aliens in the Attic,2009,169325,movie,
All the King's Men,2006,66615,movie,
All the King's Men,1949,21504,movie,
All the President's Men,1976,9003,movie,
Almost Famous,2000,20692,movie,
Along Came a Spider,2001,22979,movie,
Along Came Jones,1945,22495,movie,
Along Came Polly,2004,5494,movie,
Alpha and Omega,2010,178729,movie,
Alpha And Omega 2: A Howl-Iday Adventure,2013,470580,movie,
Alpha And Omega 3: The Great Wolf Games,2014,513076,movie,
Alpha and Omega 8 Pack (Bundle),,865180,movie,
Alpha and Omega: Dino Digs,2016,765447,movie,
Alpha and Omega: Family Vacation,2015,678795,movie,
Alpha and Omega: Journey to Bear Kingdom,2017,854812,movie,
Alpha and Omega: The Big Fureeze,2016,816122,movie,
Alpha and Omega: The Legend of the Saw Toothed Cave,2014,575729,movie,
Alvin and the Chipmunks,2007,130824,movie,
Alvin and the Chipmunks: Chipwrecked,2011,207990,movie,
Alvin and The Chipmunks: The Road Chip,2015,737776,movie,
Alvin and the Chipmunks: The Squeakquel,2009,168783,movie,
Ambulance,2022,1953518,movie,
American Beauty,1999,16576,movie,
American Sniper,2015,625212,movie,
American Underdog,2021,1956062,movie,
An American Tail,1986,5424,movie,
An Officer and a Gentleman,1982,17107,movie,
Anaconda,1997,12398,movie,
Anaconda (2025),2025,4731966,movie,
Anaconda 3: Offspring,2008,140466,movie,
Anacondas: The Hunt for the Blood Orchid,2004,44379,movie,
Anacondas: Trail of Blood,2009,144689,movie,
Analyze That,2002,9772,movie,
Anatomy of a Murder,1959,16216,movie,
Anchorman: The Legend of Ron Burgundy,2004,358811,movie,
And Justice for All,1979,19675,movie,
And Soon the Darkness,1971,3318804,movie,
Andrew Lloyd Webber's Phantom of the Opera,2011,293759,movie,
Angel Has Fallen,2019,1233373,movie,
Angels and Demons,2009,162408,movie,
Angels in the Outfield,1994,2724938,movie,
Anger Management,2003,35173,movie,
Anna,2019,1162956,movie,
Annabelle,2014,585507,movie,
Annie,1982,16940,movie,
Annihilation,2018,910382,movie,
Ant-Man,2015,675937,movie,
Ant-Man (plus bonus features),,719500,movie,
Ant-Man and the Wasp,2018,926890,movie,
Ant-Man and the Wasp: Quantumania,2023,2284754,movie,
Antitrust,2001,140370,movie,
Any Last Words?,2011,360804,movie,
Anzio,1968,23885,movie,
Apache Junction,2021,1829687,movie,
Apache Territory,1958,111852,movie,
Apollo 13,1995,5828,movie,
Apollo: Missions to the Moon,2019,1174648,movie,
Aquaman,2018,1021646,movie,
Aquaman and the Lost Kingdom,2023,2881570,movie,
Are We Done Yet?,2007,128306,movie,
Argo,2012,376513,movie,
Argylle,2024,3015296,movie,
Arizona Raiders,1965,71869,movie,
Armageddon,1998,13494,movie,
Armed and Dangerous,1986,29278,movie,
Army of One,2016,803471,movie,
Around the World in 80 Days,2004,43290,movie,
Arrival,2016,826376,movie,
Arsenal,2017,836491,movie,
Arsenic and Old Lace,1944,9367,movie,
Art School Confidential,2006,140373,movie,
Arthur Christmas,2011,185734,movie,
Arthur the King,2024,3020941,movie,
Artists and Models,1955,71966,movie,
As Good as It Gets,1997,12884,movie,
Assassin's Creed,2016,822033,movie,
Assault on Precinct 13,2005,5700,movie,
Astro Boy,2009,168869,movie,
Atlantis: The Lost Empire,2001,24431,movie,
Atomic Blonde,2017,861200,movie,
Attack!,1956,140379,movie,
Audrey Hepburn 7-Movie Collection (Bundle),,1727138,movie,
August Rush,2007,130757,movie,
Aurora Teagarden Mysteries: A Game of Cat and Mouse,2022,2064768,movie,
Aurora Teagarden Mysteries: A Very Foul Play,2022,2064777,movie,
Aurora Teagarden Mysteries: An Inheritance to Die For,2022,2064786,movie,
Aurora Teagarden Mysteries: Last Scene Alive,2022,2064789,movie,
Aurora Teagarden Mysteries: Reap What You Sew,2022,2064798,movie,
Aurora Teagarden Mysteries: Something New,2023,4708204,movie,
Aurora Teagarden Mysteries: The Disappearing Game,2022,2064804,movie,
Austin Powers in Goldmember,2002,29637,movie,
Austin Powers: International Man of Mystery,1997,12622,movie,
Austin Powers: The Spy Who Shagged Me,1999,14665,movie,
Avalon,1990,20638,movie,
Avanti!,1972,140386,movie,
Avatar,2009,168778,movie,
Avatar: Fire and Ash,2025,4729491,movie,
Avatar: The Way of Water,2022,2230415,movie,
Avengers: Age of Ultron,2015,655422,movie,
Avengers: Endgame,2019,1100922,movie,
Avengers: Infinity War,2018,914764,movie,
Average Joe,2024,3625085,movie,
Baby Boom,1987,140392,movie,
Back to the Future,1985,72268,movie,
Back to the Future Part II,1989,72269,movie,
Back to the Future Part III,1990,72270,movie,
Backtrack,1991,7203,movie,
Bad Boys,1995,12400,movie,
Bad Boys For Life,2020,1339421,movie,
Bad Boys II,2003,36832,movie,
Bad Boys: Ride or Die,2024,3144016,movie,
Bad Moms,2016,777492,movie,
Bah Humduck! A Looney Tunes Christmas Original Movie,2006,10870,movie,
Bait,2012,357515,movie,
Ballerina: From The World Of John Wick,2025,4242228,movie,
Bambi (Signature Collection),1942,864146,movie,
Bambi II,2006,864149,movie,
Bandits,2001,889075,movie,
Bangkok Dangerous,2008,142422,movie,
Barb & Star Go to Vista Del Mar,2021,1638228,movie,
Barbarella,1968,14186,movie,
Barbie,2023,2446735,movie,
Barefoot in the Park,1967,14464,movie,
Barnyard,2006,66117,movie,
Batman,1989,9004,movie,
Batman and Robin,1997,10506,movie,
Batman Begins,2005,10681,movie,
Batman Collection (Bundle),,440057,movie,
Batman Forever,1995,9005,movie,
Batman Returns,1992,9007,movie,
Batman v Superman: Dawn of Justice (Extended Cut),2016,758431,movie,
Batman v Superman: Dawn of Justice (Theatrical),2016,743215,movie,
Batman v Superman: Dawn of Justice - The Ultimate Edition (plus bonus features),,758439,movie,
Batman Vs. Teenage Mutant Ninja Turtles,2019,1089262,movie,
Batman: The Movie,1966,7841,movie,
Battle of the Coral Sea,1959,112414,movie,
Battle: Los Angeles,2011,184947,movie,
Battleship,2012,214476,movie,
Battlestar Galactica: Blood and Chrome (Unrated),2012,401098,movie,
Beast,2022,2101626,movie,
Beauty and the Beast (2017),2017,839724,movie,
Beauty and the Beast (Walt Disney Signature Edition),1991,803840,movie,
Beauty and the Beast: The Enchanted Christmas (Special Edition),1997,13318,movie,
Bedknobs and Broomsticks,1971,19676,movie,
Bedtime Stories,2008,143363,movie,
Bee Movie,2007,221023,movie,
Beethoven,1992,4746,movie,
Beethoven's 2nd,1993,4821,movie,
Beethoven's 3rd,1999,5031,movie,
Beethoven's 4th,2001,5129,movie,
Beethoven's 5th,2003,5405,movie,
Beethoven's Christmas Adventure,2011,230032,movie,
Beetlejuice,1988,9008,movie,
Beetlejuice Beetlejuice,2024,3324624,movie,
Before Sunrise,1995,9262,movie,
Behind Enemy Lines,2001,7932,movie,
"Bell, Book and Candle",1958,3034175,movie,
Ben-Hur,1959,136271,movie,
Ben-Hur (2016),2016,777602,movie,
Benji: The Hunted,1987,56199,movie,
Benny and Joon,1993,140426,movie,
Best in Show,2000,9476,movie,
Best of the Best,1989,42901,movie,
Best of the Best 3: No Turning Back,1995,2727638,movie,
Best Of The Best 4: Without Warning,1998,2727641,movie,
Better Man,2025,3885972,movie,
Better Off Dead,1985,2130771,movie,
Between Worlds,2018,997884,movie,
Beverly Hills Chihuahua,2008,142689,movie,
Beverly Hills Cop,1984,140053,movie,
Beverly Hills Cop II,1987,24546,movie,
Beverly Hills Cop III,1994,140055,movie,
Beverly Hills Cop Trilogy (Bundle),,403022,movie,
Beverly Hills Ninja,1997,14691,movie,
Bewitched,2005,55280,movie,
Big,1988,8059,movie,
Big Eyes,2014,629657,movie,
Big George Foreman,2023,2355802,movie,
Big Hero 6,2015,607384,movie,
Bill & Ted Face the Music,2020,1493537,movie,
Bill and Ted's Bogus Journey,1991,709710,movie,
Bill and Ted's Excellent Adventure,1989,709714,movie,
Bill and Ted's Excellent Double Feature (Bundle),,834198,movie,
Billy Madison,1995,5801,movie,
Bingo,1991,34656,movie,
Bio-Dome,1996,25062,movie,
Birdman of Alcatraz,1962,140434,movie,
Birds of Prey and the Fantabulous Emancipation of One Harley Quinn,2020,1356758,movie,
Black Adam,2022,2156448,movie,
Black Beauty,1971,42678,movie,
Black Hawk Down,2002,129544,movie,
Black Panther,2018,876950,movie,
Black Panther: Wakanda Forever,2022,2193225,movie,
Black Phone 2,2025,4612186,movie,
Black Sheep,1996,26566,movie,
Black Widow,2021,1843890,movie,
Blackbeard's Ghost,1968,26158,movie,
Blade Runner,1982,10873,movie,
Blade Runner 2049,2017,868763,movie,
Blade Runner: The Final Cut,2007,129093,movie,
Blades of Glory,2007,128865,movie,
Blankman,1994,24323,movie,
Blazing Saddles,1974,9069,movie,
Blended,2014,536495,movie,
Blind Date,1987,24555,movie,
Blood and Bone,2009,162410,movie,
Blood Father,2016,781794,movie,
Bloodsport,1988,9685,movie,
Blue Beetle,2023,2572850,movie,
Blue Collar Comedy Tour Rides Again,2004,44263,movie,
Blue Hawaii,1961,140059,movie,
Blue Steel,1990,2594963,movie,
Blue Thunder,1983,13169,movie,
"Blue Water, White Death",1971,299371,movie,
Bob and Carol and Ted and Alice,1969,43740,movie,
Body Double,1984,13319,movie,
Body of Lies,2008,142818,movie,
Boeing Boeing,1965,73650,movie,
Bolt,2008,142992,movie,
Bombshell,2019,1281713,movie,
Bonnie and Clyde,1967,9012,movie,
Boogie Nights,1997,12796,movie,
Book Club,2018,935644,movie,
Booty Call,1997,141337,movie,
Borderlands,2024,3324616,movie,
Born Free,1966,31487,movie,
Born Yesterday,1950,13754,movie,
Brave,2012,218766,movie,
Braveheart,1995,16337,movie,
Breakdown,1997,13475,movie,
Breakfast at Tiffany's,1961,14463,movie,
Brian's Song,1971,16531,movie,
Bridge to Terabithia,2007,130828,movie,
Bringing Out the Dead,1999,15846,movie,
Broken Arrow,1996,7649,movie,
Bros,2022,2128608,movie,
Brother Bear,2003,38606,movie,
Brother Bear 2,2006,62925,movie,
Bruce Almighty,2003,5372,movie,
Bruce Willis (6-Film Bundle),,613927,movie,
Buck and the Preacher,1972,15241,movie,
Buddy,1997,20017,movie,
Buddy Games,2020,1521203,movie,
Buddy Games: Spring Awakening,2023,2360939,movie,
Bug,2007,128762,movie,
Bullet Train,2022,2088381,movie,
Bullitt,1968,9014,movie,
Bumblebee,2018,1009809,movie,
Bunny Lake Is Missing,1965,45273,movie,
Buried,2010,178734,movie,
But I'm a Cheerleader,2000,6562,movie,
Butterflies Are Free,1972,25362,movie,
Bye Bye Birdie,1963,14370,movie,
Cactus Flower,1969,25361,movie,
Caddyshack,1980,9015,movie,
Camel Spiders,2012,295987,movie,
Can't Hardly Wait,1998,13365,movie,
Candleshoe,1977,14528,movie,
Cannibal Apocalypse,1981,3370896,movie,
Capote,2005,140569,movie,
Captain America: Brave New World,2025,3946124,movie,
Captain America: Civil War,2016,744550,movie,
Captain America: The First Avenger,2011,195891,movie,
Captain America: The Winter Soldier,2014,519662,movie,
Captain Marvel,2019,1009797,movie,
Captain Phillips,2013,478735,movie,
Care Bears Movie 2: A New Generation,1986,31586,movie,
Career Opportunities,1991,4876,movie,
Cars,2006,64896,movie,
Cars 2,2011,185586,movie,
Cars 3,2017,864678,movie,
Casablanca,1942,10969,movie,
Casino Royale,2006,68721,movie,
Casper,1995,5376,movie,
Cast Away,2000,7928,movie,
Casting Crowns: Home By Sunday,2023,2743235,movie,
Casualties of War,1989,23717,movie,
Cat Ballou,1965,16532,movie,
Catch Me if You Can,2002,32708,movie,
Catch Me If You Can / The Terminal  Double Feature (Bundle),,882318,movie,
Catch the Bullet,2021,1829674,movie,
Catfish,2010,184128,movie,
Cats and Dogs,2001,9537,movie,
Cats and Dogs 3: Paws Unite,2020,1431812,movie,
Cats and Dogs: The Revenge of Kitty Galore,2010,175227,movie,
Celebrating Mickey,2018,1003761,movie,
Cell,2016,774635,movie,
Chainsaw Man - The Movie: Reze Arc,2025,4767699,movie,
Champions,2023,2304341,movie,
Changing Lanes,2002,27652,movie,
Chaos,2007,130415,movie,
Chaos Walking,2021,1655563,movie,
Chappie,2015,645628,movie,
Charlie and the Chocolate Factory,2005,10933,movie,
Charlie's Angels,2000,20634,movie,
Charlie's Angels: Full Throttle,2003,35940,movie,
Charlotte's Web (1973),1973,21782,movie,
Charlotte's Web (2006),2006,69840,movie,
Cheaper By the Dozen,2003,8658,movie,
Cheech and Chong's Up in Smoke,1978,16891,movie,
Chicken Little,2005,130838,movie,
Chicken Run,2000,16922,movie,
Children of the Damned,1964,75104,movie,
China Girl,1987,75140,movie,
Chinatown,1974,14814,movie,
Chitty Chitty Bang Bang,1968,13367,movie,
Chonda Pierce: Unashamed,2019,1419349,movie,
Christine,1983,14371,movie,
Christmas with the Kranks,2004,46288,movie,
Christopher Robin,2018,935650,movie,
Cinderella (2015),2015,645642,movie,
Cinderella (The Walt Disney Signature Collection),1950,1143176,movie,
Cinderella 2: Dreams Come True,2002,24441,movie,
Cinderella 3: A Twist in Time,2007,66482,movie,
Cinderfella,1960,42917,movie,
Circus of Horrors,1960,1192454,movie,
Cirque du Soleil: Worlds Away,2012,396332,movie,
Citizen Kane,1941,31793,movie,
City of Angels,1998,9162,movie,
City Slickers,1991,21427,movie,
Civil War,2024,3072715,movie,
Class Of 1999,1990,75424,movie,
Clear and Present Danger,1994,13368,movie,
Click,2006,64626,movie,
Cliffhanger,1993,12407,movie,
Close Encounters of the Third Kind (Special Edition),1980,899948,movie,
Cloud Atlas,2012,382055,movie,
Cloudy with a Chance of Meatballs,2009,168536,movie,
Cloudy With a Chance of Meatballs 2,2013,469875,movie,
Cloverfield,2008,132071,movie,
Clue,1985,16075,movie,
Clueless,1995,140063,movie,
Coach Carter,2005,49879,movie,
Cobra,1986,9099,movie,
Cocaine Bear,2023,2286118,movie,
Cocaine Shark,2023,2338052,movie,
Coco,2017,857016,movie,
Collateral,2004,44470,movie,
Collision Earth,2012,391289,movie,
Colombiana,2011,198319,movie,
Comanche Station,1960,1642679,movie,
Conan The Barbarian,2011,194581,movie,
Concussion,2015,715137,movie,
Congo,1995,14398,movie,
Conspiracy Theory,1997,9082,movie,
Constantine,2005,10682,movie,
Contagion,2011,211945,movie,
Cool Hand Luke,1967,9019,movie,
Cool Runnings,1993,14177,movie,
Coraline,2009,162088,movie,
Couples Retreat,2009,168073,movie,
Courageous,2011,289744,movie,
Crank,2006,6974,movie,
Crash,2005,6874,movie,
Crawl,2019,1163713,movie,
Crazy Rich Asians,2018,976882,movie,
"Crazy, Stupid, Love",2011,198368,movie,
Creature from the Black Lagoon,1954,5035,movie,
Creed,2015,728867,movie,
Creed II,2018,1014699,movie,
Creed III,2023,2296127,movie,
Crimson Tide,1995,12719,movie,
Crocodile Dundee,1986,22880,movie,
Crocodile Dundee 2,1988,22891,movie,
Crocodile Dundee in Los Angeles,2001,22881,movie,
Crocodile Dundee Trilogy (Bundle),,565323,movie,
Cruella,2021,1783507,movie,
Cube,1998,6520,movie,
Cujo,1983,16208,movie,
Curly Top,1935,8499,movie,
Cutter's Way,1981,140614,movie,
Cyrano,2022,1997813,movie,
Daddy Day Camp,2007,129057,movie,
Daddy's Home,2015,735161,movie,
Daddy's Home 1 & 2 (Bundle),,902344,movie,
Daddy's Home 2,2017,902341,movie,
Daffy Duck's Movie: Fantastic Island,1983,220927,movie,
Daffy Duck: Quackbusters,1988,76589,movie,
Damaged,2024,2983931,movie,
Dangerous Minds,1995,14167,movie,
Darby O'Gill and the Little People,1959,39997,movie,
Daredevil (Theatrical),2003,8125,movie,
Darkman,1990,4800,movie,
Das Boot (The Director's Cut),1985,12923,movie,
Dave,1993,9130,movie,
David,2025,4806892,movie,
Dawn of the Planet of the Apes,2014,542002,movie,
Daylight,1996,4953,movie,
Days of Thunder,1990,14044,movie,
DC Films Presents: The Dawn of The Justice League (featurette),2016,758435,movie,
DC League of Super-Pets,2022,2083672,movie,
De-Lovely,2004,140683,movie,
Dead End,1937,1468779,movie,
Dead Man Walking,1995,140679,movie,
Dead Man's Hand,2023,2334225,movie,
Dead Over Heels: An Aurora Teagarden Mystery,2021,1617391,movie,
Deadfall,1993,6910,movie,
Deadpool,2016,741622,movie,
Deadpool & Wolverine,2024,3121552,movie,
Deadpool 2,2018,928314,movie,
Dean Martin + Jerry Lewis 8-Movie Collection (Bundle),,1600767,movie,
Death of a Unicorn,2025,4044698,movie,
Death on the Nile,2022,2003699,movie,
Death Race (Theatrical),2008,142057,movie,
Death Rides a Horse,1967,140959,movie,
Death Wish,1974,20164,movie,
Deepwater Horizon,2016,784461,movie,
"Definitely, Maybe",2008,133147,movie,
Deliver Us From Eva,2003,5322,movie,
Demolition Man,1993,9100,movie,
Den of Thieves,2018,910340,movie,
Den of Thieves 2: Pantera,2025,3820998,movie,
Desperado,1995,12411,movie,
Desperate Riders,2022,1956077,movie,
Despicable Me,2010,168654,movie,
Despicable Me 2,2013,452762,movie,
Despicable Me 3,2017,851307,movie,
Despicable Me 4,2024,3144070,movie,
Devotion,2022,2189648,movie,
Diamonds Are Forever,1971,16646,movie,
Diary of a Mad Black Woman,2005,6758,movie,
Diary of a Wimpy Kid,2010,175778,movie,
Diary of a Wimpy Kid 1-4 Collection (Bundle),,884098,movie,
Diary of a Wimpy Kid 2: Rodrick Rules,2011,191568,movie,
Diary of a Wimpy Kid: Dog Days,2012,358090,movie,
Diary of a Wimpy Kid: The Long Haul,2017,853448,movie,
Dick,1999,14771,movie,
Die Another Day,2002,32951,movie,
Die Hard,1988,7652,movie,
Die Hard 2: Die Harder,1990,7653,movie,
Die Hard With a Vengeance,1995,7654,movie,
Dinocroc vs. Supergator,2010,204636,movie,
Dinosaur,2000,19672,movie,
Dinoshark,2010,194269,movie,
Dirty Dancing,1987,6981,movie,
Dirty Grandpa,2016,740675,movie,
Dirty Harry,1971,9021,movie,
District 9,2009,167965,movie,
Divergent,2014,512075,movie,
Divergent (plus bonus features),,525077,movie,
Doc Hollywood,1991,9151,movie,
Doctor Strange,2016,824903,movie,
Doctor Strange in the Multiverse of Madness,2022,2028166,movie,
Doctor Zhivago,1965,9554,movie,
Dodsworth,1936,4755542,movie,
Dog,2022,1996430,movie,
Dog Man,2025,3931888,movie,
Dolphin Tale,2011,198378,movie,
Dolphin Tale / March of the Penguins Double Feature (Bundle),,440174,movie,
Dr. Dolittle,1998,7962,movie,
Dr. Dolittle 2,2001,7956,movie,
Dr. Dolittle 3,2006,8751,movie,
Dr. Dolittle: Tail to the Chief,2008,179550,movie,
Dr. No,1962,12588,movie,
Dr. Seuss' How the Grinch Stole Christmas,2000,5193,movie,
Dr. Seuss' The Cat in the Hat,2003,5453,movie,
Dr. Seuss' The Grinch,2018,935656,movie,
Dr. Seuss' The Lorax,2012,304926,movie,
Dr. Strangelove Or: How I Learned to Stop Worrying and Love the Bomb,1964,12412,movie,
Dr. T and the Women,2000,7094,movie,
Dracula: Dead and Loving It,1995,41122,movie,
Dragon Lord,1982,1847013,movie,
Dragons Forever,1988,2727707,movie,
Dredd,2012,369576,movie,
Drive Angry,2011,185748,movie,
Drop,2025,4097236,movie,
DuckTales: The Movie - Treasure of the Lost Lamp,1990,78218,movie,
Dumb and Dumber,1994,12413,movie,
Dumb and Dumber (Unrated),1994,646225,movie,
Dumb Money,2023,2665066,movie,
Dumbo,2019,1085773,movie,
Dumbo,1941,22321,movie,
Dune,2021,1729967,movie,
Dune: Part Two,2024,3031334,movie,
Dungeons & Dragons: Honor Among Thieves,2023,2303302,movie,
Dunkirk,2017,851343,movie,
Dying of the Light,2014,623935,movie,
E.T. The Extra-Terrestrial,1982,5732,movie,
Eagle Eye,2008,142809,movie,
Earth Girls Are Easy,1989,7161,movie,
Earth's Final Hours,2012,418765,movie,
Earthfall,2015,684919,movie,
"Easy Come, Easy Go",1967,30662,movie,
Easy Rider,1969,14867,movie,
Edward Scissorhands,1990,8642,movie,
Eight Below,2006,61242,movie,
El Mariachi,1993,34664,movie,
Elemental,2023,2470118,movie,
Elevation,2024,3594821,movie,
Elf,2003,42157,movie,
Elio,2025,4429907,movie,
Elvis,2022,2047382,movie,
Elysium,2013,464748,movie,
Empire of the Sun,1987,9514,movie,
Empire State,2013,451468,movie,
Empire State/Snitch Double Feature (Bundle),,1458962,movie,
Employee of the Month,2006,68177,movie,
Encanto,2021,1966331,movie,
Encino Man,1992,14198,movie,
End of Days,1999,5863,movie,
Endless Night,1972,3995133,movie,
Enemy of the State,1998,141256,movie,
Enough,2002,28884,movie,
Entrapment,1999,7697,movie,
Epic,2013,440633,movie,
Equilibrium,2002,32275,movie,
Erin Brockovich,2000,5038,movie,
Escape from Alcatraz,1979,13856,movie,
Escape from L.A.,1996,13542,movie,
Escape Plan,2013,473028,movie,
Escape Plan 2: Hades,2018,951837,movie,
Escape Plan Triple Feature (Bundle),,1174755,movie,
Escape Plan: The Extractors,2019,1158861,movie,
Escape to Witch Mountain,1975,34535,movie,
Eternals,2021,1907638,movie,
Evan Almighty,2007,128906,movie,
Eve's Bayou,1997,6510,movie,
Everything Everywhere All at Once,2022,2009268,movie,
Executive Decision,1996,9026,movie,
Exodus,1960,140713,movie,
Extreme Prejudice,1987,7101,movie,
Eye in the Sky,2016,747834,movie,
Eye of the Needle,1981,140714,movie,
F1: The Movie,2025,4240175,movie,
F9: The Fast Saga,2021,1768500,movie,
Face/Off,1997,13127,movie,
Fail-Safe,1964,16601,movie,
Failure to Launch,2006,62387,movie,
Fall,2022,2067973,movie,
Falling Down,1993,9303,movie,
Family Guy: Blue Harvest,2007,130302,movie,
Family Guy: It's a Trap!,2010,184121,movie,
"Family Guy: Something, Something, Something Dark Side",2009,172519,movie,
Family Plot,1976,5807,movie,
Fanboys,2009,145359,movie,
Fantasia,1940,16848,movie,
Fantasia 2000,1999,16870,movie,
Fantastic Beasts and Where to Find Them,2016,821902,movie,
Fantastic Beasts: The Crimes of Grindelwald,2018,1014702,movie,
Fantastic Beasts: The Secrets of Dumbledore,2022,2011402,movie,
Fantastic Four,2005,8930,movie,
Fargo,1996,12414,movie,
Fast & Furious,2009,162094,movie,
Fast & Furious 6 (Extended Version),2013,488348,movie,
Fast & Furious Presents: Hobbs & Shaw,2019,1142073,movie,
Fast And Furious (1-4) Collection (Bundle),,586570,movie,
Fast Five (Extended Version),2011,214036,movie,
Fast X,2023,2393990,movie,
Fat City,1972,29626,movie,
Father Stu,2022,2019842,movie,
Fatherhood,2021,2030166,movie,
Fatman,2020,1521213,movie,
Feast (Unrated),2006,65011,movie,
Ferdinand,2017,858263,movie,
Ferris Bueller's Day Off,1986,14819,movie,
Field of Dreams,1989,5930,movie,
Fighting With My Family,2019,1069338,movie,
Finding Dory,2016,778325,movie,
Finding Nemo,2003,35597,movie,
Finding Neverland,2004,46426,movie,
Fire With Fire,2012,374412,movie,
Firehouse Dog,2007,128194,movie,
Fireproof,2008,142038,movie,
Five Easy Pieces,1970,14633,movie,
Five Nights at Freddy's,2023,2700071,movie,
Five Nights at Freddys 2,2025,4729484,movie,
Flashdance,1983,28050,movie,
Flatliners,1990,12416,movie,
Flatliners (2017),2017,876940,movie,
Flawless,1999,140728,movie,
Flight,2012,384779,movie,
Flight Risk,2025,3820994,movie,
Flow,2024,3931216,movie,
Flubber,1997,12931,movie,
Flushed Away,2006,68549,movie,
Fly Me to the Moon,2024,3464020,movie,
Flywheel,2003,129066,movie,
"Follow Me, Boys!",1966,37034,movie,
Fools Rush In,1997,12753,movie,
Footloose (1984),1984,28085,movie,
For Your Eyes Only,1981,15039,movie,
Ford v Ferrari,2019,1241040,movie,
Forgetting Sarah Marshall (Unrated),2008,138543,movie,
Forrest Gump,1994,22436,movie,
Forsaken,2016,738000,movie,
Foul Play,1978,3150642,movie,
Four Christmases,2008,168479,movie,
Four Weddings and a Funeral,1994,140739,movie,
Frailty,2002,6472,movie,
Frankenweenie,2012,372988,movie,
Frat Party,2009,205918,movie,
Freakier Friday,2025,4540974,movie,
Freakonomics,2010,178998,movie,
Freaky Friday,1977,39930,movie,
Free Birds,2013,486420,movie,
Free Guy,2021,1893611,movie,
Free Willy,1993,9028,movie,
Free Willy 2: The Adventure Home,1995,9730,movie,
Free Willy 3: The Rescue,1997,9728,movie,
Free Willy: Escape from Pirate's Cove,2010,174922,movie,
Freediver,2024,3684526,movie,
Freelance,2023,2679178,movie,
Frenemy,2010,139558,movie,
Frenzy,1972,5085,movie,
Friday,1995,13905,movie,
Friday the 13th (Theatrical),1980,14815,movie,
Friends with Money,2006,63620,movie,
Fright,1972,1192493,movie,
Fright Night,1985,13375,movie,
From Paris With Love,2010,172109,movie,
From Russia with Love,1964,12589,movie,
Frosty Returns,1992,80402,movie,
Frosty the Snowman,1969,80403,movie,
Frosty the Snowman Holiday Collection (Bundle),,829230,movie,
Frosty's Winter Wonderland,1976,1792288,movie,
Frozen,2013,489612,movie,
Frozen II,2019,1284351,movie,
Full Metal Jacket,1987,9288,movie,
Fun and Fancy Free,1947,16045,movie,
Fun in Acapulco,1963,30682,movie,
Fun with Dick and Jane,2005,59744,movie,
Fun with Dick and Jane,1977,33836,movie,
Funny Face,1957,21170,movie,
Funny Lady,1975,24542,movie,
Furiosa: A Mad Max Saga,2024,3119555,movie,
Furious 7 (Extended Edition),2015,692856,movie,
G-Force,2009,171928,movie,
G.I. Blues,1960,15961,movie,
G.I. Joe A Real American Hero: The Movie,1987,1981581,movie,
G.I. Joe: Retaliation,2013,419695,movie,
G.I. Joe: The Rise of Cobra,2009,172124,movie,
Galaxy Quest,1999,15722,movie,
Game Night,2018,910307,movie,
GameStop: Rise of the Players,2022,1994006,movie,
Gandhi,1982,22479,movie,
Garfield + Garfield: A Tale of Two Kitties (Bundle),,562087,movie,
Garfield: A Tail of Two Kitties,2006,8908,movie,
Garfield: The Movie,2004,8679,movie,
George of the Jungle,1997,12573,movie,
Geronimo: An American Legend,1993,13377,movie,
Get Smart,2008,141386,movie,
Ghost,1990,21074,movie,
Ghost in the Shell,2017,839740,movie,
Ghostbusters,1984,13769,movie,
Ghostbusters (2016),2016,767201,movie,
Ghostbusters (2016) (Extended Edition),2016,803723,movie,
Ghostbusters 2,1989,13770,movie,
Ghostbusters Double Feature (Bundle),,488846,movie,
Ghostbusters: Afterlife,2021,1957925,movie,
Ghostbusters: Frozen Empire,2024,3058343,movie,
Giant,1956,10271,movie,
Gidget,1959,80916,movie,
Gidget Goes to Rome,1963,80918,movie,
Gifted,2017,852275,movie,
Gilda,1946,13759,movie,
"Girl, Interrupted",1999,15921,movie,
Girls! Girls! Girls!,1962,30651,movie,
Gladiator,2000,17075,movie,
Gladiator II,2024,3658216,movie,
Glass,2019,1031270,movie,
Gloria,1999,31519,movie,
Go,1999,14374,movie,
GOAT,2026,4894571,movie,
God's Not Dead,2014,551256,movie,
God's Not Dead 2,2016,744510,movie,
God's Not Dead: A Light in Darkness,2018,966078,movie,
God's Not Dead: In God We Trust,2024,3544909,movie,
God's Not Dead: We the People,2021,1884427,movie,
Godzilla,1998,13378,movie,
Godzilla,2014,534815,movie,
Godzilla & Kong 3-Film Collection (3pk) (Bundle),,1332394,movie,
Godzilla Minus One,2023,3255454,movie,
Godzilla vs. Kong,2021,1729861,movie,
Godzilla x Kong: The New Empire,2024,3086391,movie,
Godzilla: King of the Monsters,2019,1127993,movie,
Going in Style,2017,845899,movie,
Going Overboard,1989,6140,movie,
GoldenEye,1995,12424,movie,
Goldfinger,1965,12590,movie,
Gone Are the Days,2018,931808,movie,
Gone Girl,2014,585524,movie,
Gone in 60 Seconds,2000,17014,movie,
Gone with the Wind,1939,10559,movie,
Good Boy!,2003,38948,movie,
Good Luck Chuck,2007,129212,movie,
"Good Morning, Miss Bliss: Season 1",1988,499418,movie,
Good Will Hunting,1998,13550,movie,
Goodfellas,1990,9031,movie,
GoodFellas: Remastered Special Edition,1990,1222146,movie,
Goosebumps,2015,710167,movie,
Goosebumps (plus bonus content),,720919,movie,
Goosebumps 2,2018,999089,movie,
Gran Torino,2008,144633,movie,
Gran Turismo: Based on a True Story,2023,2557867,movie,
Grand Hotel,1932,10409,movie,
Gravity,2014,476565,movie,
Grease,1978,28028,movie,
Gremlins,1984,9032,movie,
Gremlins 2: The New Batch,1990,9631,movie,
Gremlins/Gremlins 2: The New Batch (Bundle),,548162,movie,
Gridiron Gang,2006,67180,movie,
Grosse Pointe Blank,1997,12936,movie,
Groundhog Day,1993,12625,movie,
Grown Ups,2010,182358,movie,
Grown Ups 2,2013,454496,movie,
Grumpier Old Men,1995,9081,movie,
Grumpy Old Men,1993,9033,movie,
Guardians of the Galaxy,2014,548108,movie,
Guardians of the Galaxy Vol. 2,2017,839752,movie,
Guardians of the Galaxy Vol. 3,2023,2396452,movie,
Guess Who,2005,51908,movie,
Guest House,2020,1483961,movie,
Gunslingers,2025,3931834,movie,
Gus,1976,30680,movie,
Guy Ritchie's The Covenant,2023,2342660,movie,
Guys and Dolls,1955,15755,movie,
Hacker's Game,2015,629840,movie,
Hackers,1995,140771,movie,
Hacksaw Ridge,2016,836699,movie,
Hair,1979,140794,movie,
Hairspray,2007,129039,movie,
Hancock (Theatrical),2008,138611,movie,
Hannah Montana: The Movie,2009,162082,movie,
Hanover Street,1979,22121,movie,
Hans Christian Andersen,1952,13181,movie,
Happy Feet,2006,69187,movie,
Happy Gilmore,1996,5768,movie,
"Happy Halloween, Scooby-Doo!",2020,1431818,movie,
Hard Target,1993,4835,movie,
Hardware Wars,1978,25789,movie,
Harold and Maude,1971,16049,movie,
Harold and the Purple Crayon,2024,3487895,movie,
Harry and the Hendersons,1987,69271,movie,
Harry Potter and the Chamber of Secrets,2002,10323,movie,
Harry Potter and the Deathly Hallows: Part 1,2010,178908,movie,
Harry Potter and the Deathly Hallows: Part 2,2011,182917,movie,
Harry Potter and the Goblet of Fire,2005,10809,movie,
Harry Potter and the Half-Blood Prince,2009,169579,movie,
Harry Potter and the Order of the Phoenix,2007,129092,movie,
Harry Potter and the Prisoner of Azkaban,2004,10748,movie,
Harry Potter and the Sorcerer's Stone,2001,10617,movie,
Haunted Mansion,2023,2548350,movie,
Have A Laugh: Volume 1,2010,611982,movie,
Have a Laugh: Volume 2,2010,609943,movie,
Have a Laugh: Volume 3,2011,197919,movie,
Have a Laugh: Volume 4,1950,197921,movie,
He Walked by Night,1949,946715,movie,
He's Just Not That Into You,2009,144630,movie,
Heathers,1989,13950,movie,
Heaven Is for Real,2014,527372,movie,
Heaven Is For Real (plus bonus features),,557259,movie,
Heavy Metal,1981,14636,movie,
Heidi,1937,372072,movie,
Heist,2015,713054,movie,
Hell on the Border,2019,1304688,movie,
Hell or High Water,2016,784432,movie,
Her,2013,495430,movie,
Herbie Goes Bananas,1980,37047,movie,
Herbie Goes to Monte Carlo,1977,37050,movie,
Herbie Rides Again,1974,37082,movie,
Herbie: Fully Loaded,2005,130831,movie,
Hercules,2014,545209,movie,
Hercules,1997,130832,movie,
Hercules in New York,1970,6279,movie,
Here,2024,3778071,movie,
Here Comes the Boom,2012,376518,movie,
Hero,1992,14066,movie,
Hey Arnold! The Movie,2002,30085,movie,
"Hey There, It's Yogi Bear",1964,341677,movie,
Hidden Figures,2017,802882,movie,
High Noon,1952,13036,movie,
High School Musical,2006,2484850,movie,
High School Musical 2,2007,2484868,movie,
High School Musical 3: Senior Year (Extended Edition),2008,142314,movie,
His Girl Friday,1940,2976721,movie,
Hitch,2005,49542,movie,
Hitman (Theatrical),2007,130770,movie,
Hobbs & Shaw 5-Movie Collection (Extended) (Bundle),,1198406,movie,
Hocus Pocus,1993,14211,movie,
Holes,2003,34492,movie,
Hollywood Homicide,2003,35547,movie,
Home,2015,648010,movie,
Home Alone,1990,7713,movie,
Home Alone 2: Lost in New York,1992,7714,movie,
Home Alone Double Feature (Bundle) (plus bonus features),,405999,movie,
Home on the Range,2004,41739,movie,
Homeward Bound: The Incredible Journey,1993,12581,movie,
"Honey, I Blew Up the Kid",1992,26308,movie,
"Honey, I Shrunk the Kids",1989,26357,movie,
"Honey, We Shrunk Ourselves",1997,26289,movie,
Hop,2011,186662,movie,
Horton Hears a Who!,2008,141753,movie,
Hostiles,2018,929086,movie,
Hot Lead and Cold Feet,1978,40002,movie,
Hot Pursuit,2015,656711,movie,
Hotel for Dogs,2009,145259,movie,
Hotel Transylvania,2012,371310,movie,
Hotel Transylvania 2,2015,697911,movie,
Hotel Transylvania 2 (plus bonus content),,736681,movie,
Hotel Transylvania 2: One Big Happy Family (featurette),2015,736685,movie,
Hotel Transylvania 3,2018,911858,movie,
Hotel Transylvania: Transformania,2023,2527800,movie,
House,1986,22408,movie,
House II: The Second Story,1987,25945,movie,
House of 1000 Corpses,2003,6776,movie,
House of Gucci,2021,1953512,movie,
Housesitter,1992,4824,movie,
How the Grinch Stole Christmas: Ultimate Edition,1966,1000311,movie,
How to Eat Fried Worms,2006,66401,movie,
How to Lose a Guy in 10 Days,2003,33493,movie,
How to Succeed in Business without Really Trying,1967,140837,movie,
How to Train Your Dragon,2010,182052,movie,
How to Train Your Dragon (2025),2025,4261662,movie,
How to Train Your Dragon 2,2014,538463,movie,
How to Train Your Dragon: The Hidden World,2019,1009821,movie,
Hudson Hawk,1991,13557,movie,
Hunting Season,2025,4755235,movie,
Hustle and Flow,2005,56874,movie,
I Am Legend (Theatrical),2007,130760,movie,
I Am Number Four,2011,181868,movie,
I Can Only Imagine,2018,923463,movie,
I Can Only Imagine 2,2026,4879065,movie,
I Love You to Death,1990,34129,movie,
I Now Pronounce You Chuck and Larry,2007,128887,movie,
I Still Believe,2020,1361792,movie,
I.T.,2016,788234,movie,
Ice Age,2002,8474,movie,
Ice Age 4: Continental Drift,2012,352286,movie,
Ice Age: A Mammoth Christmas,2011,345205,movie,
Ice Age: Collision Course,2016,747814,movie,
Ice Age: Dawn of the Dinosaurs,2009,168903,movie,
Ice Age: The Great Egg-Scapade,2016,757944,movie,
Ice Age: The Meltdown,2006,8937,movie,
Ice Castles,1978,21002,movie,
Ice Princess,2005,51162,movie,
Ice Quake,2010,292128,movie,
Identity,2003,34878,movie,
IF (Imaginary Friends),2024,3143862,movie,
If I Stay,2014,570311,movie,
If...,1968,103184,movie,
Igby Goes Down,2002,31304,movie,
Imaginary,2024,2983923,movie,
In a Lonely Place,1950,31602,movie,
In a Valley of Violence,2016,807214,movie,
In Cold Blood,1967,35390,movie,
In Harm's Way,1965,21397,movie,
In Search of the Castaways,1962,181066,movie,
In the Army Now,1994,32440,movie,
In the Heights,2021,1729919,movie,
In Time,2011,218561,movie,
Inception,2010,182168,movie,
Inconceivable,2017,863649,movie,
Incredibles 2,2018,913461,movie,
Indecent Proposal,1993,25302,movie,
Independence Day,1996,8826,movie,
Independence Day: Resurgence,2016,747809,movie,
Indiana Jones 4-Movie Collection (Bundle),,372969,movie,
Indiana Jones and the Dial of Destiny,2023,2494573,movie,
Indiana Jones and the Kingdom of the Crystal Skull,2008,141849,movie,
Indiana Jones and the Last Crusade,1989,83821,movie,
Indiana Jones and the Raiders of the Lost Ark,1981,92436,movie,
Indiana Jones and the Temple of Doom,1984,83822,movie,
Infidel,2020,1532824,movie,
Inside Out,2015,669928,movie,
Inside Out 2,2024,3144020,movie,
Instant Family,2018,1013474,movie,
Interiors,1978,140861,movie,
Interstellar,2014,608646,movie,
Interview with the Vampire,1994,9035,movie,
Into the Storm,2014,552491,movie,
Into the West,1992,30660,movie,
Into the Wild,2007,130442,movie,
Into the Woods (2014),2015,629648,movie,
Into the Woods (plus bonus features),,629966,movie,
Intolerable Cruelty,2003,5444,movie,
Invasion of the Body Snatchers,1956,13383,movie,
Invictus,2009,172507,movie,
Irma La Douce,1963,140879,movie,
Iron Eagle,1986,14616,movie,
Iron Eagle 2,1988,7230,movie,
Iron Man,2008,141479,movie,
Iron Man 2,2010,175174,movie,
Iron Man 3,2013,433226,movie,
Iron Will,1994,2193039,movie,
Island in the Sky,1953,51511,movie,
It (2017),2017,858230,movie,
It Came from Beneath the Sea (Colorized Version),1955,32666,movie,
It Could Happen to You,1994,141459,movie,
"It's a Mad, Mad, Mad, Mad World",1963,22502,movie,
It's a Very Merry Muppet Christmas Movie,2002,35368,movie,
It's a Wonderful Life,1947,13151,movie,
It's a Wonderful Life (Colorized Version),1947,824425,movie,
It's a Wonderful Life (plus colorized version),,829916,movie,
It's Complicated,2009,168629,movie,
Jack Frost,1979,28936,movie,
Jack Reacher,2012,391846,movie,
Jack Reacher: Never Go Back,2016,791307,movie,
Jack Ryan: Shadow Recruit,2014,499477,movie,
Jackie Chan's Project A,1983,26109,movie,
Jackie Chan's Project A2,1987,518073,movie,
Jagged Edge,1985,15902,movie,
Jailhouse Rock,1957,9378,movie,
Jason and the Argonauts,1963,12980,movie,
Jason Bourne,2016,788290,movie,
Jaws,1975,5685,movie,
Jaws 2,1978,5094,movie,
Jaws 3,1983,5314,movie,
Jaws: The Revenge,1987,5315,movie,
Jerry & Marge Go Large,2022,2125987,movie,
Jerry Lewis 10-Movie Collection (Bundle),,1242700,movie,
Jesus Revolution,2023,2262311,movie,
Jet Li's Fearless,2006,5945,movie,
Jetsons: The Movie,1990,84616,movie,
Jexi,2019,1282900,movie,
Jimmy Neutron: Boy Genius,2001,26101,movie,
Jingle All the Way,1996,8402,movie,
Jingle All The Way 2,2014,611108,movie,
Joe,2014,511820,movie,
John Wick,2014,611565,movie,
John Wick: Chapter 2,2017,832476,movie,
John Wick: Chapter 3 - Parabellum,2019,1130535,movie,
John Wick: Chapter 4,2023,2278926,movie,
Joker,2019,1239254,movie,
Joker: Folie à Deux,2024,3324628,movie,
Jonah: A VeggieTales Movie,2002,31442,movie,
Jonah: The Musical,2017,875583,movie,
Journey (Bundle),,393467,movie,
Journey 2: The Mysterious Island,2012,298053,movie,
Journey to Bethlehem,2023,2747995,movie,
Journey to the Center of the Earth,2008,140141,movie,
Judas and the Black Messiah,2021,1686670,movie,
Judas Kiss,1999,3780773,movie,
Judge Dredd,1995,13122,movie,
Judgment at Nuremberg,1961,140887,movie,
Jumanji,1995,12428,movie,
Jumanji: The Next Level,2019,1304701,movie,
Jumanji: Welcome to the Jungle,2017,880680,movie,
Jumper,2008,133479,movie,
Jumping Jacks,1952,84997,movie,
Jungle 2 Jungle,1997,26292,movie,
Jungle Cruise,2021,1870322,movie,
Jupiter Ascending,2015,542012,movie,
Jurassic Park,1993,5052,movie,
Jurassic Park III,2001,5131,movie,
Jurassic World,2015,669913,movie,
Jurassic World Dominion,2022,2029022,movie,
Jurassic World Dominion - Extended Cut,2022,2153540,movie,
Jurassic World Rebirth,2025,4337565,movie,
Jurassic World: Fallen Kingdom,2018,915688,movie,
Jury Duty,1995,36953,movie,
Just Go with It,2011,184967,movie,
Just Married,2003,8112,movie,
Just Mercy,2020,1317631,movie,
Just One of the Guys,1985,38334,movie,
Justice League,2017,858270,movie,
Justice League: Warworld,,2392403,movie,
Karate Kid: Legends,2025,4271298,movie,
Kelly's Heroes,1970,9338,movie,
Key Largo,1948,9314,movie,
Kick-Ass,2010,173346,movie,
Kickboxer,1989,6556,movie,
Kidnapped,1960,85312,movie,
Kill Bill: Vol. 1,2003,37867,movie,
Kill Bill: Vol. 2,2004,41623,movie,
Kill Switch,2017,854802,movie,
Kimi,2022,2017738,movie,
Kindergarten Cop,1990,4753,movie,
King Cobra,1999,424104,movie,
King Creole,1958,15962,movie,
King Kong,1976,14414,movie,
King Kong,1933,10500,movie,
King Kong (Extended Edition),2005,5890,movie,
King Tweety,2022,2017339,movie,
Kingdom of the Planet of the Apes,2024,3140763,movie,
Kingsman: The Golden Circle,2017,864674,movie,
Kingsman: The Secret Service,2015,602512,movie,
Kiss the Girls,1997,13394,movie,
Kite,2014,573844,movie,
Knives Out,2019,1281725,movie,
Knocked Up (Unrated),2007,129070,movie,
Knowing,2009,161187,movie,
Kong: Skull Island,2017,832504,movie,
Kronk's New Groove,2005,56213,movie,
Krull,1983,20755,movie,
Kubo and the Two Strings,2016,795574,movie,
Kung Fu Panda,2008,197926,movie,
Kung Fu Panda 2,2011,185481,movie,
Kung Fu Panda 3,2016,741600,movie,
Kung Fu Panda 3 (plus bonus features),,768094,movie,
Kung Fu Panda 4,2024,3017601,movie,
La Bamba,1987,13777,movie,
Lady and the Tramp (The Walt Disney Signature Collection),1955,921845,movie,
Lady and the Tramp II: Scamp's Adventure,2001,19673,movie,
Lake Placid vs. Anaconda,2015,668020,movie,
Lakeview Terrace,2008,142033,movie,
Land of the Lost,2009,168161,movie,
Lara Croft Tomb Raider: The Cradle of Life,2003,36245,movie,
Lara Croft: Tomb Raider,2001,23594,movie,
Lara Croft: Tomb Raider Double Feature (Bundle),,716549,movie,
Last Action Hero,1993,12431,movie,
Last Knights,2015,656254,movie,
Last Shoot Out,2021,1901089,movie,
Laugh It Up Fuzzball: The Family Guy Trilogy: A Very Special Message from Darth Stewie (featurette),,731336,movie,
Laugh It Up Fuzzball: The Family Guy Trilogy: Drawing with Peter Shin  (featurette),,731340,movie,
"Laugh It Up Fuzzball: The Family Guy Trilogy: Something, Something, Something Darkside (featurette)",,731344,movie,
Law Abiding Citizen,2009,204697,movie,
Lawless,2012,364706,movie,
Lean on Me,1989,9153,movie,
Leap Year,2010,173118,movie,
Left Behind,2014,613209,movie,
Left Behind 2: Tribulation Force,2002,29111,movie,
Left Behind 3 Movie Collection (Bundle),,1120749,movie,
Left Behind: The Movie,2001,19611,movie,
Left Behind: World at War,2005,55295,movie,
Legally Blonde,2001,140920,movie,
"Legally Blonde 2: Red, White and Blonde",2003,36090,movie,
Legends of the Fall,1994,12434,movie,
LEGO Batman: The Movie - DC Super Heroes Unite,2013,422619,movie,
LEGO DC Comics Super Heroes: Justice League: Gotham City Breakout,2016,760346,movie,
LEGO DC Super Heroes: The Flash,2018,921324,movie,
LEGO Scooby-Doo: Haunted Hollywood,2016,757220,movie,
LEGO: DC - Justice League vs Bizarro League,2015,619099,movie,
LEGO: The Adventures of Clutch Powers,2010,175365,movie,
Lemony Snicket's A Series of Unfortunate Events,2004,47486,movie,
Lenny,1974,140924,movie,
Leroy and Stitch,2006,61545,movie,
Les Miserables,2012,401124,movie,
Lethal Weapon,1987,9038,movie,
Lethal Weapon 2,1989,9071,movie,
Lethal Weapon 3,1992,9086,movie,
Lethal Weapon 4,1998,9180,movie,
Lethal Weapon Collection (Bundle),,427696,movie,
Letters from Iwo Jima,2006,128176,movie,
Liar Liar,1997,4764,movie,
Licence to Kill,1989,14788,movie,
Lightyear,2022,2040850,movie,
"Like Father, Like Son",1987,39536,movie,
Lilo & Stitch,2025,4259245,movie,
Lilo & Stitch,2002,29410,movie,
Link,1986,3510590,movie,
Lions for Lambs,2007,809599,movie,
Little Fockers,2010,178840,movie,
Little Nicky,2000,21157,movie,
Little Nikita,1988,28226,movie,
Little Shop of Horrors,1986,9334,movie,
Live and Let Die,1973,15038,movie,
Live Die Repeat: Edge of Tomorrow,2014,538453,movie,
Live Free or Die Hard (Theatrical),2007,129015,movie,
Living It Up,1954,125091,movie,
Lock Up,1989,7008,movie,
Logan,2017,845874,movie,
London Has Fallen,2016,755094,movie,
Lone Survivor,2013,497068,movie,
Look Who's Talking,1989,12763,movie,
Looking Glass,2018,925220,movie,
Looney Tunes: Back in Action,2003,9981,movie,
Looney Tunes: Rabbit's Run,2015,667341,movie,
Looper,2012,371315,movie,
Lord of War,2005,6831,movie,
Lost Horizon,1937,13775,movie,
Lost in Space,1998,13306,movie,
Love Actually,2003,5481,movie,
Love Story,1970,21077,movie,
Luca,2021,1823046,movie,
Lucy,2014,552481,movie,
Lust for Gold,1949,46591,movie,
"Lyle, Lyle, Crocodile",2022,2141554,movie,
M3GAN 2.0,2025,4343571,movie,
M3GAN: Unrated,2023,2291234,movie,
Mad Max,1980,140305,movie,
Mad Max Beyond Thunderdome,1985,9072,movie,
Mad Max: Fury Road,2015,658400,movie,
Madagascar,2005,398587,movie,
Madagascar 3: Europe's Most Wanted,2012,351216,movie,
Madagascar: Escape 2 Africa,2008,221195,movie,
Madame Web,2024,3035129,movie,
Made,2001,7142,movie,
Made of Honor,2008,136275,movie,
Madea Goes to Jail,2009,145232,movie,
Madea's Big Happy Family,2011,194586,movie,
Madea's Family Reunion,2006,6881,movie,
Major League,1989,28283,movie,
Major Payne,1995,4914,movie,
Make Mine Music,1946,2696252,movie,
Maleficent,2014,536510,movie,
Maleficent: Mistress of Evil,2019,1247345,movie,
Man of Steel,2013,445380,movie,
Man of the West,1958,140430,movie,
Man on Fire,2004,8373,movie,
Maneater,2022,2045552,movie,
Marathon Man,1976,22640,movie,
March of the Penguins,2005,69689,movie,
Margin Call,2011,225629,movie,
Marley and Me,2008,143534,movie,
Marnie,1964,5027,movie,
Marry Me,2022,1985568,movie,
Mars Attacks!,1996,9039,movie,
Marty,1955,140442,movie,
Marvel's The Avengers,2012,249993,movie,
Mary Poppins,1964,12689,movie,
Mary Poppins Returns,2018,935668,movie,
Max Payne (Theatrical),2008,142515,movie,
Maximum Risk,1996,12947,movie,
Maze Runner: The Death Cure,2018,910352,movie,
Maze Runner: The Scorch Trials,2015,696307,movie,
"Me, Myself and Irene",2000,7770,movie,
Mean Girls,2004,42441,movie,
Meatballs,1979,14745,movie,
Meatballs Part II,1984,87881,movie,
Mechanic Resurrection,2016,784419,movie,
Meet Me in St. Louis,1944,9989,movie,
Meet the Fockers,2004,5658,movie,
Meet the Parents,2000,5923,movie,
Meet the Robinsons,2007,130834,movie,
Meg 2: The Trench,2023,2546135,movie,
Megamind,2010,191334,movie,
Melody Time,1948,2700563,movie,
Men in Black,1997,12443,movie,
Men in Black 3,2012,338203,movie,
Men in Black II,2002,29132,movie,
Men in Black: International,2019,1149423,movie,
Mercury Rising,1998,5021,movie,
Miami Vice (Unrated),2006,5928,movie,
Michael Clayton,2008,130501,movie,
Mickey & Friends 10 Classic Shorts - Volume 2,2023,2308560,movie,
Mickey & Minnie 10 Classic Shorts - Volume 1,2022,2244668,movie,
Mickey's Christmas Carol,1983,88179,movie,
Mickey's Magical Christmas: Snowed in at the House of Mouse,2001,22313,movie,
Mickey's Once Upon a Christmas,1999,14985,movie,
Mickey's Twice Upon a Christmas,2004,42988,movie,
"Mickey, Donald, Goofy: The Three Musketeers",2004,39833,movie,
Midnight Cowboy,1969,140476,movie,
Midnight Express,1978,13396,movie,
Midnight Run,1988,5307,movie,
Midway,2019,1282485,movie,
Migration,2023,2858786,movie,
Mildred Pierce,1945,9737,movie,
Million Dollar Baby,2004,10972,movie,
Million Dollar Duck,1971,46284,movie,
Minions,2015,675902,movie,
Minions: The Rise of Gru,2022,2060760,movie,
Minority Report,2002,29496,movie,
Miracle on 34th Street,1947,8922,movie,
Misery,1990,13584,movie,
Miss Congeniality,2000,10266,movie,
Miss Congeniality 2: Armed and Fabulous,2005,10383,movie,
Missing,2023,2199389,movie,
Mission: Impossible,1996,13463,movie,
Mission: Impossible - 6 Movie Collection (Bundle),,965735,movie,
Mission: Impossible - Dead Reckoning,2023,2489354,movie,
Mission: Impossible - Ghost Protocol,2011,214466,movie,
Mission: Impossible - Rogue Nation,2015,681083,movie,
Mission: Impossible - The Final Reckoning,2025,4224756,movie,
Mission: Impossible 2,2000,140072,movie,
Mission: Impossible 3,2006,64445,movie,
Mission: Impossible Fallout,2018,928404,movie,
Moana,2017,716359,movie,
Moana 2,2024,3324639,movie,
Modern Romance,1981,58198,movie,
Mom and Dad,2018,919891,movie,
Moms' Night Out,2014,561096,movie,
Money from Home,1954,127310,movie,
Money Train,1995,13144,movie,
Mongolian Death Worm,2010,306749,movie,
Monster House,2006,65293,movie,
Monster Trucks,2017,840677,movie,
Monsters University,2013,449002,movie,
Monsters vs. Aliens,2009,221199,movie,
"Monsters, Inc.",2001,25649,movie,
Moonfall,2022,1907659,movie,
MOONFALL / KNOWING DOUBLE FEATURE (Bundle),,1994134,movie,
Moonraker,1979,12612,movie,
Moonstruck,1987,140489,movie,
Morbius,2022,2012351,movie,
Morgan Freeman 3-Movie Collection (Bundle),,852981,movie,
Mortal Kombat,1995,12447,movie,
Moscow on the Hudson,1984,23994,movie,
Moses,2018,986148,movie,
MouseHunt,1997,13586,movie,
Mr. and Mrs. Smith (Theatrical),2005,8629,movie,
Mr. and Mrs. Smith (Unrated),2005,8806,movie,
Mr. Deeds Goes to Town,1936,15130,movie,
Mr. Holland's Opus,1995,14179,movie,
Mr. Peabody and Sherman,2014,513190,movie,
Mr. Popper's Penguins,2011,195886,movie,
Mr. Smith Goes to Washington,1939,15282,movie,
Mrs. Doubtfire,1993,8943,movie,
Mud,2013,448102,movie,
Mufasa: The Lion King,2024,4001984,movie,
Mulan,1998,134180,movie,
Mulan,2020,1385605,movie,
Muppet Treasure Island,1996,26162,movie,
Muppets from Space,1999,14693,movie,
Muppets Most Wanted,2014,514796,movie,
Murder by Death,1976,24061,movie,
Murder By Numbers,2002,9665,movie,
Murder on the Orient Express,2017,873423,movie,
Mutiny on the Bounty,1962,10889,movie,
My Big Fat Greek Wedding,2002,29830,movie,
My Big Fat Greek Wedding 2,2016,772058,movie,
My Big Fat Greek Wedding 3,2023,2610818,movie,
My Fair Lady,1964,1539167,movie,
My Girl,1991,12886,movie,
Mystic River,2003,10032,movie,
Nacho Libre,2006,64943,movie,
Nanny McPhee,2006,61402,movie,
Napoleon Dynamite,2004,8419,movie,
Nashville,1975,16153,movie,
Nate Bargatze: Full Time Magic,2015,667337,movie,
National Lampoon's Christmas Vacation,1989,9092,movie,
National Lampoon's Christmas Vacation 2: Cousin Eddie's Island Adventure,2003,9921,movie,
National Lampoon's Dirty Movie,2011,186863,movie,
National Lampoon's Van Wilder,2002,7267,movie,
National Treasure,2004,46635,movie,
National Treasure: Book of Secrets,2007,131000,movie,
Natural Born Killers (Director's Cut),1994,341714,movie,
Need For Speed,2014,514787,movie,
Neighbors,1981,89521,movie,
Nerve,2016,804091,movie,
Never Grow Old,2019,1072527,movie,
Nicholas Nickleby,2002,140506,movie,
Night at the Museum,2006,69866,movie,
Night at the Museum: Battle of the Smithsonian,2009,169645,movie,
Night at the Museum: Secret of the Tomb,2014,623156,movie,
Night Crossing,1982,37084,movie,
Night of the Creeps,1986,89825,movie,
No Country for Old Men,2007,130846,movie,
"No Deposit, No Return",1976,39981,movie,
No Time to Die,2021,1395777,movie,
NOAH,2019,1091641,movie,
Nobody 2,2025,4468619,movie,
Norm of the North,2016,735278,movie,
Norm of the North (plus bonus features),,762734,movie,
Nosferatu,1922,4304,movie,
Notting Hill,1999,5098,movie,
"Now You See Him, Now You Don't",1972,37073,movie,
Now You See Me (Extended Edition),2013,465219,movie,
Now You See Me 2,2016,761101,movie,
Now You See Me: Now You Don't,2025,4699395,movie,
"O Brother, Where Art Thou?",2000,134055,movie,
Ocean's 8,2018,921133,movie,
Ocean's Eleven,2001,10667,movie,
Ocean's Thirteen,2007,129214,movie,
Ocean's Trilogy (Bundle),,499651,movie,
Ocean's Twelve,2004,10256,movie,
Octopussy,1983,16648,movie,
Odds Against Tomorrow,1959,3061589,movie,
Of Mice and Men,1992,140516,movie,
Office Space,1999,8639,movie,
Old Yeller,1957,24448,movie,
Oliver and Company,1988,21125,movie,
Olympus Has Fallen,2013,452992,movie,
On Her Majesty's Secret Service,1969,15835,movie,
Once Upon a Time in the West,1968,35550,movie,
One Flew Over the Cuckoo's Nest,1975,9087,movie,
One Mile: Chapter One,2025,4863860,movie,
One Mile: Chapter Two,2025,4863867,movie,
Onward,2020,1368391,movie,
Open Season,2006,67675,movie,
Open Season 2,2009,142040,movie,
Open Season 3,2011,182253,movie,
Open Water,2004,6700,movie,
Open Water 2: Adrift,2006,68151,movie,
Operation Condor,1997,14234,movie,
Operation Condor 2: The Armour Of The Gods,1997,4919658,movie,
Operation Fortune: Ruse de guerre,2022,2009607,movie,
Oppenheimer,2023,2535279,movie,
Orca: The Killer Whale,1977,42331,movie,
Ordinary Angels,2024,2626157,movie,
Oscar,1991,30692,movie,
Our Brand Is Crisis,2015,715165,movie,
Out of Time,2003,37773,movie,
Outbreak,1995,9044,movie,
Outcast,2015,609982,movie,
Outlaws and Angels,2016,767850,movie,
Over the Hedge,2006,64438,movie,
Over the Top,1987,10283,movie,
Overboard,2018,921158,movie,
Pacific Rim,2013,454501,movie,
Pacific Rim (plus bonus features),,472544,movie,
Pacific Rim Uprising,2018,911840,movie,
Paddington,2015,630717,movie,
Paddington 2,2018,913455,movie,
Paddington in Peru,2025,4004893,movie,
Pal Joey,1957,14648,movie,
Pan's Labyrinth,2006,184504,movie,
Paper Moon,1973,34211,movie,
"Paradise, Hawaiian Style",1966,30666,movie,
Paranormal Activity (Theatrical),2009,169617,movie,
ParaNorman,2012,361975,movie,
Pardners,1956,1092191,movie,
Paris When It Sizzles,1964,21154,movie,
Passengers (2016),2016,822023,movie,
Pathfinder (Theatrical),2007,128195,movie,
Paths of Glory,1958,140527,movie,
Patriot Games,1992,13605,movie,
Patriots Day,2017,832516,movie,
Paul Blart: Mall Cop,2009,143315,movie,
Paulie,1998,13828,movie,
PAW Patrol: The Mighty Movie,2023,2553962,movie,
PAW Patrol: The Movie,2021,1865391,movie,
Paws of Fury: The Legend of Hank,2022,2054570,movie,
Pearl Harbor,2001,23368,movie,
Peggy Sue Got Married,1986,13137,movie,
Penguins of Madagascar,2014,615074,movie,
Penguins of Madagascar (plus bonus features),,624873,movie,
Percy Jackson and The Olympians: The Lightning Thief,2010,173332,movie,
Percy Jackson: Sea of Monsters,2013,464738,movie,
Pet Sematary (2019),2019,1089241,movie,
Pete's Dragon,1977,16256,movie,
Pete's Dragon,2016,777592,movie,
Peter Pan,1953,14649,movie,
Peter Pan (The Walt Disney Signature Collection),1953,946729,movie,
Peter Rabbit,2018,910370,movie,
Peter Rabbit 2,2021,1780563,movie,
Phineas and Ferb: The Movie: Across the 2nd Dimension,,2571313,movie,
Phone Booth,2003,8135,movie,
Picnic,1955,15452,movie,
Picture Perfect,1997,7723,movie,
Piece by Piece,2024,3599164,movie,
Pinocchio,2021,1632719,movie,
Pinocchio,1940,14650,movie,
Piranha 3D,2010,4161060,movie,
Piranha DD,2012,335061,movie,
Pirates of The Caribbean 5-Movie Collection (Bundle),,893852,movie,
Pirates of the Caribbean: At World's End,2007,130835,movie,
Pirates of the Caribbean: Dead Man's Chest,2006,65531,movie,
Pirates of the Caribbean: Dead Men Tell No Tales,2017,839756,movie,
Pirates of the Caribbean: On Stranger Tides,2011,186652,movie,
Pirates of the Caribbean: The Curse of the Black Pearl,2003,36564,movie,
Pitch Perfect,2012,372993,movie,
Pitch Perfect / Pitch Perfect 2 (Double Feature) (Bundle),,672960,movie,
Pitch Perfect 2,2015,658405,movie,
Pitch Perfect 2: Bonus Song (Performed by The Treblemakers) featurette,2015,696339,movie,
Pitch Perfect 2: Gag Reel (featurette),2015,696335,movie,
Pitch Perfect 3,2017,880688,movie,
Pixar Short Films Collection (Volume 1),2012,396374,movie,
Pixar Short Films Collection (Volume 2),2012,396378,movie,
Pixar Short Films Collection (Volume 3),2018,989455,movie,
Pixels,2015,677794,movie,
Plane,2023,2238188,movie,
Planes,2013,464757,movie,
"Planes, Trains and Automobiles",1987,16890,movie,
Planes: Fire and Rescue,2014,542017,movie,
Planet of the Apes,1968,8732,movie,
Playing With Fire,2019,1292754,movie,
Pocahontas,1995,15769,movie,
Pocketful of Miracles,1961,3061576,movie,
Pokémon Detective Pikachu,2019,1115208,movie,
Police Academy,1984,9110,movie,
Police Academy 2: Their First Assignment,1985,9978,movie,
Police Academy 3: Back in Training,1986,9973,movie,
Police Academy 4: Citizens on Patrol,1987,9977,movie,
Police Academy 5: Assignment Miami Beach,1988,9980,movie,
Police Academy 6: City Under Siege,1989,9974,movie,
Police Academy 7: Mission to Moscow,1994,9982,movie,
Pollyanna,1960,24449,movie,
Pooh's Heffalump Movie,2005,49502,movie,
Pork Chop Hill,1959,140626,movie,
Postcards from the Edge,1990,21003,movie,
Practical Magic,1998,9189,movie,
Precious,2009,168590,movie,
Predator,1987,8973,movie,
Predator 2,1990,8046,movie,
Predator: Badlands,2025,4785102,movie,
Predators,2010,176278,movie,
Premium Rush,2011,363517,movie,
Premonition,2007,570221,movie,
Pretty in Pink,1986,27031,movie,
Pretty Woman,1990,12954,movie,
Prey,2007,1917959,movie,
Primal,2019,1286141,movie,
Prime,2005,5819,movie,
Project Alf,1996,2273093,movie,
Project Hail Mary,2026,4929485,movie,
Prometheus,2012,351221,movie,
Prophecy,1979,24101,movie,
Proud Mary,2018,883891,movie,
Psycho,1960,4810,movie,
Pulp Fiction,1994,12957,movie,
Pumping Iron,1993,611860,movie,
Punchline,1988,24613,movie,
Purple Rain,1984,9048,movie,
Puss in Boots,2011,193929,movie,
Puss in Boots: The Last Wish,2022,2193244,movie,
Quantum of Solace,2008,369653,movie,
Quigley Down Under,1990,140637,movie,
Race to Witch Mountain,2009,162100,movie,
Radio Flyer,1992,43132,movie,
Raging Bull,1980,12454,movie,
Rain Man,1988,140300,movie,
Raise Your Voice,2004,45467,movie,
Ralph Breaks the Internet: Wreck-It Ralph 2,2018,935662,movie,
Rambo,2008,131213,movie,
Rambo 3,1988,7017,movie,
Rambo: 4-Film Collection (Bundle),,502519,movie,
Rambo: First Blood,1982,7572,movie,
Rambo: First Blood Part 2,1985,7019,movie,
Rambo: Last Blood,2019,1237487,movie,
Rampage,2018,911888,movie,
Random Hearts,1999,15425,movie,
Rango,2011,178775,movie,
Ratatouille,2007,130841,movie,
Rawhead Rex,1987,14565,movie,
Ray,2004,5854,movie,
Raya and the Last Dragon,2021,1696379,movie,
Razortooth,2009,145235,movie,
Ready Player One,2018,918326,movie,
Reagan (2024),2024,3549669,movie,
Real Genius,1985,26354,movie,
Real Murders: An Aurora Teagarden Mystery,2015,784015,movie,
Rear Window,1954,5086,movie,
Reasonable Doubt,2014,473971,movie,
Rebecca of Sunnybrook Farm,1938,8633,movie,
Rebel Without a Cause,1955,9049,movie,
Recess: School's Out,2001,22323,movie,
RED,2010,178821,movie,
RED / RED 2 Double Feature (Bundle),,492336,movie,
RED 2,2013,456774,movie,
Red Heat,1988,6983,movie,
Red One,2024,3948781,movie,
Red River,1948,140650,movie,
Redemption,2013,437491,movie,
Regretting You,2025,4552164,movie,
Remember the Titans,2000,20780,movie,
Rendition,2007,130257,movie,
Rental Family,2025,4811998,movie,
Replicas,2019,1055414,movie,
Requiem for a Heavyweight,1962,25790,movie,
Resident Evil: Apocalypse,2004,129113,movie,
Resident Evil: Death Island,2023,2489618,movie,
Resident Evil: Extinction,2007,129061,movie,
Resident Evil: Vendetta,2017,868506,movie,
Retribution,2023,2466149,movie,
Return From Witch Mountain,1978,34545,movie,
Revolutionary Road,2008,162217,movie,
Rhubarb,1951,439190,movie,
Richie Rich,1994,10199,movie,
Riddick (Unrated),2013,497684,movie,
Ride Along,2014,499494,movie,
Ride Along 2,2016,735256,movie,
Ride Along 2: Deleted Scenes (featurette),2016,757236,movie,
Ride Along 2: Gag Reel (featurette),2016,757232,movie,
Ride Lonesome,1959,430347,movie,
Righteous Kill,2008,194277,movie,
Rio,2011,178719,movie,
Rio 2,2014,524900,movie,
Rise of the Guardians,2012,391856,movie,
Rise of the Planet of the Apes,2011,197950,movie,
Risen,2016,740202,movie,
Risky Business,1983,9112,movie,
Robin and Marian,1976,27813,movie,
Robin Hood,1973,16044,movie,
Robin Hood (Theatrical),2010,176258,movie,
Robin Hood: Prince of Thieves,1991,9052,movie,
Robocop,1987,140309,movie,
Robots,2005,8593,movie,
Rock Dog,2017,850510,movie,
Rock Dog 2: Rock Around the Park,2021,1730691,movie,
Rock of Ages,2012,351226,movie,
Rock-a-Bye Baby,1958,1092205,movie,
Rocket Gibraltar,1988,35177,movie,
Rocketman,2019,1128884,movie,
Rocky,1976,140315,movie,
Rocky Balboa,2006,69112,movie,
Rocky II,1979,140317,movie,
Rocky III,1982,140319,movie,
Rocky IV,1985,140323,movie,
Rocky V,1990,140325,movie,
Rogue,2008,1753627,movie,
Rogue One: A Star Wars Story,2016,765953,movie,
Roman Holiday,1953,28986,movie,
Ronin,1998,140327,movie,
Rope,1948,5083,movie,
Rosemary's Baby,1968,16658,movie,
Roustabout,1964,15963,movie,
Rudolph and Frosty's Christmas in July,1979,10126,movie,
Rudolph The Red Nosed Reindeer,1965,826807,movie,
Rudolph's Shiny New Year,1976,93690,movie,
Rudy,1993,16412,movie,
Rugrats Go Wild,2003,36277,movie,
Rugrats in Paris: The Movie,2000,20965,movie,
Rules of Engagement,2000,16735,movie,
Runaway Bride,1999,15215,movie,
Running With Speed,2023,2197086,movie,
Rush Hour,1998,13622,movie,
Rush Hour 1-3 Collection (Bundle),,427758,movie,
Rush Hour 2,2001,23998,movie,
Rush Hour 3,2007,129043,movie,
RV,2006,63439,movie,
S.W.A.T.,2003,37340,movie,
Saboteur,1942,5087,movie,
Sabrina (1954),1954,21162,movie,
Safe,2012,329397,movie,
Safe House,2012,298058,movie,
Sailor Beware,1952,1088894,movie,
Salt,2010,172480,movie,
Salute of the Jugger,1990,6560,movie,
San Andreas,2015,659736,movie,
Sands of Iwo Jima,1950,13236,movie,
Santa Claus is Comin' to Town,1970,265165,movie,
Santa Clause 2,2002,33116,movie,
Saturday Night,2024,3641873,movie,
Saturday Night Fever,2013,28056,movie,
Savannah Smiles (Remastered),1982,1211898,movie,
Saved by the Bell: Hawaiian Style,1992,1172667,movie,
Saved By The Bell: Season 1,1989,499446,movie,
Saved By The Bell: Season 2,1990,499499,movie,
Saved By The Bell: Season 3,1990,499527,movie,
Saved By The Bell: Season 4,1991,499567,movie,
Saved By The Bell: Season 5,1992,499783,movie,
Saved By The Bell: The College Years: Season 1,1993,499809,movie,
Saved by the Bell: Wedding in Las Vegas,1994,1173358,movie,
Saving Mr. Banks,2013,493856,movie,
Saving Private Ryan,1998,14733,movie,
Scared Stiff,1953,94123,movie,
Schindler's List,1993,5436,movie,
School Daze,1988,19840,movie,
School for Scoundrels,2006,1722687,movie,
School for Scoundrels,1960,68958,movie,
School of Rock,2003,38753,movie,
Scoob!,2020,1409305,movie,
Scooby-Doo,2002,10662,movie,
Scooby-Doo 2: Monsters Unleashed,2004,10345,movie,
Scooby-Doo! & Batman: The Brave and the Bold,2018,922281,movie,
Scooby-Doo! And the Curse of the 13th Ghost,2019,1001973,movie,
Scooby-Doo! and the Gourmet Ghost,2018,973120,movie,
Scooby-Doo! Movies 2-Pack (Bundle),,489225,movie,
Scooby-Doo! The Sword and the Scoob,2021,1546819,movie,
Scooby-Doo: Return to Zombie Island,2019,1159765,movie,
Scrooged,1988,14735,movie,
Searching,2018,987407,movie,
Secret Window,2004,41017,movie,
Seeking Justice,2012,311459,movie,
Selena,1997,9121,movie,
Selma,2015,629686,movie,
Send Help,2026,4916697,movie,
Separate Tables,1958,140793,movie,
5-Sep,2025,3886038,movie,
Set Up,2011,207826,movie,
Seven,1995,12463,movie,
Seven Brides for Seven Brothers,1954,10131,movie,
Seven Pounds,2008,142071,movie,
Shadow of a Doubt,1943,5082,movie,
Shake Hands With the Devil,1959,3061592,movie,
Shakedown,1988,5520,movie,
Shallow Hal,2001,7936,movie,
Shampoo,1975,30593,movie,
Shang-Chi and the Legend of the Ten Rings,2021,1907624,movie,
Shark Tale,2004,398591,movie,
Sharktopus,2010,191689,movie,
Shazam!,2019,1094591,movie,
Shazam! Fury of the Gods,2023,2298488,movie,
She's All That,1999,14165,movie,
She's Out of My League,2010,175807,movie,
She's the Man,2006,62480,movie,
Sherlock Holmes,2009,168098,movie,
Sherlock Holmes and the Hound of the Baskervilles,1939,1642661,movie,
Sherlock Holmes and the House of Fear,1945,1642655,movie,
Sherlock Holmes and the Pearl of Death,1944,1642640,movie,
Sherlock Holmes and the Scarlet Claw,1944,1642643,movie,
Sherlock Holmes and the Secret Weapon,1942,1642665,movie,
Sherlock Holmes and the Spider Woman,1943,1547935,movie,
Sherlock Holmes and the Voice of Terror,1942,1642646,movie,
Sherlock Holmes and The Woman in Green,1945,1548020,movie,
Sherlock Holmes Faces Death,1943,1642649,movie,
Sherlock Holmes in Dressed to Kill,1946,1642652,movie,
Sherlock Holmes In Terror by Night,1946,1617379,movie,
Sherlock Holmes in Washington,1943,1642658,movie,
Sherlock Holmes: A Game of Shadows,2011,278369,movie,
Shin Godzilla (English Language Version),2016,878459,movie,
Shivers,1998,601745,movie,
Short Circuit,1986,2621,movie,
Short Circuit 2,1988,22216,movie,
Show Boat,1951,9376,movie,
Shrek,2001,23219,movie,
Shrek 2,2004,398580,movie,
Shrek Forever After,2010,184285,movie,
Shrek the Third,2007,221212,movie,
Shutter Island,2010,168103,movie,
Signs,2002,30267,movie,
Sing,2016,836320,movie,
Sing 2,2021,1975373,movie,
Singin' in the Rain,1952,9380,movie,
Single White Female,1992,12765,movie,
Sinners,2025,4020075,movie,
Sister Act,1992,22330,movie,
Sister Act 2: Back in the Habit,1993,14250,movie,
Sisu,2023,2319939,movie,
Sixteen Candles,1984,5256,movie,
Skillet: Comatose Comes Alive,2023,2410977,movie,
Skyfall,2012,363038,movie,
Sleeping Beauty (Signature Edition),1959,1216782,movie,
Sleeping With the Enemy,1991,8144,movie,
Smallfoot,2018,913449,movie,
Smile,2022,2113167,movie,
Smokin' Aces,2007,70355,movie,
Smurfs,2025,4314741,movie,
Smurfs: The Lost Village,2017,839744,movie,
Snake Eyes: G.I. Joe Origins,2021,1829322,movie,
Sneakers,1992,5310,movie,
Sneaks,2025,4097248,movie,
Snitch,2013,414439,movie,
Snow White and the Huntsman,2012,351206,movie,
Snow White and the Seven Dwarfs,1937,22755,movie,
Snowden,2016,735227,movie,
So Dear to My Heart,1948,21121,movie,
So I Married an Axe Murderer,1993,14251,movie,
Solar Crisis,1990,6187,movie,
Solo: A Star Wars Story,2018,928320,movie,
Some Like It Hot,1959,140836,movie,
Son of Flubber,1963,37076,movie,
Son of God,2014,502765,movie,
Son-In-Law,1993,14252,movie,
Sonic the Hedgehog,2020,1356893,movie,
Sonic the Hedgehog 2,2022,2010680,movie,
Sonic the Hedgehog 3,2024,3780139,movie,
Soul,2020,1660057,movie,
Soul Men,2008,143801,movie,
Soul on Fire,2025,4688172,movie,
Soul Surfer,2011,197383,movie,
Sound of Freedom,2023,2422094,movie,
Source Code,2011,186667,movie,
Space Jam,1996,9055,movie,
Space Jam: A New Legacy,2021,1729927,movie,
Spaceballs,1987,140845,movie,
Spaceballs: The Totally Warped Adventures,2009,173407,movie,
Spectre,2015,693729,movie,
Speed,1994,8442,movie,
Speed 2: Cruise Control,1997,8659,movie,
Spider-Man,2002,129111,movie,
Spider-Man 2,2004,129112,movie,
Spider-Man 3,2007,128890,movie,
Spider-Man: Across the Spider-Verse,2023,2407583,movie,
Spider-Man: Far From Home,2019,1158857,movie,
Spider-Man: Homecoming,2017,851335,movie,
Spider-Man: Into the Spider-Verse,2018,918488,movie,
Spider-Man: No Way Home,2021,1959199,movie,
Spiral: From the Book of Saw,2021,1731768,movie,
Split,2017,853395,movie,
Spring Break,1983,95948,movie,
Spy Kids,2001,298460,movie,
St. Elmo's Fire,1985,23877,movie,
Stalag 17,1953,14911,movie,
Star Trek,2009,172148,movie,
Star Trek 2: The Wrath of Khan (Theatrical),1982,16150,movie,
Star Trek 3-Movie Collection Bundle (plus bonus content),,784272,movie,
Star Trek 3: The Search for Spock,1984,15649,movie,
Star Trek 4: The Voyage Home,1986,14817,movie,
Star Trek 5: The Final Frontier,1989,13927,movie,
Star Trek 6: The Undiscovered Country (Theatrical),1991,13634,movie,
Star Trek Beyond,2016,767206,movie,
Star Trek Into Darkness,2013,440625,movie,
Star Trek: 1-10 Collection (Bundle),,468941,movie,
Star Trek: Deleted Scenes (featurette),,576091,movie,
Star Trek: First Contact,1996,13128,movie,
Star Trek: Gag Reel (featurette),,576095,movie,
Star Trek: Generations,1994,13635,movie,
Star Trek: Insurrection,1998,14093,movie,
Star Trek: Into Darkness - Deleted Scenes (featurette),,576103,movie,
Star Trek: Into Darkness - Gag Reel (featurette),,576107,movie,
Star Trek: Into Darkness - Select Featurettes,,576099,movie,
Star Trek: Nemesis,2002,32680,movie,
Star Trek: Select Featurettes,,576087,movie,
Star Trek: The Motion Picture (Director's Edition),1979,180823,movie,
Star Wars: A New Hope,1977,8845,movie,
Star Wars: Attack of the Clones,2002,7995,movie,
Star Wars: Return of the Jedi,1983,8849,movie,
Star Wars: Revenge of the Sith,2005,8618,movie,
Star Wars: The Digital Six film Collection (Bundle) plus bonus features,,656496,movie,
Star Wars: The Empire Strikes Back,1980,8847,movie,
Star Wars: The Force Awakens,2015,659626,movie,
Star Wars: The Force Awakens (plus bonus features),,737347,movie,
Star Wars: The Last Jedi,2017,862900,movie,
Star Wars: The Phantom Menace,1999,7998,movie,
Star Wars: The Rise of Skywalker,2019,1310704,movie,
Starship Troopers,1997,12888,movie,
Starship Troopers 2: Hero of the Federation,2004,40405,movie,
Starship Troopers 3: Marauder,2008,132328,movie,
State Fair,1945,8621,movie,
Stealth,2005,56279,movie,
Stella Dallas,1937,4711685,movie,
Stepmom,1998,14094,movie,
Stir of Echoes,1999,7047,movie,
Stitch! The Movie,2003,33124,movie,
Stonehenge Apocalypse,2010,187330,movie,
Storks,2016,784456,movie,
Straight Outta Nowhere: Scooby-Doo Meets Courage the Cowardly Dog,2021,1828743,movie,
Strange World,2022,2213778,movie,
Striking Distance,1993,13088,movie,
Stripes,1981,13413,movie,
Sudden Death,1995,4758,movie,
"Suddenly, Last Summer",1959,16530,movie,
Suicide Squad,2016,747819,movie,
Suicide Squad (Extended Cut),2016,817178,movie,
Sully,2016,791247,movie,
Sunday Bloody Sunday,1971,140901,movie,
Sunset Boulevard,1950,28985,movie,
Super 8,2011,178784,movie,
Super Storm,2012,451249,movie,
Supercell,2023,2223229,movie,
Supergirl,1984,10928,movie,
Superman (2025),2025,4349896,movie,
Superman II: The Richard Donner Cut,2006,65953,movie,
Superman III,1983,9468,movie,
Superman IV: The Quest for Peace,1987,9469,movie,
Superman Returns,2006,10943,movie,
Superman: The Movie,1978,9467,movie,
Surf School,2006,128968,movie,
Sweeney Todd: The Demon Barber of Fleet Street,2007,132110,movie,
Sweet Home Alabama,2002,132073,movie,
Swiss Family Robinson,1960,24443,movie,
Tag,2018,958545,movie,
Taken (Theatrical),2009,144858,movie,
Tangled,2010,178879,movie,
Tango and Cash,1989,9104,movie,
Tarzan (1999),1999,15221,movie,
Tarzan 2,2005,47876,movie,
Teenage Mutant Ninja Turtles,1990,12592,movie,
Teenage Mutant Ninja Turtles,2014,552496,movie,
Teenage Mutant Ninja Turtles 3,1993,27598,movie,
Teenage Mutant Ninja Turtles II: The Secret of the Ooze,1991,27602,movie,
Teenage Mutant Ninja Turtles: Mutant Mayhem,2023,2489365,movie,
Teenage Mutant Ninja Turtles: Out of the Shadows,2016,772234,movie,
Tenet,2020,1493460,movie,
Terminator 2 (Special Edition) Extended,1991,663793,movie,
Terminator 3: Rise of the Machines,2003,10898,movie,
Terminator: Dark Fate,2019,1271267,movie,
Terminator: Genisys,2015,673638,movie,
Terms of Endearment,1983,20369,movie,
Thank God It's Friday,1978,59667,movie,
The 15:17 to Paris,2018,918217,movie,
"The 5,000 Fingers of Dr. T",1953,20920,movie,
The 5th Wave (plus bonus content),,765095,movie,
The 6th Day,2000,20636,movie,
The 7th Voyage of Sinbad,1958,14768,movie,
The Absent-Minded Professor,1961,30677,movie,
The Accidental Spy,2004,24265,movie,
The Accountant,2016,791289,movie,
The Addams Family,1991,15429,movie,
The Addams Family (2019),2019,1244924,movie,
The Addams Family 2,2021,1912968,movie,
The Adventures of Baron Munchausen,1989,12901,movie,
The Adventures of Elmo in Grouchland,1999,15126,movie,
The Adventures of Ichabod and Mr. Toad,1949,16257,movie,
The Adventures of Milo and Otis,1989,14537,movie,
The Adventures of Robin Hood,1938,10900,movie,
The Adventures of Sherlock Holmes,1939,1642634,movie,
The Adventures of Tintin,2011,197936,movie,
The Age of Innocence,1993,23657,movie,
The Amazing Spider-Man,2012,211850,movie,
The Amazing Spider-Man 2,2014,531075,movie,
The Ambushers,1967,71430,movie,
The American President,1995,9176,movie,
The Angry Birds Movie,2016,761022,movie,
The Angry Birds Movie 2,2019,1199448,movie,
The Apartment,1960,140372,movie,
The Apple Dumpling Gang,1975,34487,movie,
The Apple Dumpling Gang Rides Again,1979,30668,movie,
The Aristocats,1970,134179,movie,
The Awful Truth,1937,31506,movie,
The Bad Guys,2022,2011584,movie,
The Bad Guys 2,2025,4428990,movie,
The Bank Job,2008,134296,movie,
The Barefoot Executive,1971,46274,movie,
The Batman,2022,2008348,movie,
The Bay,2012,374600,movie,
The Beekeeper,2024,2878322,movie,
The Bellboy,1960,42927,movie,
The Best Christmas Pageant Ever,2024,3752808,movie,
The Best Years of Our Lives,1946,12730,movie,
The BFG,2016,782623,movie,
The Big Chill,1983,13501,movie,
The Big Country,1958,140429,movie,
The Big Easy,1987,6132,movie,
The Big Heat,1953,24251,movie,
The Big Short,2015,730488,movie,
The Birdcage,1996,140432,movie,
The Birds,1963,5006,movie,
The Bishop's Wife,1947,12637,movie,
The Black Cauldron,1985,16251,movie,
The Black Demon,2023,2374609,movie,
The Black Hole,1979,13829,movie,
The Black Phone,2022,2040357,movie,
The Blind,2023,2564960,movie,
The Blind Side,2009,168614,movie,
The Blob,1988,22523,movie,
The Blood Beast Terror,1967,376867,movie,
The Bodyguard,1992,10642,movie,
The Boss Baby,2017,839736,movie,
The Bourne Identity,2002,5710,movie,
The Bourne Legacy,2012,358095,movie,
The Bourne Supremacy,2004,5771,movie,
The Bourne Ultimate Collection (Bundle),,788294,movie,
The Bourne Ultimatum,2007,129072,movie,
The Boxtrolls,2014,577591,movie,
The Break-Up,2006,5896,movie,
The Bridges of Madison County,1995,9013,movie,
The Brothers Grimm,2005,141255,movie,
The Bucket List,2008,132098,movie,
The Butterfly Effect,2004,40814,movie,
The Cabinet of Dr. Caligari [Restored],1919,11060,movie,
The Cable Guy,1996,12406,movie,
The Caine Mutiny,1954,13174,movie,
The Call,2013,417443,movie,
The Case for Christ,2017,876937,movie,
The Cat From Outer Space,1978,14053,movie,
The Cheap Detective,1978,23883,movie,
The China Syndrome,1979,14055,movie,
The Chronicles of Narnia: Prince Caspian,2008,141254,movie,
"The Chronicles of Narnia: The Lion, the Witch and the Wardrobe",2005,141253,movie,
The Chronicles of Narnia: The Voyage of the Dawn Treader,2010,178724,movie,
The Circle,2017,850514,movie,
The Client,1994,9017,movie,
The Cold Light of Day,2012,386486,movie,
The Color Purple,2023,2784028,movie,
The Color Purple,1985,9733,movie,
The Commuter,2018,908881,movie,
The Computer Wore Tennis Shoes,1969,30661,movie,
The Conjuring,2013,456779,movie,
The Core,2003,35258,movie,
The Cotton Club Encore,2019,1293795,movie,
The Country Bears,2002,29542,movie,
The Courier,2021,1655567,movie,
The Court Jester,1956,13958,movie,
The Craft,1996,12408,movie,
The Croods,2013,418556,movie,
The Croods: A New Age,2020,1569785,movie,
The Curious Case of Benjamin Button,2008,145256,movie,
The Cutting Edge,1992,19704,movie,
The Da Vinci Code,2006,64922,movie,
The Dark Crystal,1982,136283,movie,
The Dark Knight,2009,141389,movie,
The Dark Knight Rises,2012,211931,movie,
The Darkest Hour,2011,216620,movie,
The Day the Earth Blew Up: A Looney Tunes Movie,2025,4097127,movie,
The Death of Superman,2018,957140,movie,
The Deep,1977,13322,movie,
The Defiant Ones,1958,140681,movie,
The Departed,2006,68754,movie,
The Descent,2006,670925,movie,
The Disorderly Orderly,1964,42945,movie,
The Divergent Series: Allegiant,2016,744530,movie,
The Divergent Series: Allegiant (plus bonus features),,759160,movie,
The Divergent Series: Insurgent,2015,650444,movie,
The Duel,2016,774645,movie,
The Dukes of Hazzard,2005,10839,movie,
The Eiger Sanction,1975,4890,movie,
The Emperor's New Groove,2000,130830,movie,
The Equalizer,2014,575333,movie,
The Exorcist,1973,9188,movie,
The Expendables,2010,176831,movie,
"The Expendables 1, 2 & 3 (Bundle)",,1459475,movie,
The Expendables 2,2012,361985,movie,
The Expendables 3,2014,554797,movie,
The Expendables 4,2023,2601742,movie,
The Fall Guy,2024,3140387,movie,
The Family Jewels,1965,42939,movie,
The Family Man,2000,5101,movie,
The Fantastic Four: First Steps,2025,4503176,movie,
The Fast and the Furious,2001,5888,movie,
The Fast and the Furious: Tokyo Drift,2006,5897,movie,
The Fate of the Furious (Extended Director's Cut),2017,874754,movie,
The Fifth Wave,2016,730455,movie,
The Fighter,2010,181784,movie,
The Fighting Seabees,1944,15882,movie,
The Firm,1993,140076,movie,
The First Wives Club,1996,13546,movie,
The Five-Year Engagement (Unrated),2012,360631,movie,
The Flash,2023,2446739,movie,
The Flood,2023,2334228,movie,
The Fog,2005,58462,movie,
The Forbidden Kingdom,2008,141368,movie,
The Forge,2024,3549521,movie,
The Fortune Cookie,1966,3061598,movie,
The Founder,2017,854693,movie,
The Fox and the Hound,1981,15743,movie,
The Freshman,1990,12986,movie,
The Frozen Ground,2013,451692,movie,
The Fugitive,1993,9029,movie,
The Gallant Hours,1960,140749,movie,
The Garfield Movie (2024),2024,3143875,movie,
The Ghost and the Darkness,1996,13474,movie,
The Girl in the Spider's Web,2018,1002148,movie,
The Gnome-Mobile,1967,37085,movie,
The Golden Compass,2007,130827,movie,
The Golden Voyage of Sinbad,1974,15932,movie,
The Good Dinosaur,2015,728573,movie,
The Goonies,1985,10619,movie,
The Great Escape,1963,140762,movie,
The Great Mouse Detective,1986,25411,movie,
The Great Muppet Caper,1981,21852,movie,
The Greatest Show on Earth,1952,39064,movie,
The Greatest Showman,2017,881533,movie,
The Green Mile,1999,9368,movie,
The Grey,2012,331547,movie,
The Group,1966,140766,movie,
The Hand That Rocks the Cradle,1992,13484,movie,
The Hangover (Theatrical),2009,169585,movie,
The Happiest Millionaire,1967,14281,movie,
The Haunted Mansion,2003,38937,movie,
The Heat,2013,451165,movie,
The High and the Mighty,1954,51538,movie,
The High Note,2020,1441444,movie,
The Hitchhiker's Guide to the Galaxy,2005,53120,movie,
The Hitman's Bodyguard,2017,884936,movie,
The Hitman's Bodyguard / The Hitman's Wife's Bodyguard 2 Film (Bundle),,1784798,movie,
The Hitman's Wife's Bodyguard,2021,1784794,movie,
The Hobbit,1978,9513,movie,
The Hobbit Extended Edition Trilogy: 3 Movie Collection plus bonus features (Bundle),,714499,movie,
The Hobbit: An Unexpected Journey,2012,395761,movie,
The Hobbit: An Unexpected Journey (Extended Edition),2012,481445,movie,
The Hobbit: The Battle of the Five Armies,2014,620710,movie,
The Hobbit: The Battle of the Five Armies (Extended Edition),2014,709698,movie,
The Hobbit: The Desolation of Smaug,2013,493861,movie,
The Hobbit: The Desolation of Smaug (Extended Edition),2013,594300,movie,
The Homesman,2014,613823,movie,
The Hospital,1971,140817,movie,
The Hulk,2003,5914,movie,
The Hunchback of Notre Dame,1996,134182,movie,
The Hunger Games,2012,311469,movie,
The Hunger Games: Catching Fire,2013,489599,movie,
The Hunger Games: Mockingjay (Part 1),2014,607408,movie,
The Hunger Games: Mockingjay (Part 2),2015,720333,movie,
The Hunger Games: Mockingjay (Part 2) (plus bonus content),,729415,movie,
The Hunger Games: The Ballad of Songbirds & Snakes,2023,2700037,movie,
The Hunt,2020,1392859,movie,
The Hunt for Red October,1990,13477,movie,
The Hurt Locker,2009,174689,movie,
The Hustle,2019,1089096,movie,
The Immigrant,2014,643804,movie,
The Impossible,2013,396337,movie,
The Incredible Hulk,2008,140473,movie,
The Incredible Journey,1963,83795,movie,
The Incredible Mr. Limpet,1964,9697,movie,
The Incredibles,2004,46524,movie,
The Iron Giant,1999,9281,movie,
The Island,2005,57226,movie,
The James Bond Ultimate Collection (Bundle),,807664,movie,
The Jesus Music,2021,1901092,movie,
The Journey of Natty Gann,1985,26115,movie,
The Julius House: An Aurora Teagarden Mystery,,1617394,movie,
The Jungle Book,1967,503206,movie,
The Jungle Book (2016),2016,744535,movie,
The Karate Kid,2010,175189,movie,
The Karate Kid,1984,12876,movie,
The Karate Kid 3-Movie Collection (Bundle),,1101122,movie,
The Karate Kid Part II,1986,21847,movie,
The Karate Kid Part III,1989,21849,movie,
The Kentuckian,1955,140888,movie,
The Kid,2019,1129056,movie,
The Killing,1956,3061601,movie,
The King of Kings,2025,4285748,movie,
The King's Man,2021,1281743,movie,
The King's Speech,2011,193921,movie,
The Kite Runner,2007,132112,movie,
The Ladies Man,1961,42930,movie,
The Lady from Shanghai,1948,16450,movie,
The Lake House,2006,10927,movie,
The Last Detail,1973,14769,movie,
The Last Dragon,1985,21792,movie,
The Last Full Measure,2020,1343563,movie,
The Last Stand,2013,406921,movie,
The Last Waltz,1978,140915,movie,
The League of Extraordinary Gentlemen,2003,8934,movie,
The Legend of Frosty the Snowman,2005,827728,movie,
The Legend of Zorro,2005,58584,movie,
The LEGO Batman Movie,2017,832480,movie,
The LEGO Movie,2014,507621,movie,
The LEGO Movie (plus bonus features),,535968,movie,
The LEGO Movie 2: The Second Part,2019,1062173,movie,
The LEGO NINJAGO Movie,2017,852310,movie,
The Lincoln Lawyer,2011,185466,movie,
The Lion King,2019,1172321,movie,
The Lion King,1994,33021,movie,
The Lion King 1 1/2,2004,37128,movie,
The Lion King 2: Simba's Pride,1998,14642,movie,
The Little Colonel,1935,8714,movie,
The Little Foxes (1941),1941,1468776,movie,
The Little Mermaid,1989,14643,movie,
The Little Mermaid (2023),2023,2429598,movie,
The Little Mermaid 2: Return to the Sea,2000,16249,movie,
The Littlest Rebel,1935,8715,movie,
The Living Daylights,1987,16647,movie,
The Lone Ranger,2013,452770,movie,
The Long Goodbye,1973,140391,movie,
The Long Riders,1980,913605,movie,
The Long Walk,2025,4500171,movie,
The Longest Yard (1974),1974,20178,movie,
"The Looney, Looney, Looney Bugs Bunny Movie",1981,86819,movie,
The Lord of the Rings,1978,9511,movie,
The Lord of the Rings: The Fellowship of the Ring,2001,26084,movie,
The Lord of the Rings: The Fellowship of the Ring (Extended Edition),2002,201679,movie,
The Lord of the Rings: The Return of the King,2003,40326,movie,
The Lord of the Rings: The Return of the King (Extended Edition),2004,201683,movie,
The Lord of the Rings: The Two Towers (Extended Edition),2003,201681,movie,
The Lost City,2022,2005465,movie,
The Lost World: Jurassic Park,1997,5064,movie,
The Love Bug,1969,33969,movie,
The Lovely Bones,2010,168123,movie,
The Maltese Falcon,1941,9319,movie,
The Man Called Flintstone,1966,10151,movie,
The Man from Laramie,1955,15127,movie,
The Man From U.N.C.L.E.,2015,682879,movie,
The Man in the Iron Mask,1998,140421,movie,
The Man in the Moon,1991,140423,movie,
The Man Who Knew Too Much,1956,5081,movie,
The Man Who Loved Women,1983,24440,movie,
The Man Who Shot Liberty Valance,1962,140078,movie,
The Man with Nine Lives,1940,54458,movie,
The Man with the Golden Gun,1974,15834,movie,
The Man With the Iron Fists,2012,384784,movie,
The Many Adventures of Winnie the Pooh,1977,128832,movie,
The Marine (Unrated),2006,161269,movie,
The Marine 2,2009,172178,movie,
The Marine 3: Homefront,2013,414814,movie,
The Marine 4: Moving Target,2015,652670,movie,
The Martian,2015,704656,movie,
The Martian (Extended Edition),2015,771391,movie,
The Marvels,2023,2859521,movie,
The Mask,1994,12441,movie,
The Mask of Zorro,1998,13473,movie,
The Matrix,1999,9254,movie,
The Matrix Reloaded,2003,10678,movie,
The Matrix Resurrections,2021,1907631,movie,
The Matrix Revolutions,2003,9986,movie,
The Maze Runner,2014,573724,movie,
The Maze Runner: The Scorch Trials (plus bonus features),,707880,movie,
The Maze Runner: The Scorch Trials - Deleted and Extended Scenes (featurette),2015,728581,movie,
The Maze Runner: The Scorch Trials - Gag Reel (featurette),2015,728589,movie,
The Maze Runner: The Scorch Trials - Jasons Report (featurette),2015,728577,movie,
The Maze Runner: The Scorch Trials - Secrets of the Scorch (featurette),2015,728585,movie,
The Maze Runner: The Scorch Trials - Visual Effects (featurette),2015,728593,movie,
The Mechanic,2011,185654,movie,
The Meg,2018,973726,movie,
The Mexican,2001,22492,movie,
The Midnight Meat Train (Theatrical),2008,172985,movie,
The Ministry of Ungentlemanly Warfare,2024,3101060,movie,
The Miracle Worker,1962,140479,movie,
The Misfits,1961,140480,movie,
The Mist,2007,397877,movie,
The Money Pit,1986,5275,movie,
The Monkey's Uncle,1965,88537,movie,
The Monuments Men,2013,495435,movie,
The More the Merrier,1943,43583,movie,
The Mummy,1999,4973,movie,
The Mummy Returns,2001,5116,movie,
The Mummy: Tomb of the Dragon Emperor,2008,141856,movie,
The Muppet Christmas Carol,1992,26297,movie,
The Muppet Movie,1979,21495,movie,
The Muppets,2011,198309,movie,
The Muppets Take Manhattan,1984,21506,movie,
The Muppets' Wizard of Oz,2005,52423,movie,
The Music Man,1962,9156,movie,
The Naked Gun,1988,16338,movie,
The Naked Gun (2025),2025,4383923,movie,
The Naked Gun 2 1/2: The Smell of Fear,1991,16339,movie,
The Naked Gun 33 1/3: The Final Insult,1994,16340,movie,
The Naked Gun Trilogy (Bundle),,560163,movie,
The Nativity Story,2006,69140,movie,
The Natural (Theatrical),1984,141506,movie,
The Negotiator,1998,9184,movie,
The Net,1995,12448,movie,
The Net 2.0,2006,58587,movie,
The NeverEnding Story,1984,9499,movie,
The New Mutants,2020,911852,movie,
The Next Karate Kid,1994,22215,movie,
The Next Three Days,2010,187710,movie,
The Nice Guys,2016,747794,movie,
The Night of the Hunter,1955,140508,movie,
The Night They Came Home,2024,2745984,movie,
The Nightmare Before Christmas,1993,12582,movie,
The Northman,2022,2004771,movie,
The Notebook,2004,44659,movie,
The Nun,2018,989436,movie,
The Nutcracker and the Four Realms,2018,922709,movie,
The Nutty Professor,1963,140079,movie,
The Nutty Professor,1996,4978,movie,
The Object of Beauty,1991,136610,movie,
The Old Way,2023,2197233,movie,
The One,2001,25164,movie,
"The One and Only, Genuine, Original Family Band",1968,39959,movie,
The Outsiders,1983,9265,movie,
The Parent Trap,1961,24442,movie,
The Party,1968,140526,movie,
The Passion of The Christ,2004,8344,movie,
The Peacemaker,1997,13483,movie,
The Peanuts Movie,2015,713930,movie,
The Peanuts Movie (plus bonus features),,746860,movie,
"The Peanuts Movie: ""Better When I'm Dancin"" Meghan Trainor Lyric Video (featurette)",2015,746936,movie,
"The Peanuts Movie: ""Better When I'm Dancin"" Meghan Trainor Music Video (featurette)",2015,746940,movie,
"The Peanuts Movie: Behind the Scenes of ""Better When I'm Dancin"" (featurette)",2015,746944,movie,
The Peanuts Movie: Get Down With Snoopy and Woodstock Music Video (featurette),2015,746932,movie,
"The Peanuts Movie: Learn to Draw Snoopy, Woodstock and Charlie Brown (featurette)",2015,746928,movie,
The Peanuts Movie: Snoopy Snippets (featurette),2015,746916,movie,
The Peanuts Movie: Snoopy's Siblings Salute (featurette),2015,746924,movie,
The Peanuts Movie: You Never Grow Up Charlie Brown (featurette),2015,746920,movie,
The People vs. Larry Flynt,1996,12449,movie,
The Perfect Game,2010,210671,movie,
The Perfect Man,2005,5765,movie,
The Perfect Storm,2000,10817,movie,
The Phantom of the Opera,2004,10950,movie,
The Pirates Who Don't Do Anything: A VeggieTales Movie,2008,138544,movie,
The Polar Express,2004,10932,movie,
The Postman Always Rings Twice,1981,9119,movie,
The Predator,2018,955139,movie,
The Pride of the Yankees,1942,13896,movie,
The Prince,2014,561252,movie,
The Prince and the Pauper,1990,899064,movie,
The Prince of Egypt,1998,14379,movie,
The Princess and the Frog,2009,168128,movie,
The Princess Bride,1987,16120,movie,
The Princess Diaries 2: Royal Engagement,2004,44223,movie,
The Principal,1987,27790,movie,
The Professionals,1966,14375,movie,
The Protégé,2021,1893630,movie,
The Pursuit of Happyness,2006,69111,movie,
The Quick and the Dead,1995,13284,movie,
The Quiet Man,1952,13932,movie,
The Razor's Edge,1984,27800,movie,
The Red Pony,1949,1451315,movie,
The Red Violin,1999,6538,movie,
The Replacement Killers,1998,13022,movie,
The Requin,2022,1956065,movie,
The Rescuers,1977,33970,movie,
The Rescuers Down Under,1990,16040,movie,
The Right Stuff,1983,9050,movie,
The Road Warrior (Mad Max II),1982,9051,movie,
The Rugrats Movie,1998,13957,movie,
The Running Man,1987,6989,movie,
The Running Man (2025),2025,4650461,movie,
"The Russians Are Coming, the Russians Are Coming",1966,140774,movie,
The Santa Clause,1994,13316,movie,
The Santa Clause 1-3 (Bundle),,402950,movie,
The Santa Clause 3: The Escape Clause,2006,128982,movie,
The Secret Life of Pets,2016,735116,movie,
The Secret Life of Pets 2,2019,1142087,movie,
The Shack,2017,845887,movie,
The Shaggy D.A.,1976,40004,movie,
The Shaggy Dog,2006,62546,movie,
The Shaggy Dog (1959),1959,40020,movie,
The Shallows,2016,781420,movie,
The Shawshank Redemption,1995,9089,movie,
The Shining,1980,9235,movie,
The Silence of the Lambs,1991,140329,movie,
The Sixth Sense,1999,15533,movie,
The Smashing Machine,2025,4574175,movie,
The Smurfs,2011,178816,movie,
The Smurfs 2,2013,456135,movie,
The Smurfs Holiday Celebration,2020,1546835,movie,
The Social Network,2011,182239,movie,
The Sorcerer's Apprentice,2010,175222,movie,
The Sound of Music,1965,8625,movie,
The Specialist,1994,9103,movie,
The Spirit,2008,143727,movie,
The Spy Who Came in from the Cold,1965,140083,movie,
The Spy Who Loved Me,1977,12620,movie,
The Stooge,1952,42923,movie,
The Stranger,1946,140884,movie,
The Strangers: Chapter 1,2024,3245687,movie,
The Strangers: Chapter 2,2025,4523075,movie,
The Strangers: Chapter 3,2026,4881831,movie,
The Strongest Man in the World,1975,37072,movie,
The Substitute,1996,6986,movie,
The Suicide Squad,2021,1729935,movie,
The Sum of All Fears,2002,28992,movie,
The Super Mario Bros. Movie,2023,2302740,movie,
The Survivors,1983,25364,movie,
The Sword in the Stone,1963,19671,movie,
The Taking of Pelham 1 2 3,2009,162422,movie,
The Tale of Despereaux,2008,143261,movie,
The Talented Mr. Ripley,1999,140084,movie,
The Talk of the Town,1942,31498,movie,
The Taming of the Shrew,1967,14692,movie,
The Ten Commandments (1956),1956,13956,movie,
The Terminal,2004,44012,movie,
The Terminator,1984,140350,movie,
The Thomas Crown Affair,1999,140354,movie,
The Three Caballeros,1945,15748,movie,
The Three Musketeers,1993,14256,movie,
The Tigger Movie,2000,16248,movie,
The Tomorrow War,2021,2284378,movie,
The Tourist,2010,181833,movie,
The Town (Theatrical),2010,178922,movie,
The Train,1965,140951,movie,
The Transformers: The Movie,1986,16893,movie,
The Trouble with Harry,1955,5084,movie,
The Truman Show,1998,13653,movie,
The Tuxedo,2002,31227,movie,
The Twilight Saga: Breaking Dawn (Part 1),2011,216625,movie,
The Twilight Saga: Breaking Dawn (Part 2),2012,389667,movie,
The Twilight Saga: Eclipse,2010,176296,movie,
The Twilight Saga: New Moon,2009,168882,movie,
The Ugly Dachshund,1966,40008,movie,
The Ugly Truth,2009,167959,movie,
The Unbearable Weight of Massive Talent,2022,2010677,movie,
The Unbreakable Boy,2025,3993251,movie,
The Untouchables,1987,20163,movie,
The Vault,2021,1596231,movie,
The Virgin Suicides,2000,17115,movie,
The Waltons: Homecoming,2021,1953718,movie,
The War of the Worlds,1953,13930,movie,
The Warriors,1979,20175,movie,
The Water Horse: Legend of the Deep,2007,130430,movie,
The Waterboy,1998,13801,movie,
The Way Back,2020,1382989,movie,
The Wedding Date,2005,5695,movie,
The Wedding Singer,1998,13091,movie,
The Whale,2022,2238732,movie,
The Whip and the Body,1965,2992132,movie,
The Wild,2006,63495,movie,
The Wild Robot,2024,3574835,movie,
The Wild Thornberrys Movie,2002,32229,movie,
The Witches of Eastwick,1987,10762,movie,
The Wizard of Oz,1939,10464,movie,
The Wolf of Wall Street,2013,488007,movie,
The Wolverine,2013,458250,movie,
The Woman in the Window,1945,3061622,movie,
The World Is Not Enough,1999,15767,movie,
The Wraith,1986,32989,movie,
The Wrecking Crew,2026,4955935,movie,
The Wrecking Crew,1969,1189007,movie,
The Year Without a Santa Claus,1974,1546838,movie,
Theater of Blood,1973,140930,movie,
Thelma & Louise,1991,140931,movie,
There Will Be Blood,2008,132331,movie,
Thief,1981,140932,movie,
This Is 40,2013,396342,movie,
Thomas and the Magic Railroad,2000,16624,movie,
Thor,2011,185722,movie,
Thor: Love and Thunder,2022,2060766,movie,
Thor: Ragnarok,2017,861241,movie,
Thor: The Dark World,2013,487968,movie,
"Three Bedrooms, One Corpse: An Aurora Teagarden Mystery",,1593883,movie,
Thunderball,1965,15040,movie,
Thunderbolt and Lightfoot,1974,140943,movie,
Thunderbolts*,2025,4033241,movie,
Ticket to Paradise,2022,2151884,movie,
Tim Burton's Corpse Bride,2005,10931,movie,
Titanic,1997,14430,movie,
To Catch a Thief,1955,28991,movie,
To Kill a Mockingbird,1962,5711,movie,
To Save a Life,2010,177066,movie,
"To Sir, with Love",1967,15242,movie,
Tom and Huck,1995,30698,movie,
Tom and Jerry: A Nutcracker Tale (Special Edition),2020,1546841,movie,
Tom and Jerry: Willy Wonka and the Chocolate Factory,2017,872317,movie,
Tom Cruise 4-Movie Collection (Bundle),,467959,movie,
Tomb Raider (2018),2018,911828,movie,
Tommy,1975,13418,movie,
Tommy Boy,1995,14821,movie,
Tomorrow Is Forever,1946,3061613,movie,
Tomorrow Never Dies,1997,12887,movie,
Tomorrowland,2015,658414,movie,
Tooth Fairy,2010,173337,movie,
Tootsie,1982,21254,movie,
Top Gun,1986,140085,movie,
Top Gun: Maverick,2022,1196579,movie,
Topaz,1969,5080,movie,
Torn Curtain,1966,5811,movie,
Total Recall,1990,7236,movie,
Toy Soldiers,1991,29282,movie,
Toy Story,1995,21189,movie,
Toy Story 2,1999,21176,movie,
Toy Story 3,2010,168138,movie,
Toy Story 4,2019,1143151,movie,
Track Down,2000,42788,movie,
Traffik,2018,924678,movie,
Trail of Justice,2023,2878456,movie,
Trainwreck,2015,675976,movie,
Traitor,2008,194289,movie,
Transformers,2007,129046,movie,
Transformers 4 Movie Collection (plus bonus content),,591430,movie,
Transformers One,2024,3538670,movie,
Transformers: Age of Extinction,2014,541997,movie,
Transformers: Dark of the Moon,2011,185717,movie,
Transformers: Revenge of the Fallen,2009,169301,movie,
Transformers: Rise of the Beasts,2023,2424673,movie,
Transformers: The Last Knight,2017,850532,movie,
Transporter 3,2008,143721,movie,
Trap,2024,3446394,movie,
Treasure Island,1950,31889,movie,
Treasure Planet,2002,31820,movie,
Trees Lounge,1996,7220,movie,
Trespass,1992,4760,movie,
Trolls,2016,802877,movie,
Trolls Band Together,2023,2745803,movie,
Trolls World Tour,2020,1398601,movie,
Tron,1982,12968,movie,
Tron: Ares,2025,4728393,movie,
Tron: Legacy,2010,168143,movie,
Troop Beverly Hills,1989,31908,movie,
Trouble With the Curve,2012,371305,movie,
True Grit,1969,15526,movie,
True Lies,1994,7686,movie,
Turbo,2013,456764,movie,
Turning Red,2022,2020911,movie,
Tweety's High-Flying Adventure,2000,132888,movie,
Twilight,2009,144043,movie,
Twinkle Twinkle Lucky Stars,1985,2727989,movie,
Twister,1996,10812,movie,
Twisters,2024,3144080,movie,
Two Rode Together,1961,98823,movie,
Two Sinners and a Mule,2023,2245502,movie,
Two Weeks Notice,2002,9778,movie,
Tyler Perry's A Madea Christmas,2013,493866,movie,
Tyler Perry's Boo 2! A Madea Halloween,2017,888460,movie,
Tyler Perry's Boo! A Madea Halloween,2016,802887,movie,
Tyler Perry's Madea's Witness Protection,2012,351272,movie,
U-571,2000,5830,movie,
U.S. Marshals,1998,9143,movie,
Unbreakable,2000,21640,movie,
Uncharted,2022,1990371,movie,
Uncle Drew,2018,929791,movie,
Underworld,1986,2788763,movie,
Unforgiven,1992,9063,movie,
Unstoppable,2010,181746,movie,
Unsung Hero,2024,3157832,movie,
Up,2009,169679,movie,
Upgrade,2018,969015,movie,
Uptown Girls,2003,140987,movie,
USS Indianapolis: Men of Courage,2016,804076,movie,
V for Vendetta,2006,10947,movie,
Valkyrie,2008,145377,movie,
Vanilla Sky,2001,25791,movie,
Venom,2018,928296,movie,
Venom: Let There Be Carnage,2021,1919386,movie,
Venom: The Last Dance,2024,3324633,movie,
Vera Cruz,1954,140994,movie,
Vertical Limit,2000,21205,movie,
Vertigo,1958,4798,movie,
Vertigo (1958),1958,1523492,movie,
Violent Night,2022,2208920,movie,
Visit to a Small Planet,1960,1088768,movie,
Viva Las Vegas,1964,9379,movie,
WALL-E,2008,141172,movie,
Walt Disney Animation Studios Short Films Collection,2015,673159,movie,
Wanted,2008,141853,movie,
War,2007,129038,movie,
War and Peace,1956,29453,movie,
War for the Planet of the Apes,2017,851339,movie,
War Game,2024,3549588,movie,
War of the Worlds,2005,56366,movie,
War Room,2015,704676,movie,
Warfare,2025,4115936,movie,
WarGames,1983,12857,movie,
WarGames: The Dead Code,2008,141002,movie,
Warm Bodies,2013,410824,movie,
Warner Bros. Home Entertainment Academy Award Nominated Animation - Golden Gems,2020,1358506,movie,
Warner Bros. Home Entertainment Academy Award Nominees - Cinema Favorites,2020,1358509,movie,
Wayne's World,1992,22110,movie,
We Are Marshall,2006,128671,movie,
We Bought a Zoo,2011,278339,movie,
Wedding Crashers (Theatrical),2005,56947,movie,
Weekend at Bernie's,1989,7191,movie,
West Side Story,1961,141007,movie,
What About Bob?,1991,15766,movie,
What Ever Happened to Baby Jane?,1962,9114,movie,
What's Eating Gilbert Grape,1993,23465,movie,
Wheels on Meals,2023,2259673,movie,
When Worlds Collide,1951,22980,movie,
Where the Lilies Bloom,1974,3061616,movie,
Where the Red Fern Grows,2003,1953925,movie,
While You Were Sleeping,1995,12658,movie,
White House Down,2013,451170,movie,
White Nights,1985,63516,movie,
Who Framed Roger Rabbit?,1988,14432,movie,
Who's Afraid of Virginia Woolf?,1966,9115,movie,
Who's Harry Crumb?,1989,15427,movie,
Who's Minding The Store,1963,439445,movie,
Wick Is Pain,2025,4227572,movie,
Wicked,2024,3324643,movie,
Wicked: For Good,2025,4729404,movie,
Wild Card,2015,630196,movie,
Wild Country,2006,141610,movie,
Wild Horses,2015,669201,movie,
Willy Wonka and the Chocolate Factory,1971,2189990,movie,
Willy Wonka and the Chocolate Factory,1971,10934,movie,
Windtalkers,2002,141022,movie,
Wings,1927,315174,movie,
Winnie The Pooh,2011,185581,movie,
Wish,2023,2896164,movie,
Wishmaster,1997,6991,movie,
Without a Paddle,2004,45073,movie,
Witness,1985,14354,movie,
Witness for the Prosecution,1958,141023,movie,
Wolf,1994,12470,movie,
"Won Ton Ton, the Dog Who Saved Hollywood",1976,398573,movie,
Wonder,2017,872313,movie,
Wonder Woman (2017),2017,845903,movie,
Wonder Woman 1984,2020,1615154,movie,
Wonka,2023,2850270,movie,
World Trade Center,2006,66527,movie,
World War Z,2013,449022,movie,
World War Z (Unrated),2013,468897,movie,
Wreck-It Ralph,2013,384789,movie,
Wuthering Heights,1939,12629,movie,
X-Men,2000,7765,movie,
X-Men Origins: Wolverine,2009,167887,movie,
X-Men: Apocalypse,2016,749527,movie,
X-Men: Dark Phoenix,2019,1002005,movie,
X-Men: Days of Future Past,2014,536500,movie,
X-Men: First Class,2011,192520,movie,
X-Men: The Last Stand,2006,8914,movie,
X2: X-Men United,2003,8776,movie,
xXx,2002,29837,movie,
xXx: State of the Union,2005,52446,movie,
Yankee Doodle Dandy,1942,9877,movie,
Yentl,1983,141032,movie,
Yes Man,2008,143513,movie,
Yogi Bear's All-Star Comedy Christmas Caper,1989,101280,movie,
You Can't Take It with You,1938,31142,movie,
You Only Live Twice,1967,16650,movie,
You've Got Mail,1998,10648,movie,
Zack Snyder's Justice League,2021,2059983,movie,
Zero Dark Thirty,2013,396327,movie,
Zero Population Growth,1971,101439,movie,
Zeus and Roxanne,1997,12471,movie,
Zoltan...Hound of Dracula,1978,3510593,movie,
Zoolander,2001,24981,movie,
Zootopia,2016,743190,movie,
Zootopia 2,2025,4729423,movie,
