"Title","Movie Release Year","Running Time","IMDb Rating","Genre","Format","Is TV Series","Release Year","Seen It","Front Cover"
"3:10 to Yuma","2007","122 mins","7.6","Action; Crime; Drama; Western","Vudu","No","","No","C:\Users\natha\OneDrive\Documents\Movie Collector\Images\310toYuma200793204_f.jpg"
"3:10 to Yuma","1957","92 mins","7.6","Drama; Thriller; Western","Vudu","No","","No","C:\Users\natha\OneDrive\Documents\Movie Collector\Images\310toYuma195781869_f.jpg"
"3-2-1 Penguins!: The Doom Funnel Rescue","2003","34 mins","0","Animation; Family","DVD","No","","No","C:\Users\natha\OneDrive\Documents\Movie Collector\Images\321PenguinsTheDoomFunn78715_f.jpg"
"The 5,000 Fingers of Dr. T.","1953","89 mins","6.7","Family; Fantasy; Music; Romance","Vudu","No","","No","C:\Users\natha\OneDrive\Documents\Movie Collector\Images\The5000FingersofDrT181855_f.jpg"
"The 5th Wave","2016","112 mins","5.2","Action; Adventure; Science Fiction; Thriller","Vudu","No","","No","C:\Users\natha\OneDrive\Documents\Movie Collector\Images\The5thWave201687250_f.png"
"The 6th Day","2000","123 mins","5.9","Action; Mystery; Science Fiction; Thriller","Vudu","No","","No","C:\Users\natha\OneDrive\Documents\Movie Collector\Images\The6thDay200081920_f.jpg"
"The 7th Voyage of Sinbad","1958","88 mins","7.0","Action; Adventure; Family; Fantasy","Vudu","No","","No","C:\Users\natha\OneDrive\Documents\Movie Collector\Images\The7thVoyageofSinbad195887073_f.jpg"
"8 Mile","2002","110 mins","7.2","Drama; Music","Vudu","No","","No","C:\Users\natha\OneDrive\Documents\Movie Collector\Images\8Mile200287061_f.jpg"
"8-Bit Christmas","2021","98 mins","6.7","Comedy; Family","Vudu","No","","No","C:\Users\natha\OneDrive\Documents\Movie Collector\Images\8BitChristmas202181816_f.jpg"
"9/11: One Day In America","2021","295 mins","9.2","Documentary; History","Vudu","Yes","","No","C:\Users\natha\OneDrive\Documents\Movie Collector\Images\911OneDayInAmerica202167275_f.jpg"
"12 Angry Men","1957","96 mins","9.0","Crime; Drama","Vudu","No","2013","No","C:\Users\natha\OneDrive\Documents\Movie Collector\Images\12AngryMen195784212_f.jpg"
"12 Monkeys","1995","129 mins","8.0","Action; Adventure; Science Fiction","Vudu","No","1998","No","C:\Users\natha\OneDrive\Documents\Movie Collector\Images\12MonkeysVUDU199584722_f.jpg"
"12 Monkeys: Season 1","2015","562 mins","7.7","Adventure; Drama; Mystery; Science Fiction; Thriller","Vudu","Yes","","No","C:\Users\natha\OneDrive\Documents\Movie Collector\Images\12MonkeysSeason1201587986_f.jpg"
"12 Monkeys: Season 2","2016","555 mins","7.7","Adventure; Drama; Mystery; Science Fiction; Thriller","Vudu","Yes","","No","C:\Users\natha\OneDrive\Documents\Movie Collector\Images\12MonkeysSeason2201688007_f.jpg"
"12 Monkeys: Season 3","2017","432 mins","7.7","Adventure; Drama; Mystery; Science Fiction; Thriller","Vudu","Yes","","No","C:\Users\natha\OneDrive\Documents\Movie Collector\Images\12MonkeysSeason3201788016XYMW_f.jpg"
"12 Monkeys: Season 4","2018","477 mins","7.7","Adventure; Drama; Mystery; Science Fiction; Thriller","Vudu","Yes","","No","C:\Users\natha\OneDrive\Documents\Movie Collector\Images\12MonkeysSeason4201888023I2N6_f.jpg"
"12 Strong","2018","130 mins","6.5","Action; Drama; History; War","Vudu","No","","No","C:\Users\natha\OneDrive\Documents\Movie Collector\Images\12Strong201881665_f.jpg"
"13","2010","91 mins","6.0","Crime; Drama; Thriller","Vudu","No","","No","C:\Users\natha\OneDrive\Documents\Movie Collector\Images\13201087789VEAO_f.jpg"
"13 Hours: The Secret Soldiers Of Benghazi","2016","144 mins","7.3","Action; Comedy; Drama; Romance; Thriller; War","Vudu","No","","No","C:\Users\natha\OneDrive\Documents\Movie Collector\Images\13HoursTheSecretSoldiers81696_f.jpg"
"The 15:17 to Paris","2018","94 mins","5.3","Biography; Drama; Thriller","Vudu","No","","No","C:\Users\natha\OneDrive\Documents\Movie Collector\Images\The1517toParis201881675_f.jpg"
"20 Million Miles to Earth","1957","82 mins","6.3","Adventure; Family; Fantasy; Horror; Science Fiction; Thriller","Vudu","No","","No","C:\Users\natha\OneDrive\Documents\Movie Collector\Images\20MillionMilestoEarth19581841_f.jpg"
"20,000 Leagues Under The Sea","1954","127 mins","7.2","Adventure; Drama; Family; Fantasy; Science Fiction","Vudu","No","","No","C:\Users\natha\OneDrive\Documents\Movie Collector\Images\20000LeaguesUnderTheSea81879_f.jpg"
"21","2008","123 mins","6.8","Crime; Drama; History; Thriller","Vudu","No","","No","C:\Users\natha\OneDrive\Documents\Movie Collector\Images\21200881687_f.jpg"
"24 Hours To Live","2017","93 mins","5.8","Action; Science Fiction; Thriller","Vudu","No","","No","C:\Users\natha\OneDrive\Documents\Movie Collector\Images\24HoursToLive201757289_f.jpg"
"40 Guns to Apache Pass","1967","95 mins","5.8","Adventure; Drama; Romance; Western","Vudu","No","","No","C:\Users\natha\OneDrive\Documents\Movie Collector\Images\40GunstoApachePass196744289_f.jpg"
"42","2013","128 mins","7.5","Biography; Drama; Sports","Vudu","No","2013","No","C:\Users\natha\OneDrive\Documents\Movie Collector\Images\42VUDU201384798_f.jpg"
"42nd Street","1933","89 mins","7.3","Comedy; Musical; Romance","Vudu","No","","No","C:\Users\natha\OneDrive\Documents\Movie Collector\Images\42ndStreet1933926_f.jpg"
"47 Ronin","2013","128 mins","6.2","Action; Drama; Fantasy","Vudu","No","","No","C:\Users\natha\OneDrive\Documents\Movie Collector\Images\47Ronin201360791_f.jpg"
"48 Hrs.","1982","96 mins","6.9","Action; Comedy; Crime; Drama; Thriller","Vudu","No","","No","C:\Users\natha\OneDrive\Documents\Movie Collector\Images\48Hrs198263438_f.jpg"
"50/50","2011","100 mins","7.6","Comedy; Drama; Romance","Vudu","No","2012","No","C:\Users\natha\OneDrive\Documents\Movie Collector\Images\5050201181886_f.jpg"
"65","2023","93 mins","5.4","Action; Adventure; Drama; Science Fiction; Thriller","Vudu","No","","No","C:\Users\natha\OneDrive\Documents\Movie Collector\Images\65202381707_f.jpg"
"80 for Brady","2023","98 mins","5.9","Comedy; Drama; Sports","Vudu","No","","No","C:\Users\natha\OneDrive\Documents\Movie Collector\Images\80forBrady202384178_f.jpg"
"99 River Street","1953","83 mins","7.4","Action; Crime; Drama; Film Noir; Thriller","Vudu","No","","No","C:\Users\natha\OneDrive\Documents\Movie Collector\Images\99RiverStreet195312698_f.jpg"
"101 Dalmatians","1961","79 mins","7.3","Animation; Comedy; Family","Vudu","No","2008","No","C:\Users\natha\OneDrive\Documents\Movie Collector\Images\101Dalmatians196187185_f.jpg"
"101 Dalmatians (Live Action)","1996","103 mins","5.8","Adventure; Comedy; Family","Vudu","No","1997","No","C:\Users\natha\OneDrive\Documents\Movie Collector\Images\101DalmatiansLiveAction81411_f.jpg"
"101 Dalmatians 2: Patch's London Adventure","2002","74 mins","5.7","Adventure; Animation; Comedy; Family; Musical","Vudu","No","","No","C:\Users\natha\OneDrive\Documents\Movie Collector\Images\101Dalmatians2PatchsLond60097_f.jpg"
"102 Dalmatians","2000","100 mins","4.9","Adventure; Comedy; Family","Vudu","No","2001","No","C:\Users\natha\OneDrive\Documents\Movie Collector\Images\102Dalmatians200078748_f.jpg"
"211","2018","86 mins","4.4","Action; Drama; Horror; Thriller","Vudu","No","","No","C:\Users\natha\OneDrive\Documents\Movie Collector\Images\211201863871_f.jpg"
"300","2006","117 mins","7.6","Action; Drama","Vudu","No","2010","No","C:\Users\natha\OneDrive\Documents\Movie Collector\Images\300200644392_f.jpg"
"711 Ocean Drive","1950","102 mins","6.8","Action; Crime; Drama; Film Noir; Romance; Thriller","Vudu","No","","No","C:\Users\natha\OneDrive\Documents\Movie Collector\Images\711OceanDrive195044335_f.jpg"
"1001 Classic Commercials","2008","960 mins","6.1","Special Interest","DVD","No","2009","No","C:\Users\natha\OneDrive\Documents\Movie Collector\Images\1001ClassicCommercials200869633_f.jpg"
"1408","2007","104 mins","6.8","Fantasy; Horror; Mystery","Vudu","No","","No","C:\Users\natha\OneDrive\Documents\Movie Collector\Images\1408200790910ZVZY_f.jpg"
"1776","1972","165 mins","7.6","Drama; Family; History; Musical","Vudu","No","","No","C:\Users\natha\OneDrive\Documents\Movie Collector\Images\1776197234513_f.jpg"
"2001: A Space Odyssey","1968","149 mins","8.3","Adventure; Science Fiction","Vudu","No","","No","C:\Users\natha\OneDrive\Documents\Movie Collector\Images\2001ASpaceOdyssey19688631_f.jpg"
"2012","2009","158 mins","5.8","Action; Adventure; Science Fiction","Vudu","No","","No","C:\Users\natha\OneDrive\Documents\Movie Collector\Images\201220099544_f.jpg"
"A.I. Artificial Intelligence","2001","146 mins","7.2","Drama; Science Fiction","Vudu","No","","No","C:\Users\natha\OneDrive\Documents\Movie Collector\Images\AIArtificialIntelligence34552_f.jpg"
"Abduction","2011","106 mins","5.1","Action; Drama; Mystery; Thriller","Vudu","No","","No","C:\Users\natha\OneDrive\Documents\Movie Collector\Images\Abduction201154262_f.jpg"
"About a Boy","2002","101 mins","7.1","Comedy; Drama; Romance","Vudu","No","","No","C:\Users\natha\OneDrive\Documents\Movie Collector\Images\AboutaBoy200260497_f.jpg"
"About Last Night","1986","113 mins","6.3","Comedy; Drama; Romance","Vudu","No","","No","C:\Users\natha\OneDrive\Documents\Movie Collector\Images\AboutLastNight198644046_f.jpg"
"About Last Night","2014","100 mins","6.0","Comedy; Romance","Vudu","No","","No","C:\Users\natha\OneDrive\Documents\Movie Collector\Images\AboutLastNight201481742_f.jpg"
"About Schmidt","2002","125 mins","7.2","Drama","Vudu","No","","No","C:\Users\natha\OneDrive\Documents\Movie Collector\Images\AboutSchmidt200291135AXDX_f.jpg"
"The Absent Minded Professor","1961","92 mins","6.7","Comedy; Family; Science Fiction; Sports","Vudu","No","","No","C:\Users\natha\OneDrive\Documents\Movie Collector\Images\TheAbsentMindedProfessor181837_f.jpg"
"According To Jim: Season 1","2001","470 mins","6.5","Comedy; Romance","Vudu","Yes","","No","C:\Users\natha\OneDrive\Documents\Movie Collector\Images\AccordingToJimSeason12050605_f.jpg"
"According To Jim: Season 2","2001","660 mins","6.5","Comedy; Romance","Vudu","Yes","","No","C:\Users\natha\OneDrive\Documents\Movie Collector\Images\AccordingToJimSeason22050627_f.jpg"
"According To Jim: Season 3","2003","624 mins","6.5","Comedy; Romance","Vudu","Yes","","No","C:\Users\natha\OneDrive\Documents\Movie Collector\Images\AccordingToJimSeason32050638_f.jpg"
"According To Jim: Season 4","2004","598 mins","6.5","Comedy; Romance","Vudu","Yes","","No","C:\Users\natha\OneDrive\Documents\Movie Collector\Images\AccordingToJimSeason42050643_f.jpg"
"According To Jim: Season 5","2005","486 mins","6.5","Comedy; Romance","Vudu","Yes","","No","C:\Users\natha\OneDrive\Documents\Movie Collector\Images\AccordingToJimSeason52050651_f.jpg"
"According To Jim: Season 6","2007","396 mins","6.5","Comedy; Romance","Vudu","Yes","","No","C:\Users\natha\OneDrive\Documents\Movie Collector\Images\AccordingToJimSeason62050657_f.jpg"
"According To Jim: Season 7","2008","394 mins","6.5","Comedy; Romance","Vudu","Yes","","No","C:\Users\natha\OneDrive\Documents\Movie Collector\Images\AccordingToJimSeason72050661_f.jpg"
"According To Jim: Season 8","2008","404 mins","6.5","Comedy; Romance","Vudu","Yes","","No","C:\Users\natha\OneDrive\Documents\Movie Collector\Images\AccordingToJimSeason82050665_f.jpg"
"Aces High","1976","114 mins","6.6","Action; Drama; War","Vudu","No","","No","C:\Users\natha\OneDrive\Documents\Movie Collector\Images\AcesHigh197656847_f.jpg"
"Acts Of Violence","2018","86 mins","5.3","Action; Crime; Thriller","Vudu","No","","No","C:\Users\natha\OneDrive\Documents\Movie Collector\Images\ActsOfViolence201887239_f.jpg"
"The Addams Family","1991","99 mins","7.0","Comedy; Fantasy","Vudu","No","","No","C:\Users\natha\OneDrive\Documents\Movie Collector\Images\TheAddamsFamily199184479_f.jpg"
"Addams Family Values","1993","94 mins","6.9","Comedy; Fantasy","Vudu","No","","No","C:\Users\natha\OneDrive\Documents\Movie Collector\Images\AddamsFamilyValues199384471_f.jpg"
"The Addams Family","2019","86 mins","5.9","Animation; Comedy; Family; Fantasy; Horror","Vudu","No","","No","C:\Users\natha\OneDrive\Documents\Movie Collector\Images\TheAddamsFamily201984647_f.jpg"
"The Addams Family 2","2021","93 mins","5.4","Adventure; Animation; Comedy; Family; Fantasy; Horror","Vudu","No","","No","C:\Users\natha\OneDrive\Documents\Movie Collector\Images\TheAddamsFamily2202184650_f.jpg"
"Open Water 2: Adrift","2006","94 mins","5.2","Adventure; Drama; Horror; Thriller","Vudu","No","","No","C:\Users\natha\OneDrive\Documents\Movie Collector\Images\OpenWater2Adrift200687496C7AV_f.jpg"
"Adventures of Bailey: The Lost Puppy","2010","90 mins","5.0","Family","DVD","No","","No","C:\Users\natha\OneDrive\Documents\Movie Collector\Images\AdventuresofBaileyTheLost5148_f.jpg"
"The Adventures of Baron Munchausen","1988","126 mins","7.1","Adventure; Comedy; Fantasy","Vudu","No","","No","C:\Users\natha\OneDrive\Documents\Movie Collector\Images\TheAdventuresofBaronMuncha37724_f.jpg"
"The Adventures Of Elmo In Grouchland","1999","73 mins","5.8","Children; Comedy; Family","Vudu","No","1999","No","C:\Users\natha\OneDrive\Documents\Movie Collector\Images\TheAdventuresOfElmoInGrou81896_f.jpg"
"The Adventures of Ichabod and Mr. Toad","1949","68 mins","6.8","Animation; Comedy; Family; Fantasy; Horror","Vudu","No","","No","C:\Users\natha\OneDrive\Documents\Movie Collector\Images\TheAdventuresofIchabodand35063_f.jpg"
"The Adventures of Milo and Otis","1986","90 mins","6.9","Adventure; Drama; Family","Vudu","No","1999","No","C:\Users\natha\OneDrive\Documents\Movie Collector\Images\TheAdventuresofMiloandOti4871_f.jpg"
"The Adventures of Ragtime","1998","200 mins","3.7","Comedy; Family","DVD","No","","No","C:\Users\natha\OneDrive\Documents\Movie Collector\Images\TheAdventuresofRagtime1994694_f.jpg"
"The Adventures of Robin Hood","1938","102 mins","7.9","Action; Adventure; Romance","Vudu","No","","No","C:\Users\natha\OneDrive\Documents\Movie Collector\Images\TheAdventuresofRobinHood53792_f.jpg"
"The Adventures Of Tintin","2011","106 mins","7.3","Adventure; Animation","Vudu","No","2012","No","C:\Users\natha\OneDrive\Documents\Movie Collector\Images\TheAdventuresOfTintinVUD84771_f.jpg"
"Æon Flux","2005","93 mins","5.4","Action; Adventure; Science Fiction; Thriller","","No","","No","C:\Users\natha\OneDrive\Documents\Movie Collector\Images\onFlux200594720_f.jpg"
"Affair in Trinidad","1952","98 mins","6.6","Crime; Drama; Film Noir; Mystery; Thriller","Vudu","No","","No","C:\Users\natha\OneDrive\Documents\Movie Collector\Images\AffairinTrinidad195237441_f.jpg"
"Against All Odds","1984","128 mins","5.9","Action; Adventure; Crime; Drama; Romance; Thriller","Vudu","No","","No","C:\Users\natha\OneDrive\Documents\Movie Collector\Images\AgainstAllOdds198441532_f.jpg"
"The Age of Innocence","1993","139 mins","7.2","Drama; Romance","Vudu","No","","No","C:\Users\natha\OneDrive\Documents\Movie Collector\Images\TheAgeofInnocence199337743_f.jpg"
"Air Force One","1997","124 mins","6.5","Action; Drama; Thriller","Vudu","No","","No","C:\Users\natha\OneDrive\Documents\Movie Collector\Images\AirForceOne199784198_f.jpg"
"Airplane!","1980","88 mins","7.7","Comedy","Vudu","No","","No","C:\Users\natha\OneDrive\Documents\Movie Collector\Images\Airplane198084460_f.jpg"
"Airplane II: The Sequel","1982","85 mins","6.2","Comedy; Science Fiction","Vudu","No","","No","C:\Users\natha\OneDrive\Documents\Movie Collector\Images\AirplaneIITheSequel198284688_f.jpg"
"Aladdin","1992","90 mins","8.0","Animation; Comedy; Family","Vudu","No","","No","C:\Users\natha\OneDrive\Documents\Movie Collector\Images\Aladdin199284616_f.jpg"
"Aladdin (Live Action)","2019","128 mins","6.9","Adventure; Family; Fantasy; Musical; Romance","Vudu","No","","No","C:\Users\natha\OneDrive\Documents\Movie Collector\Images\AladdinLiveAction201981718_f.jpg"
"Albert","2016","42 mins","6.2","Animation; Family","DVD","No","2017","No","C:\Users\natha\OneDrive\Documents\Movie Collector\Images\Albert201684658_f.jpg"
"Albert Nobbs","2011","113 mins","6.7","Drama; Romance","Vudu","No","","No","C:\Users\natha\OneDrive\Documents\Movie Collector\Images\AlbertNobbs201156639_f.jpg"
"Alex Cross","2012","101 mins","5.2","Action; Crime; Mystery; Thriller","Vudu","No","","No","C:\Users\natha\OneDrive\Documents\Movie Collector\Images\AlexCross201254304_f.jpg"
"Alexander and the Terrible, Horrible, No Good, Very Bad Day","2014","81 mins","6.2","Comedy; Family","Vudu","No","2015","No","C:\Users\natha\OneDrive\Documents\Movie Collector\Images\AlexanderandtheTerribleHo84150_f.jpg"
"Alf: Season 1","1986","616 mins","7.4","Comedy; Family; Science Fiction","DVD; Vudu","Yes","2004","No","C:\Users\natha\OneDrive\Documents\Movie Collector\Images\AlfSeason1198650397_f.jpg"
"Alf: Season 2","1987","550 mins","7.4","Comedy; Family; Science Fiction","DVD; Vudu","Yes","","No","C:\Users\natha\OneDrive\Documents\Movie Collector\Images\AlfSeason2198750427_f.jpg"
"Alf: Season 3","1986","550 mins","7.4","Animation; Comedy; Family","DVD; Vudu","Yes","2006","No","C:\Users\natha\OneDrive\Documents\Movie Collector\Images\AlfSeason3198650413_f.jpg"
"Alf: Season 4","1989","500 mins","7.4","Animation; Comedy","DVD; Vudu","Yes","2006","No","C:\Users\natha\OneDrive\Documents\Movie Collector\Images\AlfSeason4198950420_f.jpg"
"Alfie","1966","114 mins","7.0","Comedy; Drama","Vudu","No","","No","C:\Users\natha\OneDrive\Documents\Movie Collector\Images\Alfie196692262_f.jpg"
"Alfred Hitchcock Presents: Season 1","1956","1147 mins","8.5","Drama; Mystery","Vudu","Yes","","No","C:\Users\natha\OneDrive\Documents\Movie Collector\Images\AlfredHitchcockPresentsSea57507_f.jpg"
"Ali","2001","157 mins","6.7","Biography; Drama; Sports","Vudu","No","","No","C:\Users\natha\OneDrive\Documents\Movie Collector\Images\Ali20015887_f.jpg"
"Alias Jesse James","1959","92 mins","6.5","Comedy; Western","Vudu","No","","No","C:\Users\natha\OneDrive\Documents\Movie Collector\Images\AliasJesseJames195912719_f.jpg"
"Alice In Wonderland","1951","75 mins","7.3","Animation; Family; Fantasy","Vudu","No","2011","No","C:\Users\natha\OneDrive\Documents\Movie Collector\Images\AliceInWonderland195184740_f.jpg"
"Alice In Wonderland (Live Action)","2010","108 mins","6.4","Adventure; Animation; Family; Fantasy; Science Fiction","Vudu","No","2010","No","C:\Users\natha\OneDrive\Documents\Movie Collector\Images\AliceInWonderlandLiveActi84737_f.jpg"
"Alice: Season 1","1976","720 mins","6.9","Comedy","Vudu","Yes","","No","C:\Users\natha\OneDrive\Documents\Movie Collector\Images\AliceSeason1197667122_f.jpg"
"Alice: Season 2","1977","720 mins","6.9","Comedy","Vudu","Yes","","No","C:\Users\natha\OneDrive\Documents\Movie Collector\Images\AliceSeason2197767133_f.jpg"
"Alice: Season 3","1978","720 mins","6.9","Comedy","Vudu","Yes","","No","C:\Users\natha\OneDrive\Documents\Movie Collector\Images\AliceSeason3197867144_f.jpg"
"Alice: Season 4","1980","720 mins","6.9","Comedy","Vudu","Yes","","No","C:\Users\natha\OneDrive\Documents\Movie Collector\Images\AliceSeason4198067150_f.jpg"
"Alice: Season 5","1981","600 mins","6.9","Comedy","Vudu","Yes","","No","C:\Users\natha\OneDrive\Documents\Movie Collector\Images\AliceSeason5198167154_f.jpg"
"Alice: Season 6","1981","720 mins","6.9","Comedy","Vudu","Yes","","No","C:\Users\natha\OneDrive\Documents\Movie Collector\Images\AliceSeason6198167161_f.jpg"
"Alice: Season 7","1983","690 mins","6.9","Comedy","Vudu","Yes","","No","C:\Users\natha\OneDrive\Documents\Movie Collector\Images\AliceSeason7198367167_f.jpg"
"Alice: Season 8","1984","690 mins","6.9","Comedy","Vudu","Yes","","No","C:\Users\natha\OneDrive\Documents\Movie Collector\Images\AliceSeason8198467172_f.jpg"
"Alice: Season 9","1985","480 mins","6.9","Comedy","Vudu","Yes","","No","C:\Users\natha\OneDrive\Documents\Movie Collector\Images\AliceSeason9198567177_f.jpg"
"Alice: Through The Looking Glass","2016","118 mins","6.2","Adventure; Family; Fantasy","Vudu","No","","No","C:\Users\natha\OneDrive\Documents\Movie Collector\Images\AliceThroughTheLookingGla81753_f.jpg"
"Alien","1979","117 mins","8.5","Horror; Science Fiction","Vudu","No","","No","C:\Users\natha\OneDrive\Documents\Movie Collector\Images\Alien197910321_f.jpg"
"Aliens","1986","137 mins","8.4","Action; Adventure; Science Fiction; Thriller","Vudu","No","","No","C:\Users\natha\OneDrive\Documents\Movie Collector\Images\Aliens198610335_f.jpg"
"Alien³","1992","114 mins","6.4","Action; Horror; Science Fiction","Vudu","No","","No","C:\Users\natha\OneDrive\Documents\Movie Collector\Images\Alien199212523_f.jpg"
"Alien: Resurrection","1997","109 mins","6.2","Action; Horror; Science Fiction","Vudu","No","","No","C:\Users\natha\OneDrive\Documents\Movie Collector\Images\AlienResurrection199712537_f.jpg"
"Alien: Covenant","2017","122 mins","6.4","Horror; Science Fiction; Thriller","Vudu","No","","No","C:\Users\natha\OneDrive\Documents\Movie Collector\Images\AlienCovenant201712555_f.jpg"
"Alien vs. Predator","2004","101 mins","5.7","Action; Adventure; Horror; Science Fiction; Thriller","Vudu","No","2005","No","C:\Users\natha\OneDrive\Documents\Movie Collector\Images\AlienvsPredator200444434_f.jpg"
"Alien: Romulus","2024","119 mins","7.1","Horror; Science Fiction; Thriller","Vudu","No","","No","C:\Users\natha\OneDrive\Documents\Movie Collector\Images\AlienRomulus202457162_f.jpg"
"Aliens in the Attic","2009","86 mins","5.4","Adventure; Comedy; Family; Fantasy; Science Fiction","Vudu","No","2009","No","C:\Users\natha\OneDrive\Documents\Movie Collector\Images\AliensintheAttic200987088_f.jpg"
"All the King's Men","1949","110 mins","7.4","Drama; Film Noir","Vudu","No","","No","C:\Users\natha\OneDrive\Documents\Movie Collector\Images\AlltheKingsMen194912572_f.jpg"
"All the King's Men","2006","128 mins","6.1","Drama; Thriller","Vudu","No","","No","C:\Users\natha\OneDrive\Documents\Movie Collector\Images\AlltheKingsMen200644132_f.jpg"
"All the President's Men","1976","138 mins","7.9","Drama; History; Thriller","Vudu","No","","No","C:\Users\natha\OneDrive\Documents\Movie Collector\Images\AllthePresidentsMen197612622_f.jpg"
"Almost Famous","2000","122 mins","7.9","Adventure; Comedy; Drama; Music","Vudu","No","","No","C:\Users\natha\OneDrive\Documents\Movie Collector\Images\AlmostFamous200063356_f.jpg"
"Along Came Jones","1945","90 mins","6.5","Comedy; Romance; Western","Vudu","No","","No","C:\Users\natha\OneDrive\Documents\Movie Collector\Images\AlongCameJones194512739_f.png"
"Along Came Polly","2004","90 mins","6.0","Comedy; Romance","Vudu","No","","No","C:\Users\natha\OneDrive\Documents\Movie Collector\Images\AlongCamePolly200460513_f.jpg"
"Alpha And Omega","2010","88 mins","5.1","Adventure; Animation; Comedy","Vudu","No","2011","No","C:\Users\natha\OneDrive\Documents\Movie Collector\Images\AlphaAndOmega201084607_f.jpg"
"Alpha and Omega 2: A Howl-iday Adventure","2013","45 mins","4.7","Action; Adventure; Animation; Comedy; Family","Vudu","No","","No","C:\Users\natha\OneDrive\Documents\Movie Collector\Images\AlphaandOmega2AHowliday84563_f.jpg"
"Alpha and Omega 3: The Great Wolf Games","2014","45 mins","4.2","Adventure; Animation; Comedy; Family","Vudu","No","","No","C:\Users\natha\OneDrive\Documents\Movie Collector\Images\AlphaandOmega3TheGreatW84570_f.jpg"
"Alpha and Omega 4: The Legend of the Saw Toothed Cave","2014","45 mins","5.0","Action; Adventure; Animation; Comedy; Drama; Family; Fantasy; Thriller","Vudu","No","","No","C:\Users\natha\OneDrive\Documents\Movie Collector\Images\AlphaandOmega4TheLegend84533_f.jpg"
"Alpha and Omega 5: Family Vacation","2015","44 mins","4.2","Action; Adventure; Animation; Comedy; Family","Vudu","No","","No","C:\Users\natha\OneDrive\Documents\Movie Collector\Images\AlphaandOmega5FamilyVaca84576_f.jpg"
"Alpha and Omega 7: The Big Fureeze","2016","45 mins","4.1","Action; Adventure; Animation; Comedy; Family","Vudu","No","","No","C:\Users\natha\OneDrive\Documents\Movie Collector\Images\AlphaandOmega7TheBigFur84583_f.jpg"
"Alpha and Omega: Dino Digs","2016","47 mins","3.5","Adventure; Animation; Comedy; Family; Fantasy","Vudu","No","","No","C:\Users\natha\OneDrive\Documents\Movie Collector\Images\AlphaandOmegaDinoDigs2084544_f.jpg"
"Alpha and Omega: Journey to Bear Kingdom","2017","44 mins","3.8","Adventure; Animation; Comedy; Family","Vudu","No","","No","C:\Users\natha\OneDrive\Documents\Movie Collector\Images\AlphaandOmegaJourneytoBe84556_f.jpg"
"Alvin & The Chipmunks: Chipmunk Christmas","1983","66 mins","6.6","Adventure; Animation; Comedy; Music; Musical","DVD","No","2005","No","C:\Users\natha\OneDrive\Documents\Movie Collector\Images\AlvinTheChipmunksChipmun87108_f.jpg"
"Alvin And The Chipmunks","2007","91 mins","5.3","Animation; Comedy; Family; Fantasy","Vudu","No","2008","No","C:\Users\natha\OneDrive\Documents\Movie Collector\Images\AlvinAndTheChipmunksVUDU84808_f.jpg"
"Alvin And The Chipmunks: The Squeakquel","2009","85 mins","4.6","Animation; Comedy; Family","Vudu","No","2010","No","C:\Users\natha\OneDrive\Documents\Movie Collector\Images\AlvinAndTheChipmunksTheS84805_f.jpg"
"Alvin And The Chipmunks: The Road Chip","2015","92 mins","4.9","Adventure; Animation; Comedy; Family; Fantasy","Vudu","No","","No","C:\Users\natha\OneDrive\Documents\Movie Collector\Images\AlvinAndTheChipmunksTheR84629_f.jpg"
"Alvin And The Chipmunks: Chipwrecked","2011","87 mins","4.4","Adventure; Comedy; Family; Fantasy; Music; Musical","Vudu","No","","No","C:\Users\natha\OneDrive\Documents\Movie Collector\Images\AlvinAndTheChipmunksChipw87057_f.jpg"
"Ambulance","2022","137 mins","6.1","Action; Crime; Drama; Thriller","Vudu","No","","No","C:\Users\natha\OneDrive\Documents\Movie Collector\Images\Ambulance202281903_f.jpg"
"The Ambushers","1967","102 mins","5.3","Action; Comedy; Science Fiction; Thriller","Vudu","No","","No","C:\Users\natha\OneDrive\Documents\Movie Collector\Images\TheAmbushers196744185_f.jpg"
"American Beauty","1999","122 mins","8.3","Drama","Vudu","No","","No","C:\Users\natha\OneDrive\Documents\Movie Collector\Images\AmericanBeauty199913611_f.jpg"
"An American in Paris","1951","114 mins","7.1","Drama; Musical; Romance","DVD","No","","No","C:\Users\natha\OneDrive\Documents\Movie Collector\Images\AnAmericaninParis19514650_f.jpg"
"The American President","1995","114 mins","6.9","Comedy; Drama; Romance","Vudu","No","2004","No","C:\Users\natha\OneDrive\Documents\Movie Collector\Images\TheAmericanPresidentVUDU84815_f.jpg"
"American Sniper","2014","132 mins","7.3","Action; Biography; Drama; History; Romance; Thriller; War","Vudu","No","","No","C:\Users\natha\OneDrive\Documents\Movie Collector\Images\AmericanSniper201484115_f.jpg"
"An American Tail","1986","80 mins","6.9","Adventure; Animation; Comedy; Family","Vudu","No","","No","C:\Users\natha\OneDrive\Documents\Movie Collector\Images\AnAmericanTail198687175_f.jpg"
"American Underdog","2021","112 mins","7.1","Biography; Drama; Sports","Vudu","No","","No","C:\Users\natha\OneDrive\Documents\Movie Collector\Images\AmericanUnderdog202184203_f.jpg"
"A Bone to Pick: An Aurora Teagarden Mystery","2015","1130 mins","6.6","Crime; Mystery","Vudu","No","","No","C:\Users\natha\OneDrive\Documents\Movie Collector\Images\ABonetoPickAnAuroraTeag53365_f.jpg"
"Real Murders: An Aurora Teagarden Mystery","2015","120 mins","6.8","Crime; Mystery","Vudu","No","","No","C:\Users\natha\OneDrive\Documents\Movie Collector\Images\RealMurdersAnAuroraTeagar9053_f.jpg"
"The Julius House: An Aurora Teagarden Mystery","2016","120 mins","6.9","Crime; Mystery","Vudu","No","","No","C:\Users\natha\OneDrive\Documents\Movie Collector\Images\TheJuliusHouseAnAuroraTe9064_f.jpg"
"Three Bedrooms, One Corpse: An Aurora Teagarden Mystery","2016","84 mins","6.8","Crime; Mystery","Vudu","No","","No","C:\Users\natha\OneDrive\Documents\Movie Collector\Images\ThreeBedroomsOneCorpseAn9070_f.jpg"
"A Bundle of Trouble: An Aurora Teagarden Mystery","2017","90 mins","6.6","Crime; Mystery","Vudu","No","","No","C:\Users\natha\OneDrive\Documents\Movie Collector\Images\ABundleofTroubleAnAurora9021_f.jpg"
"Dead Over Heels: An Aurora Teagarden Mystery","2017","84 mins","6.8","Crime; Mystery","Vudu","No","","No","C:\Users\natha\OneDrive\Documents\Movie Collector\Images\DeadOverHeelsAnAuroraTea9044_f.jpg"
"Anaconda","1997","89 mins","4.9","Action; Adventure; Horror; Thriller","Vudu","No","","No","C:\Users\natha\OneDrive\Documents\Movie Collector\Images\Anaconda19979594_f.jpg"
"Anaconda 3: Offspring","2008","91 mins","2.8","Action; Adventure; Horror; Science Fiction; Thriller","","No","","No","C:\Users\natha\OneDrive\Documents\Movie Collector\Images\Anaconda3Offspring200894631_f.jpg"
"Anacondas: The Hunt for the Blood Orchid","2004","97 mins","4.8","Action; Adventure; Horror; Thriller","","No","","No","C:\Users\natha\OneDrive\Documents\Movie Collector\Images\AnacondasTheHuntfortheBl94618_f.jpg"
"Anacondas: Trail of Blood","2009","89 mins","2.9","Action; Adventure; Horror; Science Fiction; Thriller","","No","","No","C:\Users\natha\OneDrive\Documents\Movie Collector\Images\AnacondasTrailofBlood20094651_f.jpg"
"Analyze That","2002","96 mins","5.9","Comedy; Crime","Vudu","No","2003","No","C:\Users\natha\OneDrive\Documents\Movie Collector\Images\AnalyzeThat20029304_f.jpg"
"Anatomy of a Murder","1959","161 mins","8.0","Drama; Mystery","Vudu","No","","No","C:\Users\natha\OneDrive\Documents\Movie Collector\Images\AnatomyofaMurder19599605_f.jpg"
"Anchorman: The Legend of Ron Burgundy","2004","94 mins","7.1","Comedy","Vudu","No","","No","C:\Users\natha\OneDrive\Documents\Movie Collector\Images\AnchormanTheLegendofRonB63336_f.jpg"
"And Justice for All","1979","119 mins","7.4","Crime; Drama; Thriller","Vudu","No","","No","C:\Users\natha\OneDrive\Documents\Movie Collector\Images\AndJusticeforAll197910003_f.jpg"
"Angel And The Badman","1947","100 mins","6.8","Romance; Western","VHS","No","","No","C:\Users\natha\OneDrive\Documents\Movie Collector\Images\AngelAndTheBadman19475964_f.jpg"
"Angel Has Fallen","2019","121 mins","6.4","Action; Thriller","Vudu","No","","No","C:\Users\natha\OneDrive\Documents\Movie Collector\Images\AngelHasFallen201981914_f.jpg"
"Angel Wars: Guardian Force","2005","60 mins","0","Animation","DVD","No","2007","No","C:\Users\natha\OneDrive\Documents\Movie Collector\Images\AngelWarsGuardianForce2084532_f.jpg"
"Angels & Demons","2009","138 mins","6.7","Mystery; Thriller","Vudu","No","","No","C:\Users\natha\OneDrive\Documents\Movie Collector\Images\AngelsDemons200957257_f.jpg"
"Angels In The Endzone","1997","87 mins","4.7","Comedy; Drama; Family; Fantasy","DVD","No","","No","C:\Users\natha\OneDrive\Documents\Movie Collector\Images\AngelsInTheEndzone19976047_f.jpg"
"Angels In The Infield","2000","93 mins","4.9","Comedy; Family; Fantasy; Science Fiction","DVD","No","","No","C:\Users\natha\OneDrive\Documents\Movie Collector\Images\AngelsInTheInfield20006026_f.jpg"
"Angels In The Outfield","1994","103 mins","6.2","Comedy; Drama; Family; Fantasy","DVD; Vudu","No","","No","C:\Users\natha\OneDrive\Documents\Movie Collector\Images\AngelsInTheOutfield199484220_f.jpg"
"Anger Management","2003","106 mins","6.3","Comedy","Vudu","No","","No","C:\Users\natha\OneDrive\Documents\Movie Collector\Images\AngerManagement200341414_f.jpg"
"The Angry Birds Movie","2016","194 mins","6.3","Action; Animation; Children; Comedy","Vudu","No","2016","No","C:\Users\natha\OneDrive\Documents\Movie Collector\Images\TheAngryBirdsMovie201684621_f.jpg"
"The Angry Birds Movie 2","2019","97 mins","6.4","Action; Adventure; Animation; Comedy; Family","Vudu","No","","No","C:\Users\natha\OneDrive\Documents\Movie Collector\Images\TheAngryBirdsMovie2201987225_f.jpg"
"Anna","2019","118 mins","6.7","Action; Thriller","Vudu","No","","No","C:\Users\natha\OneDrive\Documents\Movie Collector\Images\Anna201957345_f.jpg"
"Annabelle","2014","99 mins","5.5","Horror; Mystery; Thriller","Vudu","No","","No","C:\Users\natha\OneDrive\Documents\Movie Collector\Images\Annabelle201453577_f.jpg"
"Annie","1982","126 mins","6.6","Comedy; Drama; Family; Musical","Vudu","No","","No","C:\Users\natha\OneDrive\Documents\Movie Collector\Images\Annie198284164_f.jpg"
"Annihilation","2018","115 mins","6.8","Adventure; Drama; Horror; Mystery; Science Fiction; Thriller","Vudu","No","","No","C:\Users\natha\OneDrive\Documents\Movie Collector\Images\Annihilation201834562_f.jpg"
"Antitrust","2000","104 mins","6.1","Crime; Mystery; Thriller","Vudu","No","2001","No","C:\Users\natha\OneDrive\Documents\Movie Collector\Images\Antitrust200084819_f.jpg"
"Ant-Man","2015","117 mins","7.2","Action; Adventure; Comedy; Science Fiction","Vudu","No","2015","No","C:\Users\natha\OneDrive\Documents\Movie Collector\Images\AntMan201584783_f.jpg"
"Ant-Man And The Wasp","2018","118 mins","7.0","Action; Adventure; Comedy; Family; Fantasy; Romance; Science Fiction","Vudu","No","","No","C:\Users\natha\OneDrive\Documents\Movie Collector\Images\AntManAndTheWasp201884127_f.jpg"
"Ant-Man and the Wasp: Quantumania","2023","124 mins","6.0","Action; Adventure; Comedy; Science Fiction","Vudu","No","","No","C:\Users\natha\OneDrive\Documents\Movie Collector\Images\AntManandtheWaspQuantuma84110_f.jpg"
"Anzio","1968","117 mins","6.0","Drama; History; War","Vudu","No","","No","C:\Users\natha\OneDrive\Documents\Movie Collector\Images\Anzio196810061_f.jpg"
"Apache Territory","1958","72 mins","5.7","Action; Western","Vudu","No","","No","C:\Users\natha\OneDrive\Documents\Movie Collector\Images\ApacheTerritory195844262_f.jpg"
"The Apartment","1960","125 mins","8.3","Comedy; Drama; Romance","Vudu","No","","No","C:\Users\natha\OneDrive\Documents\Movie Collector\Images\TheApartment196012760_f.jpg"
"Apollo 13","1995","140 mins","7.7","Adventure; Drama; History","Vudu","No","","No","C:\Users\natha\OneDrive\Documents\Movie Collector\Images\Apollo1319956228_f.jpg"
"The Apple Dumpling Gang","1975","100 mins","6.4","Comedy; Family; Western","Vudu","No","","No","C:\Users\natha\OneDrive\Documents\Movie Collector\Images\TheAppleDumplingGang19759324_f.jpg"
"The Apple Dumpling Gang Rides Again","1979","89 mins","6.0","Comedy; Family; Western","Vudu","No","","No","C:\Users\natha\OneDrive\Documents\Movie Collector\Images\TheAppleDumplingGangRides9343_f.jpg"
"Aquamarine","2006","104 mins","5.5","Comedy; Family; Fantasy; Romance","DVD","No","2006","No","C:\Users\natha\OneDrive\Documents\Movie Collector\Images\Aquamarine200644458_f.jpg"
"Are We Done Yet?","2007","92 mins","4.3","Comedy; Family","Vudu","No","","No","C:\Users\natha\OneDrive\Documents\Movie Collector\Images\AreWeDoneYet200737755_f.jpg"
"Argo","2012","120 mins","7.7","Drama; History; Thriller","Vudu","No","2013","No","C:\Users\natha\OneDrive\Documents\Movie Collector\Images\ArgoVUDU201241061_f.jpg"
"Argylle","2024","139 mins","5.6","Action; Comedy; Thriller","Vudu","No","","No","C:\Users\natha\OneDrive\Documents\Movie Collector\Images\Argylle202487098_f.jpg"
"The Aristocats","1970","79 mins","7.1","Animation; Family; Musical; Romance","Vudu","No","2012","No","C:\Users\natha\OneDrive\Documents\Movie Collector\Images\TheAristocats197084777_f.jpg"
"Arizona Raiders","1965","97 mins","5.9","Western","Vudu","No","","No","C:\Users\natha\OneDrive\Documents\Movie Collector\Images\ArizonaRaiders196544217_f.jpg"
"Armed and Dangerous","1986","88 mins","5.7","Action; Comedy; Crime","Vudu","No","","No","C:\Users\natha\OneDrive\Documents\Movie Collector\Images\ArmedandDangerous198644035_f.jpg"
"Army Of One","2016","92 mins","5.2","Biography; Comedy; Crime","Vudu","No","","No","C:\Users\natha\OneDrive\Documents\Movie Collector\Images\ArmyOfOne201663784_f.jpg"
"Arrival","2016","116 mins","7.9","Drama; Science Fiction","Vudu","No","2017","No","C:\Users\natha\OneDrive\Documents\Movie Collector\Images\Arrival201670203_f.jpg"
"Arsenal","2017","92 mins","4.0","Action; Crime; Thriller","Vudu","No","","No","C:\Users\natha\OneDrive\Documents\Movie Collector\Images\Arsenal201763830_f.jpg"
"Arsenic and Old Lace","1943","118 mins","7.9","Comedy; Crime; Thriller","Vudu","No","","No","C:\Users\natha\OneDrive\Documents\Movie Collector\Images\ArsenicandOldLace194381830_f.jpg"
"Art School Confidential","2006","102 mins","6.3","Comedy; Drama; Romance","Vudu","No","","No","C:\Users\natha\OneDrive\Documents\Movie Collector\Images\ArtSchoolConfidential200612779_f.jpg"
"Arthur Christmas","2010","97 mins","7.1","Animation; Comedy; Family","Vudu","No","2012","No","C:\Users\natha\OneDrive\Documents\Movie Collector\Images\ArthurChristmasVUDU201087050_f.jpg"
"Arthur the King","2024","107 mins","7.0","Adventure; Drama","Vudu","No","","No","C:\Users\natha\OneDrive\Documents\Movie Collector\Images\ArthurtheKing202484279_f.jpg"
"Artists and Models","1955","109 mins","6.4","Comedy; Musical; Romance","Vudu","No","","No","C:\Users\natha\OneDrive\Documents\Movie Collector\Images\ArtistsandModels19555874_f.jpg"
"As Good as It Gets","1997","139 mins","7.7","Comedy; Drama; Romance","Vudu","No","","No","C:\Users\natha\OneDrive\Documents\Movie Collector\Images\AsGoodasItGets199743855_f.jpg"
"Assassin's Creed","2016","115 mins","5.6","Action; Adventure; Drama; Fantasy; History; Science Fiction","Vudu","No","","No","C:\Users\natha\OneDrive\Documents\Movie Collector\Images\AssassinsCreed201681757_f.jpg"
"Assault on Precinct 13","2005","109 mins","6.3","Action; Crime; Drama; Thriller","Vudu","No","","No","C:\Users\natha\OneDrive\Documents\Movie Collector\Images\AssaultonPrecinct1320058838_f.jpg"
"Astro Boy","2009","94 mins","6.3","Action; Adventure; Animation; Comedy; Drama; Family; Fantasy; Science Fiction","Vudu","No","","No","C:\Users\natha\OneDrive\Documents\Movie Collector\Images\AstroBoy200963684_f.jpg"
"The A-Team: Season 2","1983","1121 mins","7.5","Action; Adventure; Crime","Vudu","Yes","","No","C:\Users\natha\OneDrive\Documents\Movie Collector\Images\TheATeamSeason2198366997_f.jpg"
"The A-Team: Season 3","1985","1209 mins","7.5","Action; Adventure; Crime","Vudu","Yes","","No","C:\Users\natha\OneDrive\Documents\Movie Collector\Images\TheATeamSeason3198567007_f.jpg"
"The A-Team: Season 5","1986","622 mins","7.5","Action; Adventure; Crime","Vudu","Yes","","No","C:\Users\natha\OneDrive\Documents\Movie Collector\Images\TheATeamSeason5198667019_f.jpg"
"The A-Team: Season 4","1986","1126 mins","7.5","Action; Adventure; Crime","Vudu","Yes","","No","C:\Users\natha\OneDrive\Documents\Movie Collector\Images\TheATeamSeason4198667012_f.jpg"
"The A-Team: Season 1","1983","702 mins","7.5","Action; Adventure; Crime","Vudu","Yes","","No","C:\Users\natha\OneDrive\Documents\Movie Collector\Images\TheATeamSeason1198366983_f.jpg"
"Atlantis: The Lost Empire","2001","95 mins","6.9","Action; Adventure; Animation; Family; Fantasy; Science Fiction","Vudu","No","2002","No","C:\Users\natha\OneDrive\Documents\Movie Collector\Images\AtlantisTheLostEmpire20075682_f.jpg"
"Atomic Blonde","2017","115 mins","6.7","Action; Thriller","Vudu","No","","No","C:\Users\natha\OneDrive\Documents\Movie Collector\Images\AtomicBlonde201760755_f.jpg"
"Attack","1956","107 mins","7.4","Action; Drama; War","Vudu","No","","No","C:\Users\natha\OneDrive\Documents\Movie Collector\Images\Attack195612796_f.jpg"
"August Rush","2007","114 mins","7.4","Drama; Music","Vudu","No","2008","No","C:\Users\natha\OneDrive\Documents\Movie Collector\Images\AugustRush20075489_f.jpg"
"Aurora Teagarden Mysteries: A Game of Cat and Mouse","2019","83 mins","7.1","","","No","","No","C:\Users\natha\OneDrive\Documents\Movie Collector\Images\AuroraTeagardenMysteriesA94751_f.jpg"
"Aurora Teagarden Mysteries: A Very Foul Play","2019","84 mins","7.0","","","No","","No","C:\Users\natha\OneDrive\Documents\Movie Collector\Images\AuroraTeagardenMysteriesA94744_f.jpg"
"Aurora Teagarden Mysteries: An Inheritance to Die For","2019","84 mins","7.0","","","No","","No","C:\Users\natha\OneDrive\Documents\Movie Collector\Images\AuroraTeagardenMysteriesAn94764_f.jpg"
"Aurora Teagarden Mysteries: Something New","2023","84 mins","6.2","Crime; Drama; Mystery; Thriller","","No","","No",""
"Austin Powers: International Man of Mystery","1997","94 mins","7.0","Adventure; Comedy","Vudu","No","","No","C:\Users\natha\OneDrive\Documents\Movie Collector\Images\AustinPowersInternationalM84305_f.jpg"
"Austin Powers: The Spy Who Shagged Me","1999","92 mins","6.7","Action; Comedy","Vudu","No","1999","No","C:\Users\natha\OneDrive\Documents\Movie Collector\Images\AustinPowersTheSpyWhoSha84829_f.jpg"
"Austin Powers: Goldmember","2002","95 mins","6.3","Action; Comedy","Vudu","No","2002","No","C:\Users\natha\OneDrive\Documents\Movie Collector\Images\AustinPowersGoldmemberVU84834_f.jpg"
"Avalon","1990","128 mins","7.2","Drama","Vudu","No","","No","C:\Users\natha\OneDrive\Documents\Movie Collector\Images\Avalon199037920_f.jpg"
"Avanti!","1972","144 mins","7.1","Comedy; Romance","Vudu","No","","No","C:\Users\natha\OneDrive\Documents\Movie Collector\Images\Avanti197212812_f.jpg"
"Avatar","2009","162 mins","7.9","Action; Adventure; Fantasy; Science Fiction","Vudu","No","","No","C:\Users\natha\OneDrive\Documents\Movie Collector\Images\Avatar200981713_f.jpg"
"Avatar: The Way of Water","2022","192 mins","7.5","Action; Adventure; Fantasy; Science Fiction","Vudu","No","","No","C:\Users\natha\OneDrive\Documents\Movie Collector\Images\AvatarTheWayofWater202287100_f.jpg"
"The Avengers","2012","143 mins","8.0","Action; Adventure; Science Fiction","Vudu","No","2012","No","C:\Users\natha\OneDrive\Documents\Movie Collector\Images\TheAvengersVUDU201284780_f.jpg"
"Avengers: Age Of Ultron","2015","141 mins","7.3","Action; Adventure; Fantasy; Science Fiction","Vudu","No","","No","C:\Users\natha\OneDrive\Documents\Movie Collector\Images\AvengersAgeOfUltron201584375_f.jpg"
"Avengers: Endgame","2019","181 mins","8.4","Action; Adventure; Drama; Science Fiction","Vudu","No","","No","C:\Users\natha\OneDrive\Documents\Movie Collector\Images\AvengersEndgame201984410_f.jpg"
"Avengers: Infinity War","2018","149 mins","8.4","Action; Adventure; Fantasy; Science Fiction","Vudu","No","","No","C:\Users\natha\OneDrive\Documents\Movie Collector\Images\AvengersInfinityWar201884386_f.jpg"
"Average Joe","2024","100 mins","4.5","Family","Vudu","No","","No","C:\Users\natha\OneDrive\Documents\Movie Collector\Images\AverageJoe202487193_f.jpg"
"The Awful Truth","1937","90 mins","7.6","Comedy; Romance","Vudu","No","","No","C:\Users\natha\OneDrive\Documents\Movie Collector\Images\TheAwfulTruth193710132_f.jpg"
"Baby Boom","1987","110 mins","6.3","Comedy; Drama; Romance","Vudu","No","","No","C:\Users\natha\OneDrive\Documents\Movie Collector\Images\BabyBoom198712830_f.jpg"
"Babylon A.D.","2008","90 mins","5.5","Action; Adventure; Science Fiction; Thriller","Blu-ray","No","2009","No","C:\Users\natha\OneDrive\Documents\Movie Collector\Images\BabylonAD20089174_f.jpg"
"Back to the Future","1985","116 mins","8.5","Adventure; Comedy; Science Fiction","Vudu","No","","No","C:\Users\natha\OneDrive\Documents\Movie Collector\Images\BacktotheFuture198584302_f.jpg"
"Back to the Future Part II","1989","108 mins","7.8","Adventure; Comedy; Science Fiction","Vudu","No","","No","C:\Users\natha\OneDrive\Documents\Movie Collector\Images\BacktotheFuturePartII1984294_f.jpg"
"Back to the Future Part III","1990","118 mins","7.5","Adventure; Comedy; Science Fiction; Western","Vudu","No","","No","C:\Users\natha\OneDrive\Documents\Movie Collector\Images\BacktotheFuturePartIII184300_f.jpg"
"Backtrack","1990","116 mins","5.3","Action; Comedy; Crime; Drama; Romance; Thriller","Vudu","No","","No","C:\Users\natha\OneDrive\Documents\Movie Collector\Images\Backtrack199056833_f.jpg"
"Bad Boys","1995","119 mins","6.8","Action; Comedy; Crime; Thriller","Vudu","No","","No","C:\Users\natha\OneDrive\Documents\Movie Collector\Images\BadBoys199584521_f.jpg"
"Bad Boys II","2003","147 mins","6.6","Action; Comedy; Crime; Thriller","Vudu","No","","No","C:\Users\natha\OneDrive\Documents\Movie Collector\Images\BadBoysII200331927_f.jpg"
"Bad Boys for Life","2020","124 mins","6.5","Action; Comedy; Crime; Thriller","Vudu","No","","No","C:\Users\natha\OneDrive\Documents\Movie Collector\Images\BadBoysforLife202031936_f.jpg"
"Bad Boys: Ride Or Die","2024","115 mins","6.5","Action; Adventure; Comedy; Crime; Thriller","Vudu","No","","No","C:\Users\natha\OneDrive\Documents\Movie Collector\Images\BadBoysRideOrDie202437544_f.jpg"
"The Bad Guys","2022","100 mins","6.9","Adventure; Animation; Comedy; Crime; Family","Vudu","No","","No","C:\Users\natha\OneDrive\Documents\Movie Collector\Images\TheBadGuys202284585_f.jpg"
"The Bad Guys 2","2025","104 mins","7.0","Action; Adventure; Animation; Comedy; Crime; Family; Mystery","Vudu","No","","No","C:\Users\natha\OneDrive\Documents\Movie Collector\Images\TheBadGuys2202587295_f.jpg"
"Bah Humduck!: A Looney Tunes Christmas","2006","46 mins","6.3","Adventure; Animation; Comedy; Drama; Family; Fantasy; Musical; Science Fiction","Vudu","No","","No","C:\Users\natha\OneDrive\Documents\Movie Collector\Images\BahHumduckALooneyTunesC35259_f.jpg"
"Bailey's Billion$","2005","90 mins","4.1","Comedy; Family","DVD","No","","No","C:\Users\natha\OneDrive\Documents\Movie Collector\Images\BaileysBillion20055067_f.jpg"
"Bait","2012","93 mins","5.2","Action; Fantasy; Horror","Vudu","No","","No","C:\Users\natha\OneDrive\Documents\Movie Collector\Images\Bait201287364CI9E_f.jpg"
"Ballerina","2025","124 mins","6.8","Action; Thriller","Vudu","No","","No","C:\Users\natha\OneDrive\Documents\Movie Collector\Images\Ballerina202587283_f.jpg"
"La Bamba","1987","108 mins","7.0","Biography; Drama; Music","Vudu","No","","No","C:\Users\natha\OneDrive\Documents\Movie Collector\Images\LaBamba19879645_f.jpg"
"Bambi","1942","70 mins","7.3","Animation; Children; Drama; Family","Vudu","No","2011","No","C:\Users\natha\OneDrive\Documents\Movie Collector\Images\Bambi194278726_f.jpg"
"Bambi Ii","2006","75 mins","6.1","Adventure; Animation; Drama; Family; Fantasy; Romance","Vudu","No","","No","C:\Users\natha\OneDrive\Documents\Movie Collector\Images\BambiIi200666913_f.jpg"
"Bandits","2001","123 mins","6.5","Comedy; Crime; Drama; Romance","Vudu","No","","No","C:\Users\natha\OneDrive\Documents\Movie Collector\Images\Bandits200112852_f.jpg"
"Bangkok Dangerous","2008","99 mins","5.3","Action; Crime; Thriller","DVD","No","2009","No","C:\Users\natha\OneDrive\Documents\Movie Collector\Images\BangkokDangerous20084829_f.jpg"
"The Bank Job","2008","111 mins","7.2","Crime; Thriller","Vudu","No","","No","C:\Users\natha\OneDrive\Documents\Movie Collector\Images\TheBankJob200857425_f.jpg"
"Barbarella","1968","98 mins","5.9","Action; Adventure; Fantasy; Science Fiction","Vudu","No","","No","C:\Users\natha\OneDrive\Documents\Movie Collector\Images\Barbarella196892211_f.jpg"
"Barbie","2023","114 mins","6.8","Adventure; Comedy; Fantasy","Vudu","No","","No","C:\Users\natha\OneDrive\Documents\Movie Collector\Images\Barbie202381790_f.jpg"
"The Barefoot Executive","1971","96 mins","5.9","Comedy; Family","Vudu","No","","No","C:\Users\natha\OneDrive\Documents\Movie Collector\Images\TheBarefootExecutive197157194_f.jpg"
"Barefoot in the Park","1967","106 mins","7.0","Comedy; Romance","Vudu","No","","No","C:\Users\natha\OneDrive\Documents\Movie Collector\Images\BarefootinthePark196792233_f.jpg"
"Barnyard","2006","90 mins","5.6","Adventure; Animation; Comedy; Drama; Family","Vudu","No","","No","C:\Users\natha\OneDrive\Documents\Movie Collector\Images\Barnyard200684593_f.jpg"
"Bath Day","1946","7 mins","6.4","Animation; Comedy; Family","Vudu","No","","No","C:\Users\natha\OneDrive\Documents\Movie Collector\Images\BathDay194635290_f.jpg"
"Batman","1966","105 mins","6.5","Action; Adventure; Comedy; Crime","Vudu","No","","No","C:\Users\natha\OneDrive\Documents\Movie Collector\Images\Batman196681835_f.jpg"
"Batman","1989","126 mins","7.5","Action; Adventure; Crime; Thriller","Vudu","No","","No","C:\Users\natha\OneDrive\Documents\Movie Collector\Images\Batman198984417_f.jpg"
"The Batman","2022","176 mins","7.8","Action; Crime; Drama; Mystery","Vudu","No","","No","C:\Users\natha\OneDrive\Documents\Movie Collector\Images\TheBatman202281729_f.jpg"
"Batman And Robin","1997","125 mins","3.8","Action; Adventure; Thriller","Vudu","No","","No","C:\Users\natha\OneDrive\Documents\Movie Collector\Images\BatmanAndRobin199784424_f.jpg"
"Batman Begins","2005","140 mins","8.2","Action; Adventure","Vudu","No","","No","C:\Users\natha\OneDrive\Documents\Movie Collector\Images\BatmanBegins200584315_f.jpg"
"Batman Forever","1995","121 mins","5.5","Action; Adventure; Crime; Family; Fantasy; Romance; Thriller","Vudu","No","","No","C:\Users\natha\OneDrive\Documents\Movie Collector\Images\BatmanForever199584431_f.jpg"
"Batman Returns","1992","126 mins","7.1","Action; Crime; Fantasy; Thriller","Vudu","No","","No","C:\Users\natha\OneDrive\Documents\Movie Collector\Images\BatmanReturns199284435_f.jpg"
"Batman V Superman: Dawn Of Justice","2016","151 mins","6.4","Action; Adventure; Drama; Fantasy; Science Fiction","Vudu","No","","No","C:\Users\natha\OneDrive\Documents\Movie Collector\Images\BatmanVSupermanDawnOfJus84378_f.jpg"
"Batman vs Teenage Mutant Ninja Turtles","2019","87 mins","7.1","Action; Adventure; Animation; Comedy; Crime","Vudu","No","","No","C:\Users\natha\OneDrive\Documents\Movie Collector\Images\BatmanvsTeenageMutantNinja64179_f.jpg"
"Batman: Season 1","1966","850 mins","7.5","Action; Adventure; Comedy; Crime; Fantasy; Science Fiction","Vudu","Yes","","No","C:\Users\natha\OneDrive\Documents\Movie Collector\Images\BatmanSeason1196647651_f.jpg"
"Batman: Season 2","1966","1493 mins","7.5","Action; Adventure; Comedy; Crime; Fantasy; Science Fiction","Vudu","Yes","","No","C:\Users\natha\OneDrive\Documents\Movie Collector\Images\BatmanSeason2196647667_f.jpg"
"Battle of the Coral Sea","1959","86 mins","5.6","Action; Drama; Romance; War","Vudu","No","","No","C:\Users\natha\OneDrive\Documents\Movie Collector\Images\BattleoftheCoralSea195944345_f.jpg"
"Battle: Los Angeles","2011","116 mins","5.7","Action; Adventure; Science Fiction","Vudu","No","","No","C:\Users\natha\OneDrive\Documents\Movie Collector\Images\BattleLosAngeles201137609_f.jpg"
"Battleship","2012","131 mins","5.8","Action; Adventure; Science Fiction; Thriller","Vudu","No","2012","No","C:\Users\natha\OneDrive\Documents\Movie Collector\Images\Battleship20129354_f.jpg"
"Battlestar Galactica: Blood & Chrome","2012","94 mins","6.9","Action; Drama; Science Fiction","Vudu","No","","No","C:\Users\natha\OneDrive\Documents\Movie Collector\Images\BattlestarGalacticaBlood47688_f.jpg"
"The Bay","2012","85 mins","5.7","Horror; Science Fiction; Thriller","Vudu","No","","No","C:\Users\natha\OneDrive\Documents\Movie Collector\Images\TheBay201287656_f.jpg"
"Beast","2022","93 mins","5.6","Action; Adventure; Drama; Horror; Thriller","Vudu","No","","No","C:\Users\natha\OneDrive\Documents\Movie Collector\Images\Beast202260837_f.jpg"
"A Beautiful Mind","2001","135 mins","8.2","Drama","Vudu","No","","No","C:\Users\natha\OneDrive\Documents\Movie Collector\Images\ABeautifulMind200167297_f.jpg"
"Beauty And The Beast","1991","84 mins","8.0","Animation; Family; Fantasy; Romance","Vudu","No","2010","No","C:\Users\natha\OneDrive\Documents\Movie Collector\Images\BeautyAndTheBeast199184748_f.jpg"
"Beauty And The Beast (Live Action)","2017","129 mins","7.1","Family; Fantasy; Music; Musical; Romance","Vudu","No","2017","No","C:\Users\natha\OneDrive\Documents\Movie Collector\Images\BeautyAndTheBeastLiveAct84792_f.jpg"
"Beauty And The Beast: The Enchanted Christmas","1997","68 mins","5.9","Animation; Family; Musical","Vudu","No","","No","C:\Users\natha\OneDrive\Documents\Movie Collector\Images\BeautyAndTheBeastTheEnch81403_f.jpg"
"Bedknobs And Broomsticks","1971","117 mins","7.1","Adventure; Animation; Family; Fantasy; Musical","Vudu","No","2014","No","C:\Users\natha\OneDrive\Documents\Movie Collector\Images\BedknobsAndBroomsticksVUD84713_f.jpg"
"Bedtime Stories","2008","99 mins","6.0","Comedy; Drama; Family; Fantasy","Vudu","No","2009","No","C:\Users\natha\OneDrive\Documents\Movie Collector\Images\BedtimeStories200887023_f.jpg"
"Bee Movie","2007","91 mins","6.1","Adventure; Animation; Comedy; Family","Vudu","No","","No","C:\Users\natha\OneDrive\Documents\Movie Collector\Images\BeeMovie200784599_f.jpg"
"The Beekeeper","2024","105 mins","6.3","Action; Thriller","Vudu","No","","No","C:\Users\natha\OneDrive\Documents\Movie Collector\Images\TheBeekeeper202481805_f.jpg"
"Beethoven","1992","87 mins","5.7","Comedy; Drama; Family","Vudu","No","","No","C:\Users\natha\OneDrive\Documents\Movie Collector\Images\Beethoven199281734_f.jpg"
"Beethoven's 2nd","1993","89 mins","5.0","Comedy; Family; Romance","Vudu","No","","No","C:\Users\natha\OneDrive\Documents\Movie Collector\Images\Beethovens2nd199384237_f.jpg"
"Beethoven's 3rd","2000","99 mins","4.1","Comedy; Family","Vudu","No","","No","C:\Users\natha\OneDrive\Documents\Movie Collector\Images\Beethovens3rd200084242_f.jpg"
"Beethoven's 4th","2001","93 mins","4.1","Comedy; Family","Vudu","No","","No","C:\Users\natha\OneDrive\Documents\Movie Collector\Images\Beethovens4th200184257_f.jpg"
"Beethoven's 5th","2003","91 mins","4.1","Adventure; Comedy; Family","Vudu","No","","No","C:\Users\natha\OneDrive\Documents\Movie Collector\Images\Beethovens5th200384265_f.jpg"
"Beethoven's Christmas Adventure","2011","90 mins","4.4","Comedy; Fantasy","Vudu","No","","No","C:\Users\natha\OneDrive\Documents\Movie Collector\Images\BeethovensChristmasAdventur81767_f.jpg"
"Beetlejuice","1988","92 mins","7.4","Comedy; Fantasy; Horror","Vudu","No","","No","C:\Users\natha\OneDrive\Documents\Movie Collector\Images\Beetlejuice198884389_f.jpg"
"Beetlejuice Beetlejuice","2024","105 mins","6.6","Comedy; Fantasy; Horror","Vudu","No","","No","C:\Users\natha\OneDrive\Documents\Movie Collector\Images\BeetlejuiceBeetlejuice202487232_f.jpg"
"Before Sunrise","1995","101 mins","8.1","Drama; Romance","Vudu","No","1999","No","C:\Users\natha\OneDrive\Documents\Movie Collector\Images\BeforeSunrise199534694_f.jpg"
"Behind Enemy Lines","2001","106 mins","6.4","Action; Drama; Thriller; War","Vudu","No","","No","C:\Users\natha\OneDrive\Documents\Movie Collector\Images\BehindEnemyLines200187305_f.jpg"
"Bell Book and Candle","1958","106 mins","6.8","Comedy; Fantasy; Romance","Vudu","No","","No","C:\Users\natha\OneDrive\Documents\Movie Collector\Images\BellBookandCandle195844097_f.jpg"
"The Bellboy","1960","72 mins","6.5","Comedy","Vudu","No","","No","C:\Users\natha\OneDrive\Documents\Movie Collector\Images\TheBellboy19605509_f.jpg"
"Ben-Hur","1959","212 mins","8.1","Adventure; Drama","Vudu","No","","No","C:\Users\natha\OneDrive\Documents\Movie Collector\Images\BenHur195912868_f.jpg"
"Benji The Hunted","1987","85 mins","6.2","Action; Adventure; Family","Vudu","No","2006","No","C:\Users\natha\OneDrive\Documents\Movie Collector\Images\BenjiTheHunted198738111_f.jpg"
"Benny & Joon","1993","98 mins","7.1","Comedy; Drama; Romance","Vudu","No","","No","C:\Users\natha\OneDrive\Documents\Movie Collector\Images\BennyJoon199312891_f.jpg"
"The Best Christmas Pageant Ever","2024","99 mins","6.8","Adventure; Comedy; Drama; Fantasy; Mystery; Romance","Vudu","No","","No","C:\Users\natha\OneDrive\Documents\Movie Collector\Images\TheBestChristmasPageantEve81539_f.jpg"
"Best in Show","2000","90 mins","7.5","Comedy","Vudu","No","","No","C:\Users\natha\OneDrive\Documents\Movie Collector\Images\BestinShow200013464_f.jpg"
"Best Of The Best","1989","97 mins","6.4","Action; Adventure; Drama; Martial Arts; Thriller","Vudu","No","","No","C:\Users\natha\OneDrive\Documents\Movie Collector\Images\BestOfTheBest198987209_f.jpg"
"Best Of The Best 3: No Turning Back","1995","90 mins","4.9","Action; Crime; Drama; Thriller","Vudu","No","","No","C:\Users\natha\OneDrive\Documents\Movie Collector\Images\BestOfTheBest3NoTurning91257K1YN_f.jpg"
"Best Of The Best 4: Without Warning","1998","90 mins","4.8","Action; Adventure; Thriller","Vudu","No","","No","C:\Users\natha\OneDrive\Documents\Movie Collector\Images\BestOfTheBest4WithoutWa91241HDYR_f.jpg"
"The Best Years of Our Lives","1946","170 mins","8.1","Drama; Romance; War","","No","","No","C:\Users\natha\OneDrive\Documents\Movie Collector\Images\TheBestYearsofOurLives193962_f.jpg"
"Better Man","2024","135 mins","7.5","Biography; Fantasy; Music; Musical","Vudu","No","","No","C:\Users\natha\OneDrive\Documents\Movie Collector\Images\BetterMan202459992_f.jpg"
"Better Off Dead","1985","97 mins","7.1","Comedy; Romance","Vudu","No","","No","C:\Users\natha\OneDrive\Documents\Movie Collector\Images\BetterOffDead198592144_f.jpg"
"Between Worlds","2018","90 mins","3.9","Fantasy; Mystery; Thriller","Vudu","No","","No","C:\Users\natha\OneDrive\Documents\Movie Collector\Images\BetweenWorlds201863810_f.jpg"
"Beverly Hills Chihuahua","2008","91 mins","4.0","Adventure; Comedy; Drama; Family; Romance","Vudu","No","2009","No","C:\Users\natha\OneDrive\Documents\Movie Collector\Images\BeverlyHillsChihuahua200884675_f.jpg"
"Beverly Hills Chihuahua 2","2010","84 mins","4.3","Children; Comedy; Family","Blu-ray","No","2011","No","C:\Users\natha\OneDrive\Documents\Movie Collector\Images\BeverlyHillsChihuahua220184701_f.jpg"
"Beverly Hills Cop","1984","105 mins","7.4","Action; Comedy; Crime; Thriller","Vudu","No","","No","C:\Users\natha\OneDrive\Documents\Movie Collector\Images\BeverlyHillsCop198484321_f.jpg"
"Beverly Hills Cop II","1987","100 mins","6.6","Action; Comedy; Crime; Thriller","Vudu","No","","No","C:\Users\natha\OneDrive\Documents\Movie Collector\Images\BeverlyHillsCopII198784327_f.jpg"
"Beverly Hills Cop III","1994","104 mins","5.5","Action; Comedy; Crime; Thriller","Vudu","No","","No","C:\Users\natha\OneDrive\Documents\Movie Collector\Images\BeverlyHillsCopIII199484331_f.jpg"
"Beverly Hills Ninja","1997","88 mins","5.6","Action; Comedy","Vudu","No","","No","C:\Users\natha\OneDrive\Documents\Movie Collector\Images\BeverlyHillsNinja199784341_f.jpg"
"Bewitched","2005","102 mins","4.9","Comedy; Fantasy; Romance","Vudu","No","","No","C:\Users\natha\OneDrive\Documents\Movie Collector\Images\Bewitched200584696_f.jpg"
"Bewitched: Season 1","1965","910 mins","7.6","Comedy; Family; Fantasy; Romance","Vudu","Yes","","No","C:\Users\natha\OneDrive\Documents\Movie Collector\Images\BewitchedSeason1196563994_f.jpg"
"Bewitched: Season 2","1965","950 mins","7.6","Comedy; Family; Fantasy; Romance","Vudu","Yes","","No","C:\Users\natha\OneDrive\Documents\Movie Collector\Images\BewitchedSeason2196564006_f.jpg"
"Bewitched: Season 3","1966","825 mins","7.6","Comedy; Family; Fantasy; Romance","Vudu","Yes","","No","C:\Users\natha\OneDrive\Documents\Movie Collector\Images\BewitchedSeason3196664016_f.jpg"
"Bewitched: Season 4","1968","975 mins","7.6","Comedy; Family; Fantasy; Romance","Vudu","Yes","","No","C:\Users\natha\OneDrive\Documents\Movie Collector\Images\BewitchedSeason4196864024_f.jpg"
"Bewitched: Season 5","1969","831 mins","7.6","Comedy; Family; Fantasy; Romance","Vudu","Yes","","No","C:\Users\natha\OneDrive\Documents\Movie Collector\Images\BewitchedSeason5196964030_f.jpg"
"Bewitched: Season 6","1969","736 mins","7.6","Comedy; Family; Fantasy; Romance","Vudu","Yes","","No","C:\Users\natha\OneDrive\Documents\Movie Collector\Images\BewitchedSeason6196964035_f.jpg"
"Bewitched: Season 7","1971","702 mins","7.6","Comedy; Family; Fantasy; Romance","Vudu","Yes","","No","C:\Users\natha\OneDrive\Documents\Movie Collector\Images\BewitchedSeason7197164038_f.jpg"
"Bewitched: Season 8","1972","673 mins","7.6","Comedy; Family; Fantasy; Romance","Vudu","Yes","","No","C:\Users\natha\OneDrive\Documents\Movie Collector\Images\BewitchedSeason8197264042_f.jpg"
"The BFG","2016","117 mins","6.3","Adventure; Family; Fantasy","Vudu","No","","No","C:\Users\natha\OneDrive\Documents\Movie Collector\Images\TheBFG201684190_f.jpg"
"The Bible: The Epic Miniseries","2013","561 mins","7.4","Drama","Blu-ray","Yes","2013","No","C:\Users\natha\OneDrive\Documents\Movie Collector\Images\TheBibleTheEpicMiniseries44760_f.jpg"
"Bibleman Genesis: Breaking The Bonds Of Disobedience","2006","60 mins","5.3","Children","DVD","No","2008","No","C:\Users\natha\OneDrive\Documents\Movie Collector\Images\BiblemanGenesisBreakingThe291_f.jpg"
"Bibleman Genesis: The Six Lies Of The Fibbler","","","0","Family; Religious","DVD","No","","No","C:\Users\natha\OneDrive\Documents\Movie Collector\Images\BiblemanGenesisTheSixLies66522_f.jpg"
"Big","1988","104 mins","7.3","Comedy; Drama; Fantasy; Romance","Vudu","No","","No","C:\Users\natha\OneDrive\Documents\Movie Collector\Images\Big198884226_f.jpg"
"The Big Bang Theory: Season 1","2007","355 mins","8.1","Comedy","Vudu","Yes","2008","No","C:\Users\natha\OneDrive\Documents\Movie Collector\Images\TheBigBangTheorySeason181245_f.jpg"
"The Big Bang Theory: Season 2","2008","481 mins","8.1","Comedy","Vudu","Yes","2009","No","C:\Users\natha\OneDrive\Documents\Movie Collector\Images\TheBigBangTheorySeason281255_f.jpg"
"The Big Bang Theory: Season 10","2016","471 mins","8.1","Comedy; Romance","Vudu","Yes","","No","C:\Users\natha\OneDrive\Documents\Movie Collector\Images\TheBigBangTheorySeason1081312_f.jpg"
"The Big Bang Theory: Season 11","2017","22 mins","8.1","Comedy; Romance","Vudu","Yes","","No","C:\Users\natha\OneDrive\Documents\Movie Collector\Images\TheBigBangTheorySeason1181314_f.jpg"
"The Big Bang Theory: Season 12","2018","463 mins","8.1","Comedy; Romance","Vudu","Yes","","No","C:\Users\natha\OneDrive\Documents\Movie Collector\Images\TheBigBangTheorySeason1281301_f.jpg"
"The Big Bang Theory: Season 3","2009","472 mins","8.1","Comedy","Vudu","Yes","2010","No","C:\Users\natha\OneDrive\Documents\Movie Collector\Images\TheBigBangTheorySeason381260_f.jpg"
"The Big Bang Theory: Season 4","2010","501 mins","8.1","Comedy","Vudu","Yes","2011","No","C:\Users\natha\OneDrive\Documents\Movie Collector\Images\TheBigBangTheorySeason481267_f.jpg"
"The Big Bang Theory: Season 5","2011","476 mins","8.1","Comedy","Vudu","Yes","2012","No","C:\Users\natha\OneDrive\Documents\Movie Collector\Images\TheBigBangTheorySeason581274_f.jpg"
"The Big Bang Theory: Season 6","2012","462 mins","8.1","Comedy","Vudu","Yes","2013","No","C:\Users\natha\OneDrive\Documents\Movie Collector\Images\TheBigBangTheorySeason681291_f.jpg"
"The Big Bang Theory: Season 7","2013","471 mins","8.1","Comedy","Vudu","Yes","2014","No","C:\Users\natha\OneDrive\Documents\Movie Collector\Images\TheBigBangTheorySeason781294_f.jpg"
"The Big Bang Theory: Season 8","2014","478 mins","8.1","Comedy","Vudu","Yes","2015","No","C:\Users\natha\OneDrive\Documents\Movie Collector\Images\TheBigBangTheorySeason881299_f.jpg"
"The Big Bang Theory: Season 9","2015","485 mins","8.1","Comedy; Romance","Vudu","Yes","","No","C:\Users\natha\OneDrive\Documents\Movie Collector\Images\TheBigBangTheorySeason981309_f.jpg"
"The Big Chill","1983","105 mins","7.1","Comedy; Drama","Vudu","No","","No","C:\Users\natha\OneDrive\Documents\Movie Collector\Images\TheBigChill19839627_f.jpg"
"The Big Country","1958","166 mins","7.9","Romance; Western","Vudu","No","","No","C:\Users\natha\OneDrive\Documents\Movie Collector\Images\TheBigCountry195812904_f.jpg"
"The Big Easy","1986","102 mins","6.5","Comedy; Crime; Drama; Romance; Thriller","Vudu","No","","No","C:\Users\natha\OneDrive\Documents\Movie Collector\Images\TheBigEasy198656774_f.jpg"
"Big Eyes","2014","106 mins","6.9","Biography; Crime; Drama; Romance","Vudu","No","","No","C:\Users\natha\OneDrive\Documents\Movie Collector\Images\BigEyes201456616_f.jpg"
"Big George Foreman","2023","129 mins","6.6","Biography; Drama; Sports","Vudu","No","","No","C:\Users\natha\OneDrive\Documents\Movie Collector\Images\BigGeorgeForeman20235903_f.jpg"
"The Big Heat","1953","89 mins","7.9","Crime; Film Noir; Thriller","Vudu","No","","No","C:\Users\natha\OneDrive\Documents\Movie Collector\Images\TheBigHeat195310042_f.jpg"
"Big Hero 6","2014","102 mins","7.8","Action; Adventure; Animation; Comedy; Family; Science Fiction","Vudu","No","2015","No","C:\Users\natha\OneDrive\Documents\Movie Collector\Images\BigHero6201484786_f.jpg"
"The Big Short","2015","130 mins","7.8","Biography; Comedy; Drama; History","Vudu","No","","No","C:\Users\natha\OneDrive\Documents\Movie Collector\Images\TheBigShort201593185_f.jpg"
"Bill & Ted's Excellent Adventure","1989","90 mins","6.9","Adventure; Comedy; Fantasy; Science Fiction","Vudu","No","","No","C:\Users\natha\OneDrive\Documents\Movie Collector\Images\BillTedsExcellentAdventu84485_f.jpg"
"Bill & Ted's Bogus Journey","1991","93 mins","6.3","Adventure; Comedy; Fantasy; Science Fiction","Vudu","No","","No","C:\Users\natha\OneDrive\Documents\Movie Collector\Images\BillTedsBogusJourney1984493_f.jpg"
"Bill & Ted Face The Music","2020","78 mins","5.9","Adventure; Comedy; Music; Science Fiction","Vudu","No","","No","C:\Users\natha\OneDrive\Documents\Movie Collector\Images\BillTedFaceTheMusic20284518_f.jpg"
"Billy Madison","1995","89 mins","6.4","Comedy","Vudu","No","","No","C:\Users\natha\OneDrive\Documents\Movie Collector\Images\BillyMadison199584400_f.jpg"
"Bingo","1991","89 mins","5.0","Adventure; Comedy; Family","Vudu","No","","No","C:\Users\natha\OneDrive\Documents\Movie Collector\Images\Bingo199137892_f.jpg"
"Bio-Dome","1996","88 mins","4.4","Comedy","Vudu","No","","No","C:\Users\natha\OneDrive\Documents\Movie Collector\Images\BioDome199684447_f.jpg"
"The Birdcage","1996","117 mins","7.2","Comedy","Vudu","No","","No","C:\Users\natha\OneDrive\Documents\Movie Collector\Images\TheBirdcage199612641_f.jpg"
"Birdman of Alcatraz","1962","147 mins","7.8","Biography; Crime; Drama","Vudu","No","","No","C:\Users\natha\OneDrive\Documents\Movie Collector\Images\BirdmanofAlcatraz196212924_f.jpg"
"The Birds","1963","119 mins","7.6","Drama; Horror; Mystery; Romance","Vudu","No","","No","C:\Users\natha\OneDrive\Documents\Movie Collector\Images\TheBirds196357186_f.jpg"
"Birds of Prey","2020","109 mins","6.1","Action; Adventure; Comedy; Crime","Vudu","No","","No","C:\Users\natha\OneDrive\Documents\Movie Collector\Images\BirdsofPrey2020878_f.jpg"
"The Bishop's Wife","1947","109 mins","7.6","Comedy; Drama; Fantasy; Romance","","No","","No","C:\Users\natha\OneDrive\Documents\Movie Collector\Images\TheBishopsWife194793970_f.jpg"
"Black Adam","2022","126 mins","6.1","Action; Adventure; Fantasy; Science Fiction","Vudu","No","","No","C:\Users\natha\OneDrive\Documents\Movie Collector\Images\BlackAdam20225775_f.jpg"
"The Black Cauldron","1985","80 mins","6.3","Animation; Family; Fantasy","Vudu","No","1985","No","C:\Users\natha\OneDrive\Documents\Movie Collector\Images\TheBlackCauldron198587162_f.jpg"
"The Black Demon","2023","100 mins","3.7","Horror; Science Fiction; Thriller","Vudu","No","","No","C:\Users\natha\OneDrive\Documents\Movie Collector\Images\TheBlackDemon2023563_f.jpg"
"Black Hawk Down","2001","144 mins","7.7","Action; War","Vudu","No","2002","No","C:\Users\natha\OneDrive\Documents\Movie Collector\Images\BlackHawkDownVUDU200187028_f.jpg"
"The Black Hole","1979","98 mins","5.9","Action; Science Fiction","Vudu","No","","No","C:\Users\natha\OneDrive\Documents\Movie Collector\Images\TheBlackHole197937587_f.jpg"
"Black Panther","2018","134 mins","7.3","Action; Adventure; Drama; Fantasy; Science Fiction; Thriller","Vudu","No","","No","C:\Users\natha\OneDrive\Documents\Movie Collector\Images\BlackPanther2018994_f.jpg"
"Black Panther: Wakanda Forever","2022","161 mins","6.6","Action; Adventure; Drama; Science Fiction","Vudu","No","","No","C:\Users\natha\OneDrive\Documents\Movie Collector\Images\BlackPantherWakandaForever1040_f.jpg"
"Black Phone 2","2025","114 mins","6.1","Horror","","No","","No","C:\Users\natha\OneDrive\Documents\Movie Collector\Images\BlackPhone2202594605_f.jpg"
"Black Sheep","1996","87 mins","6.2","Comedy","Vudu","No","","No","C:\Users\natha\OneDrive\Documents\Movie Collector\Images\BlackSheep199684411_f.jpg"
"Black Widow","2021","133 mins","6.6","Action; Adventure; Science Fiction","Vudu","No","","No","C:\Users\natha\OneDrive\Documents\Movie Collector\Images\BlackWidow202124517_f.jpg"
"Blackbeard's Ghost","1968","106 mins","6.8","Comedy; Family; Fantasy","Vudu","No","","No","C:\Users\natha\OneDrive\Documents\Movie Collector\Images\BlackbeardsGhost196850889_f.jpg"
"Blade Runner","1982","117 mins","8.1","Action; Drama; Science Fiction; Thriller","Vudu","No","","No","C:\Users\natha\OneDrive\Documents\Movie Collector\Images\BladeRunner198253591_f.jpg"
"Blade Runner 2049","2017","164 mins","8.0","Action; Drama; Mystery; Science Fiction; Thriller","Vudu","No","","No","C:\Users\natha\OneDrive\Documents\Movie Collector\Images\BladeRunner2049201712588_f.jpg"
"Blades of Glory","2007","93 mins","6.3","Comedy; Sports","Vudu","No","2007","No","C:\Users\natha\OneDrive\Documents\Movie Collector\Images\BladesofGlory200734919_f.jpg"
"Blankman","1994","92 mins","5.1","Action; Comedy; Crime","Vudu","No","","No","C:\Users\natha\OneDrive\Documents\Movie Collector\Images\Blankman199437662_f.jpg"
"Blazing Saddles","1974","93 mins","7.7","Comedy; Western","Vudu","No","","No","C:\Users\natha\OneDrive\Documents\Movie Collector\Images\BlazingSaddles1974877628ZXG_f.jpg"
"Blended","2014","117 mins","6.5","Comedy; Romance","Vudu","No","","No","C:\Users\natha\OneDrive\Documents\Movie Collector\Images\Blended20148806_f.jpg"
"The Blind","2023","108 mins","6.2","Drama","Vudu","No","","No","C:\Users\natha\OneDrive\Documents\Movie Collector\Images\TheBlind202313727_f.jpg"
"Blind Date","1987","95 mins","6.0","Comedy; Romance","Vudu","No","","No","C:\Users\natha\OneDrive\Documents\Movie Collector\Images\BlindDate198737736_f.jpg"
"The Blind Side","2009","129 mins","7.6","Biography; Drama; Sports","Vudu","No","","No","C:\Users\natha\OneDrive\Documents\Movie Collector\Images\TheBlindSide200981781_f.jpg"
"The Blob","1988","95 mins","6.7","Horror; Science Fiction; Thriller","Vudu","No","","No","C:\Users\natha\OneDrive\Documents\Movie Collector\Images\TheBlob198837619_f.jpg"
"Blood and Bone","2009","93 mins","6.7","Action; Crime; Drama; Thriller","Vudu","No","","No","C:\Users\natha\OneDrive\Documents\Movie Collector\Images\BloodandBone200937676_f.jpg"
"Blood Father","2016","88 mins","6.4","Action; Crime; Drama; Thriller","Vudu","No","","No","C:\Users\natha\OneDrive\Documents\Movie Collector\Images\BloodFather201657358_f.jpg"
"Bloodsport","1988","92 mins","6.8","Action; Adventure; Martial Arts","Vudu","No","","No","C:\Users\natha\OneDrive\Documents\Movie Collector\Images\Bloodsport198884360_f.jpg"
"Blue Beetle","2023","127 mins","5.9","Action; Adventure; Science Fiction; Thriller","Vudu","No","","No","C:\Users\natha\OneDrive\Documents\Movie Collector\Images\BlueBeetle20239153_f.jpg"
"Blue Collar Comedy Tour Rides Again","2004","106 mins","7.0","Comedy","Vudu","No","2004","No","C:\Users\natha\OneDrive\Documents\Movie Collector\Images\BlueCollarComedyTourRides81605_f.jpg"
"Blue Collar Tv: Season 1","2005","440 mins","5.1","Comedy","Vudu","Yes","","No","C:\Users\natha\OneDrive\Documents\Movie Collector\Images\BlueCollarTvSeason1200567097_f.jpg"
"Blue Collar Tv: Season 2","2005","22 mins","5.1","Comedy","Vudu","Yes","","No","C:\Users\natha\OneDrive\Documents\Movie Collector\Images\BlueCollarTvSeason2200567114_f.jpg"
"Blue Hawaii","1961","102 mins","6.1","Comedy; Musical","Vudu","No","","No","C:\Users\natha\OneDrive\Documents\Movie Collector\Images\BlueHawaii196163496_f.jpg"
"Blue Steel","1990","102 mins","5.8","Action; Crime; Drama; Thriller","Vudu","No","","No","C:\Users\natha\OneDrive\Documents\Movie Collector\Images\BlueSteel199056784_f.jpg"
"Blue Thunder","1983","109 mins","6.4","Action; Crime; Drama; Thriller","Vudu","No","","No","C:\Users\natha\OneDrive\Documents\Movie Collector\Images\BlueThunder198360186_f.jpg"
"Blue Water, White Death","1971","99 mins","7.1","Documentary","Vudu","No","","No","C:\Users\natha\OneDrive\Documents\Movie Collector\Images\BlueWaterWhiteDeath19711191_f.jpg"
"Blue's Clues: Blue's Big Musical Movie","2000","78 mins","6.9","Family","DVD","No","2000","No","C:\Users\natha\OneDrive\Documents\Movie Collector\Images\BluesCluesBluesBigMusic87120_f.jpg"
"Bob & Carol & Ted & Alice","1969","105 mins","6.7","Comedy; Drama; Romance","Vudu","No","","No","C:\Users\natha\OneDrive\Documents\Movie Collector\Images\BobCarolTedAlice19610256_f.jpg"
"Bob The Builder: Best Of Bob The Builder","","","5.6","Family","DVD","No","2010","No","C:\Users\natha\OneDrive\Documents\Movie Collector\Images\BobTheBuilderBestOfBobT87143_f.jpg"
"Body Double","1984","","6.8","Thriller","Vudu","No","","No","C:\Users\natha\OneDrive\Documents\Movie Collector\Images\BodyDouble198466615_f.jpg"
"Body of Lies","2008","128 mins","7.0","Action; Drama; Thriller","Vudu","No","","No","C:\Users\natha\OneDrive\Documents\Movie Collector\Images\BodyofLies20089004_f.jpg"
"The Bodyguard","1992","129 mins","6.4","Action; Drama; Music; Romance; Thriller","Vudu","No","","No","C:\Users\natha\OneDrive\Documents\Movie Collector\Images\TheBodyguard199254070_f.jpg"
"Boeing, Boeing","1965","102 mins","6.4","Comedy","Vudu","No","","No","C:\Users\natha\OneDrive\Documents\Movie Collector\Images\BoeingBoeing19655529_f.jpg"
"Bolt","2008","89 mins","6.8","Animation; Comedy; Family","Vudu","No","2009","No","C:\Users\natha\OneDrive\Documents\Movie Collector\Images\Bolt200884730_f.jpg"
"Bombshell","2019","108 mins","6.8","Biography; Drama","Vudu","No","","No","C:\Users\natha\OneDrive\Documents\Movie Collector\Images\Bombshell201984354_f.jpg"
"Bonnie and Clyde","1967","111 mins","7.7","Action; Biography; Crime; Drama","Vudu","No","","No","C:\Users\natha\OneDrive\Documents\Movie Collector\Images\BonnieandClyde196753612_f.jpg"
"Boo! A Madea Halloween","2016","103 mins","4.7","Comedy; Drama; Horror","Vudu","No","","No","C:\Users\natha\OneDrive\Documents\Movie Collector\Images\BooAMadeaHalloween201631908_f.jpg"
"Boo 2! A Madea Halloween","2017","101 mins","4.1","Comedy; Drama; Horror; Mystery","Vudu","No","","No","C:\Users\natha\OneDrive\Documents\Movie Collector\Images\Boo2AMadeaHalloween201731920_f.jpg"
"Boogie Nights","1997","155 mins","7.9","Drama","Vudu","No","","No","C:\Users\natha\OneDrive\Documents\Movie Collector\Images\BoogieNights199753634_f.jpg"
"Book Club","2018","104 mins","6.1","Comedy; Drama; Romance","Vudu","No","","No","C:\Users\natha\OneDrive\Documents\Movie Collector\Images\BookClub201893175_f.jpg"
"The Book Of Pooh: Stories From The Heart","2001","30 mins","6.3","Family","DVD","No","2001","No","C:\Users\natha\OneDrive\Documents\Movie Collector\Images\TheBookOfPoohStoriesFrom81278_f.jpg"
"Das Boot","1981","149 mins","8.4","Drama; War","Vudu","No","","No","C:\Users\natha\OneDrive\Documents\Movie Collector\Images\DasBoot198137705_f.jpg"
"Booty Call","1997","79 mins","5.5","Comedy; Romance","Vudu","No","","No","C:\Users\natha\OneDrive\Documents\Movie Collector\Images\BootyCall199757203_f.jpg"
"Borderlands","2024","101 mins","4.7","Action; Adventure; Comedy; Science Fiction; Thriller","Vudu","No","","No","C:\Users\natha\OneDrive\Documents\Movie Collector\Images\Borderlands202453458_f.jpg"
"Born Free","1966","95 mins","7.2","Adventure; Biography; Drama; Family; History","Vudu","No","","No","C:\Users\natha\OneDrive\Documents\Movie Collector\Images\BornFree196634533_f.jpg"
"Born Yesterday","1950","103 mins","7.5","Comedy; Drama; Romance","Vudu","No","","No","C:\Users\natha\OneDrive\Documents\Movie Collector\Images\BornYesterday19505550_f.jpg"
"The Boss Baby","2017","97 mins","6.3","Adventure; Animation; Comedy; Family; Fantasy","Vudu","No","","No","C:\Users\natha\OneDrive\Documents\Movie Collector\Images\TheBossBaby201775668_f.jpg"
"The Bourne Identity","2002","119 mins","7.8","Action; Mystery; Thriller","Vudu","No","","No","C:\Users\natha\OneDrive\Documents\Movie Collector\Images\TheBourneIdentity200231518_f.jpg"
"The Bourne Supremacy","2004","108 mins","7.7","Action; Mystery; Thriller","Vudu","No","2004","No","C:\Users\natha\OneDrive\Documents\Movie Collector\Images\TheBourneSupremacy200431579_f.jpg"
"The Bourne Ultimatum","2007","115 mins","8.0","Action; Adventure; Mystery; Thriller","Vudu","No","","No","C:\Users\natha\OneDrive\Documents\Movie Collector\Images\TheBourneUltimatum200731531_f.jpg"
"The Bourne Legacy","2012","135 mins","6.6","Action; Adventure; Thriller","Vudu","No","","No","C:\Users\natha\OneDrive\Documents\Movie Collector\Images\TheBourneLegacy201231542_f.jpg"
"Jason Bourne","2016","123 mins","6.6","Action; Thriller","Vudu","No","","No","C:\Users\natha\OneDrive\Documents\Movie Collector\Images\JasonBourne201631554_f.jpg"
"The Boxtrolls","2014","96 mins","6.8","Adventure; Animation; Comedy; Family; Fantasy","Vudu","No","","No","C:\Users\natha\OneDrive\Documents\Movie Collector\Images\TheBoxtrolls201475765_f.jpg"
"Brave","2012","93 mins","7.1","Action; Adventure; Animation; Comedy; Family","Vudu","No","2012","No","C:\Users\natha\OneDrive\Documents\Movie Collector\Images\BraveVUDU201284753_f.jpg"
"Brave Little Tailor","1938","9 mins","7.5","Animation; Comedy; Family","Vudu","No","","No","C:\Users\natha\OneDrive\Documents\Movie Collector\Images\BraveLittleTailor193835294_f.jpg"
"Braveheart","1995","178 mins","8.3","Biography; Drama; History; War","Vudu","No","","No","C:\Users\natha\OneDrive\Documents\Movie Collector\Images\Braveheart19956208_f.jpg"
"Breakdown","1997","93 mins","7.0","Crime; Drama; Mystery; Thriller","Vudu","No","","No","C:\Users\natha\OneDrive\Documents\Movie Collector\Images\Breakdown199724758_f.jpg"
"Breakfast at Tiffany's","1961","115 mins","7.5","Comedy; Drama; Romance","Vudu","No","","No","C:\Users\natha\OneDrive\Documents\Movie Collector\Images\BreakfastatTiffanys19615570_f.jpg"
"Breaking Bad: Season 1","2008","346 mins","9.5","Crime; Drama; Thriller","Vudu","Yes","","No","C:\Users\natha\OneDrive\Documents\Movie Collector\Images\BreakingBadSeason1200850153_f.jpg"
"Breaking Bad: Season 2","2009","611 mins","9.5","Crime; Drama; Thriller","Vudu","Yes","","No","C:\Users\natha\OneDrive\Documents\Movie Collector\Images\BreakingBadSeason2200950173_f.jpg"
"Breaking Bad: Season 3","2010","611 mins","9.5","Crime; Drama; Thriller","Vudu","Yes","","No","C:\Users\natha\OneDrive\Documents\Movie Collector\Images\BreakingBadSeason3201050180_f.jpg"
"Breaking Bad: Season 4","2011","780 mins","9.5","Crime; Drama; Thriller","Vudu","Yes","","No","C:\Users\natha\OneDrive\Documents\Movie Collector\Images\BreakingBadSeason4201150186_f.jpg"
"Breaking Bad: Season 5","2012","776 mins","9.5","Crime; Drama; Thriller","Vudu","Yes","","No","C:\Users\natha\OneDrive\Documents\Movie Collector\Images\BreakingBadSeason5201250192_f.jpg"
"Breaking Bad: Season 6","","","0","Crime; Drama; Thriller","Vudu","No","","No","C:\Users\natha\OneDrive\Documents\Movie Collector\Images\BreakingBadSeason666737_f.jpg"
"The Break-Up","2006","106 mins","5.8","Comedy; Drama; Romance","Vudu","No","","No","C:\Users\natha\OneDrive\Documents\Movie Collector\Images\TheBreakUp20068792_f.jpg"
"Brian's Song","1971","73 mins","7.5","Biography; Drama; Sports","Vudu","No","","No","C:\Users\natha\OneDrive\Documents\Movie Collector\Images\BriansSong19719840_f.jpg"
"Bridge To Terabithia","2007","95 mins","7.2","Action; Adventure; Family; Fantasy","Vudu","No","2007","No","C:\Users\natha\OneDrive\Documents\Movie Collector\Images\BridgeToTerabithia200741089_f.jpg"
"A Bridge Too Far","1977","175 mins","7.4","Drama; History; War","Vudu","No","","No","C:\Users\natha\OneDrive\Documents\Movie Collector\Images\ABridgeTooFar197712943_f.jpg"
"The Bridges Of Madison County","1995","135 mins","7.6","Drama; Romance","Vudu","No","","No","C:\Users\natha\OneDrive\Documents\Movie Collector\Images\TheBridgesOfMadisonCounty66703_f.jpg"
"Bringing Out the Dead","1999","121 mins","6.9","Drama; Thriller","Vudu","No","","No","C:\Users\natha\OneDrive\Documents\Movie Collector\Images\BringingOuttheDead199963505_f.jpg"
"Broken Arrow","1996","108 mins","6.1","Action; Adventure; Thriller","Vudu","No","","No","C:\Users\natha\OneDrive\Documents\Movie Collector\Images\BrokenArrow199667247_f.jpg"
"Bros","2022","115 mins","6.3","Comedy; Romance","Vudu","No","","No","C:\Users\natha\OneDrive\Documents\Movie Collector\Images\Bros202260520_f.jpg"
"Brother Bear","2003","85 mins","6.9","Adventure; Animation; Comedy; Drama; Family; Fantasy; Musical","Vudu","No","","No","C:\Users\natha\OneDrive\Documents\Movie Collector\Images\BrotherBear200384131_f.jpg"
"Brother Bear 2","2006","74 mins","6.1","Adventure; Animation; Comedy; Family; Fantasy; Romance","Vudu","No","","No","C:\Users\natha\OneDrive\Documents\Movie Collector\Images\BrotherBear2200684672_f.jpg"
"The Brothers Grimm","2005","118 mins","5.9","Action; Adventure; Comedy; Fantasy; Horror; Mystery; Thriller","Vudu","No","","No","C:\Users\natha\OneDrive\Documents\Movie Collector\Images\TheBrothersGrimm20058821_f.jpg"
"Bruce Almighty","2003","101 mins","6.8","Comedy; Fantasy; Romance","Vudu","No","2003","No","C:\Users\natha\OneDrive\Documents\Movie Collector\Images\BruceAlmightyVUDU200387035_f.jpg"
"Buck and the Preacher","1972","102 mins","6.6","Adventure; Drama; Western","Vudu","No","","No","C:\Users\natha\OneDrive\Documents\Movie Collector\Images\BuckandthePreacher197210174_f.jpg"
"The Bucket List","2007","97 mins","7.3","Adventure; Comedy; Drama","Vudu","No","","No","C:\Users\natha\OneDrive\Documents\Movie Collector\Images\TheBucketList200787270_f.jpg"
"Buddy","1997","84 mins","4.8","Adventure; Comedy; Drama; Family","Vudu","No","2002","No","C:\Users\natha\OneDrive\Documents\Movie Collector\Images\Buddy19979369_f.jpg"
"Buddy Games","2019","90 mins","4.8","Comedy","Vudu","No","","No","C:\Users\natha\OneDrive\Documents\Movie Collector\Images\BuddyGames20199075_f.jpg"
"Buddy Games: Spring Awakening","2023","91 mins","4.5","Comedy","Vudu","No","","No","C:\Users\natha\OneDrive\Documents\Movie Collector\Images\BuddyGamesSpringAwakening9828_f.jpg"
"Bug","2006","102 mins","6.1","Drama; Horror; Thriller","Vudu","No","","No","C:\Users\natha\OneDrive\Documents\Movie Collector\Images\Bug200687385_f.jpg"
"Bug Rangers: Submarine Sandwich","2006","35 mins","0","Animation; Children; Family","DVD","No","","No","C:\Users\natha\OneDrive\Documents\Movie Collector\Images\BugRangersSubmarineSandwic34889_f.jpg"
"A Bug's Life","1998","95 mins","7.2","Animation; Comedy; Family","Vudu","No","2009","No","C:\Users\natha\OneDrive\Documents\Movie Collector\Images\ABugsLifeVUDU199878716_f.jpg"
"Bullet Train","2022","127 mins","7.3","Action; Comedy; Thriller","Vudu","No","","No","C:\Users\natha\OneDrive\Documents\Movie Collector\Images\BulletTrain20221154_f.jpg"
"Bullitt","1968","114 mins","7.4","Action; Crime; Thriller","Vudu","No","","No","C:\Users\natha\OneDrive\Documents\Movie Collector\Images\Bullitt196853878_f.jpg"
"Buried","2010","95 mins","7.0","Drama; Mystery; Thriller","Vudu","No","","No","C:\Users\natha\OneDrive\Documents\Movie Collector\Images\Buried201054367_f.jpg"
"But I'm a Cheerleader","1999","85 mins","6.8","Comedy; Drama; Romance","Vudu","No","","No","C:\Users\natha\OneDrive\Documents\Movie Collector\Images\ButImaCheerleader199956759_f.jpg"
"Butterflies Are Free","1972","109 mins","7.2","Comedy; Drama; Music; Romance","Vudu","No","","No","C:\Users\natha\OneDrive\Documents\Movie Collector\Images\ButterfliesAreFree197210275_f.jpg"
"The Butterfly Effect","2004","113 mins","7.6","Drama; Science Fiction; Thriller","Vudu","No","","No","C:\Users\natha\OneDrive\Documents\Movie Collector\Images\TheButterflyEffect200469891_f.jpg"
"Buzby The Misbehaving Bee","","","0","Family","DVD","No","2005","No","C:\Users\natha\OneDrive\Documents\Movie Collector\Images\BuzbyTheMisbehavingBee34890_f.jpg"
"Bye Bye Birdie","1963","112 mins","6.6","Comedy; Musical","Vudu","No","","No","C:\Users\natha\OneDrive\Documents\Movie Collector\Images\ByeByeBirdie19639808_f.jpg"
"The Cable Guy","1996","96 mins","6.1","Comedy; Drama; Thriller","Vudu","No","","No","C:\Users\natha\OneDrive\Documents\Movie Collector\Images\TheCableGuy199684441_f.jpg"
"Cactus Flower","1969","104 mins","7.2","Comedy; Romance","Vudu","No","","No","C:\Users\natha\OneDrive\Documents\Movie Collector\Images\CactusFlower196910153_f.jpg"
"Caddyshack","1980","98 mins","7.2","Comedy; Sports","Vudu","No","","No","C:\Users\natha\OneDrive\Documents\Movie Collector\Images\Caddyshack19806288_f.jpg"
"The Caine Mutiny","1954","124 mins","7.7","Drama; War","Vudu","No","","No","C:\Users\natha\OneDrive\Documents\Movie Collector\Images\TheCaineMutiny19549880_f.jpg"
"The Call","2013","94 mins","6.7","Drama; Horror; Thriller","","No","","No","C:\Users\natha\OneDrive\Documents\Movie Collector\Images\TheCall201394125_f.jpg"
"Camel Spiders","2011","79 mins","2.6","Action; Adventure; Comedy; Horror; Science Fiction; Thriller","Vudu","No","","No","C:\Users\natha\OneDrive\Documents\Movie Collector\Images\CamelSpiders2011873886053_f.jpg"
"Candleshoe","1977","101 mins","6.7","Adventure; Comedy; Family","Vudu","No","","No","C:\Users\natha\OneDrive\Documents\Movie Collector\Images\Candleshoe197737402_f.jpg"
"Can't Hardly Wait","1998","100 mins","6.5","Comedy; Romance","Vudu","No","","No","C:\Users\natha\OneDrive\Documents\Movie Collector\Images\CantHardlyWait19989764_f.jpg"
"Capote","2005","114 mins","7.3","Biography; Crime; Drama; History","Vudu","No","","No","C:\Users\natha\OneDrive\Documents\Movie Collector\Images\Capote200512954_f.jpg"
"Captain America: The First Avenger","2011","124 mins","6.9","Action; Adventure; Drama; Fantasy; Science Fiction","Vudu","No","","No","C:\Users\natha\OneDrive\Documents\Movie Collector\Images\CaptainAmericaTheFirstAve84501_f.jpg"
"Captain America: Civil War","2016","147 mins","7.8","Action; Adventure; Comedy; Fantasy; Science Fiction; Thriller","Vudu","No","","No","C:\Users\natha\OneDrive\Documents\Movie Collector\Images\CaptainAmericaCivilWar2084483_f.jpg"
"Captain America: Brave New World","2025","118 mins","5.6","Action; Adventure; Science Fiction","Vudu","No","","No","C:\Users\natha\OneDrive\Documents\Movie Collector\Images\CaptainAmericaBraveNewWor63935_f.jpg"
"Captain Marvel","2019","123 mins","6.7","Action; Adventure; Science Fiction","Vudu","No","","No","C:\Users\natha\OneDrive\Documents\Movie Collector\Images\CaptainMarvel201924728_f.jpg"
"Care Bears Movie 2: A New Generation","1986","76 mins","5.6","Adventure; Animation; Family","Vudu","No","2003","No","C:\Users\natha\OneDrive\Documents\Movie Collector\Images\CareBearsMovie2ANewGene35349_f.jpg"
"Career Opportunities","1991","83 mins","5.8","Comedy; Romance","Vudu","No","","No","C:\Users\natha\OneDrive\Documents\Movie Collector\Images\CareerOpportunities199160548_f.jpg"
"Cars","2006","117 mins","7.3","Action; Animation; Comedy; Family","Vudu","No","2011","No","C:\Users\natha\OneDrive\Documents\Movie Collector\Images\Cars200684760_f.jpg"
"Cars 2","2011","106 mins","6.2","Adventure; Animation; Family","Vudu","No","2011","No","C:\Users\natha\OneDrive\Documents\Movie Collector\Images\Cars2VUDU201184764_f.jpg"
"Cars 3","2017","102 mins","6.7","Adventure; Animation; Comedy","Vudu","No","2017","No","C:\Users\natha\OneDrive\Documents\Movie Collector\Images\Cars3201784638_f.jpg"
"Casablanca","1942","102 mins","8.5","Drama; Romance; War","Vudu","No","","No","C:\Users\natha\OneDrive\Documents\Movie Collector\Images\Casablanca194253808_f.jpg"
"The Case for Christ","2017","112 mins","6.4","Biography; Drama","Vudu","No","","No","C:\Users\natha\OneDrive\Documents\Movie Collector\Images\TheCaseforChrist201769912_f.jpg"
"Casper","1995","100 mins","6.2","Comedy; Family; Fantasy","Vudu","No","","No","C:\Users\natha\OneDrive\Documents\Movie Collector\Images\Casper199569683_f.jpg"
"Cast Away","2000","143 mins","7.8","Adventure; Drama; Romance","Vudu","No","","No","C:\Users\natha\OneDrive\Documents\Movie Collector\Images\CastAway20006308_f.jpg"
"Casualties of War","1989","113 mins","7.1","Action; Crime; Drama; War","Vudu","No","","No","C:\Users\natha\OneDrive\Documents\Movie Collector\Images\CasualtiesofWar19899861_f.jpg"
"Cat Ballou","1965","97 mins","6.7","Western","Vudu","No","","No","C:\Users\natha\OneDrive\Documents\Movie Collector\Images\CatBallou19659901_f.jpg"
"The Cat from Outer Space","1978","104 mins","6.0","Comedy; Family; Science Fiction","Vudu","No","","No","C:\Users\natha\OneDrive\Documents\Movie Collector\Images\TheCatfromOuterSpace197884144_f.jpg"
"The Cat In The Hat","2003","82 mins","4.2","Adventure; Comedy; Family; Fantasy","Vudu","No","2004","No","C:\Users\natha\OneDrive\Documents\Movie Collector\Images\TheCatInTheHat200387042_f.jpg"
"Catch Me If You Can","2002","141 mins","8.1","Biography; Crime; Drama","Vudu","No","","No","C:\Users\natha\OneDrive\Documents\Movie Collector\Images\CatchMeIfYouCan20025825_f.jpg"
"Catfish","2010","87 mins","7.1","Documentary; Drama; Mystery; Thriller","Vudu","No","","No","C:\Users\natha\OneDrive\Documents\Movie Collector\Images\Catfish201069847_f.jpg"
"Cats & Dogs","2001","87 mins","5.2","Comedy; Family; Fantasy","Vudu","No","2001","Yes","C:\Users\natha\OneDrive\Documents\Movie Collector\Images\CatsDogsVUDU200187260_f.jpg"
"Cats & Dogs: The Revenge Of Kitty Galore","2009","82 mins","4.4","Action; Comedy; Family","Vudu","No","2010","No","C:\Users\natha\OneDrive\Documents\Movie Collector\Images\CatsDogsTheRevengeOfKi84769_f.jpg"
"Cats & Dogs 3: Paws Unite","2020","84 mins","3.8","Action; Comedy; Family; Fantasy","Vudu","No","","No","C:\Users\natha\OneDrive\Documents\Movie Collector\Images\CatsDogs3PawsUnite20284503_f.jpg"
"Cedarmont Kids: Sing Along Songs: Action Bible Songs","1995","","0","Family","DVD","No","1997","No","C:\Users\natha\OneDrive\Documents\Movie Collector\Images\CedarmontKidsSingAlongSon69632_f.jpg"
"Celebrating Mickey","2018","99 mins","0","Animation; Children; Comedy; Family; Fantasy; Music; Musical; Romance","Vudu","No","","No","C:\Users\natha\OneDrive\Documents\Movie Collector\Images\CelebratingMickey201875393_f.jpg"
"Cell","2016","98 mins","4.5","Action; Adventure; Horror; Science Fiction; Thriller","Vudu","No","","No","C:\Users\natha\OneDrive\Documents\Movie Collector\Images\Cell201690983CXM9_f.jpg"
"Chainsaw Man - The Movie: Reze Arc","2025","100 mins","8.4","Action; Adventure; Animation; Comedy; Fantasy; Romance; Thriller","","No","","No",""
"Champions","2023","124 mins","6.8","Comedy; Drama; Sports","Vudu","No","","No","C:\Users\natha\OneDrive\Documents\Movie Collector\Images\Champions202369797_f.jpg"
"Change Of Habit","1969","","0","Comedy; Musical","DVD","No","1987","No","C:\Users\natha\OneDrive\Documents\Movie Collector\Images\ChangeOfHabit19698985_f.jpg"
"Changing Lanes","2002","98 mins","6.5","Drama; Thriller","Vudu","No","","No","C:\Users\natha\OneDrive\Documents\Movie Collector\Images\ChangingLanes200241364_f.jpg"
"Chaos","2005","106 mins","6.4","Action; Crime; Drama; Thriller","Vudu","No","","No","C:\Users\natha\OneDrive\Documents\Movie Collector\Images\Chaos200587804XBKA_f.jpg"
"Chaos Walking","2021","109 mins","5.7","Action; Adventure; Fantasy; Science Fiction; Western","Vudu","No","","No","C:\Users\natha\OneDrive\Documents\Movie Collector\Images\ChaosWalking202156700_f.jpg"
"Chappie","2015","120 mins","6.8","Action; Crime; Drama; Science Fiction; Thriller","Vudu","No","","No","C:\Users\natha\OneDrive\Documents\Movie Collector\Images\Chappie201524739_f.jpg"
"Charlie And The Chocolate Factory","2005","115 mins","6.7","Adventure; Comedy; Family; Fantasy","Vudu","No","2005","No","C:\Users\natha\OneDrive\Documents\Movie Collector\Images\CharlieAndTheChocolateFact78761_f.jpg"
"A Charlie Brown Christmas","1965","25 mins","8.3","Animation; Comedy; Family","Blu-ray","No","2009","No","C:\Users\natha\OneDrive\Documents\Movie Collector\Images\ACharlieBrownChristmas19641045_f.jpg"
"Charlie's Angels","2000","98 mins","5.6","Action; Adventure; Comedy; Crime; Thriller","Vudu","No","","No","C:\Users\natha\OneDrive\Documents\Movie Collector\Images\CharliesAngels20008765_f.jpg"
"Charlie's Angels: Full Throttle","2003","106 mins","5.0","Action; Adventure; Comedy; Crime","Vudu","No","","No","C:\Users\natha\OneDrive\Documents\Movie Collector\Images\CharliesAngelsFullThrottl8781_f.jpg"
"Charlotte's Web","1973","94 mins","6.9","Animation; Family; Musical","Vudu","No","","No","C:\Users\natha\OneDrive\Documents\Movie Collector\Images\CharlottesWeb197375658_f.jpg"
"Charlotte's Web (Live Action)","2006","97 mins","6.3","Animation; Comedy; Family; Fantasy","Vudu","No","2007","No","C:\Users\natha\OneDrive\Documents\Movie Collector\Images\CharlottesWebLiveAction78765_f.jpg"
"The Cheap Detective","1978","92 mins","6.4","Comedy; Crime; Mystery; Romance; Thriller","Vudu","No","","No","C:\Users\natha\OneDrive\Documents\Movie Collector\Images\TheCheapDetective197837794_f.jpg"
"Cheaper by the Dozen","2003","98 mins","5.9","Comedy; Family","Vudu","No","2004","No","C:\Users\natha\OneDrive\Documents\Movie Collector\Images\CheaperbytheDozen20039112_f.jpg"
"Cheers: Season 1","1982","660 mins","8.0","Comedy; Drama","Vudu","Yes","","No","C:\Users\natha\OneDrive\Documents\Movie Collector\Images\CheersSeason1198250729_f.jpg"
"Cheers: Season 2","1983","660 mins","8.0","Comedy; Drama","Vudu","Yes","","No","C:\Users\natha\OneDrive\Documents\Movie Collector\Images\CheersSeason2198350747_f.jpg"
"Cheers: Season 3","1984","744 mins","8.0","Comedy; Drama","Vudu","Yes","","No","C:\Users\natha\OneDrive\Documents\Movie Collector\Images\CheersSeason3198450753_f.jpg"
"Cheers: Season 4","1985","780 mins","8.0","Comedy; Drama","Vudu","Yes","","No","C:\Users\natha\OneDrive\Documents\Movie Collector\Images\CheersSeason4198550754_f.jpg"
"Cheers: Season 5","1987","780 mins","8.0","Comedy; Drama","Vudu","Yes","","No","C:\Users\natha\OneDrive\Documents\Movie Collector\Images\CheersSeason5198750759_f.jpg"
"Cheers: Season 6","1987","750 mins","8.0","Comedy; Drama","Vudu","Yes","","No","C:\Users\natha\OneDrive\Documents\Movie Collector\Images\CheersSeason6198750763_f.jpg"
"Cheers: Season 7","1989","660 mins","8.0","Comedy; Drama","Vudu","Yes","","No","C:\Users\natha\OneDrive\Documents\Movie Collector\Images\CheersSeason7198950765_f.jpg"
"Cheers: Season 8","1989","780 mins","8.0","Comedy; Drama","Vudu","Yes","","No","C:\Users\natha\OneDrive\Documents\Movie Collector\Images\CheersSeason8198950767_f.jpg"
"Cheers: Season 9","1990","803 mins","8.0","Comedy; Drama","Vudu","Yes","","No","C:\Users\natha\OneDrive\Documents\Movie Collector\Images\CheersSeason9199050773_f.jpg"
"Cheers: Season 10","1992","780 mins","8.0","Comedy; Drama","Vudu","Yes","","No","C:\Users\natha\OneDrive\Documents\Movie Collector\Images\CheersSeason10199250779_f.jpg"
"Cheers: Season 11","1993","799 mins","8.0","Comedy; Drama","Vudu","Yes","","No","C:\Users\natha\OneDrive\Documents\Movie Collector\Images\CheersSeason11199350781_f.jpg"
"Chicken Little","2005","81 mins","5.7","Adventure; Animation; Comedy; Family; Fantasy; Science Fiction","Vudu","No","","No","C:\Users\natha\OneDrive\Documents\Movie Collector\Images\ChickenLittle200575664_f.jpg"
"Chicken Run","2000","84 mins","7.1","Adventure; Animation; Comedy; Drama; Family","Vudu","No","","No","C:\Users\natha\OneDrive\Documents\Movie Collector\Images\ChickenRun200075615_f.jpg"
"Chihuahua: The Movie","2010","90 mins","3.9","Comedy; Family; Fantasy","DVD","No","","No","C:\Users\natha\OneDrive\Documents\Movie Collector\Images\ChihuahuaTheMovie20104987_f.jpg"
"Children of the Damned","1964","89 mins","6.2","Drama; Horror; Mystery; Science Fiction","Vudu","No","","No","C:\Users\natha\OneDrive\Documents\Movie Collector\Images\ChildrenoftheDamned196453653_f.jpg"
"Chimpanzee","2012","78 mins","7.1","Adventure; Documentary; Family","Blu-ray","No","2012","No","C:\Users\natha\OneDrive\Documents\Movie Collector\Images\Chimpanzee201237932_f.jpg"
"China Girl","1987","90 mins","6.3","Crime; Drama; Romance","Vudu","No","","No","C:\Users\natha\OneDrive\Documents\Movie Collector\Images\ChinaGirl198756862_f.jpg"
"The China Syndrome","1979","118 mins","7.4","Drama; Thriller","Vudu","No","","No","C:\Users\natha\OneDrive\Documents\Movie Collector\Images\TheChinaSyndrome19799941_f.jpg"
"Chinatown","1974","130 mins","8.1","Drama; Mystery; Thriller","Vudu","No","","No","C:\Users\natha\OneDrive\Documents\Movie Collector\Images\Chinatown197463406_f.jpg"
"CHiPs: Season 1","1977","1052 mins","6.5","Crime; Drama; Mystery","Vudu","Yes","","No","C:\Users\natha\OneDrive\Documents\Movie Collector\Images\CHiPsSeason1197750254_f.jpg"
"CHiPs: Season 2","1978","1066 mins","6.5","Crime; Drama; Mystery","Vudu","Yes","","No","C:\Users\natha\OneDrive\Documents\Movie Collector\Images\CHiPsSeason2197850273_f.jpg"
"Chitty Chitty Bang Bang","1968","144 mins","7.0","Comedy; Family; Fantasy; Musical","Vudu","No","2010","No","C:\Users\natha\OneDrive\Documents\Movie Collector\Images\ChittyChittyBangBang196838140_f.jpg"
"The Chosen: Season 1","2019","394 mins","9.1","Drama; History","Vudu","Yes","","No","C:\Users\natha\OneDrive\Documents\Movie Collector\Images\TheChosenSeason1201966753_f.jpg"
"The Chosen: Season 2","2021","404 mins","9.1","Drama; History","Vudu","Yes","","No","C:\Users\natha\OneDrive\Documents\Movie Collector\Images\TheChosenSeason2202166762_f.jpg"
"The Chosen: Season 3","2022","536 mins","9.1","Drama; History","Vudu","Yes","","No","C:\Users\natha\OneDrive\Documents\Movie Collector\Images\TheChosenSeason3202266768_f.jpg"
"The Chosen: Season 4","2017","145 mins","9.1","Drama; History","Vudu","Yes","","No","C:\Users\natha\OneDrive\Documents\Movie Collector\Images\TheChosenSeason4201766667_f.jpg"
"Christine","1983","109 mins","6.8","Horror; Thriller","Vudu","No","","No","C:\Users\natha\OneDrive\Documents\Movie Collector\Images\Christine19839574_f.png"
"A Christmas Carol","2009","96 mins","6.8","Animation; Family; Fantasy","Vudu","No","2010","No","C:\Users\natha\OneDrive\Documents\Movie Collector\Images\AChristmasCarolVUDU200978718_f.jpg"
"A Christmas Carol","1951","86 mins","8.1","Drama; Fantasy","Vudu","No","","No","C:\Users\natha\OneDrive\Documents\Movie Collector\Images\AChristmasCarol19516244_f.jpg"
"A Christmas Story","1983","94 mins","7.9","Comedy; Family","Vudu","No","","No","C:\Users\natha\OneDrive\Documents\Movie Collector\Images\AChristmasStory19831173_f.jpg"
"A Christmas Story 2","2012","85 mins","3.6","Comedy; Family","Vudu","No","","No","C:\Users\natha\OneDrive\Documents\Movie Collector\Images\AChristmasStory220126266_f.jpg"
"A Christmas Story Christmas","2022","98 mins","6.7","Comedy; Family","Vudu","No","","No","C:\Users\natha\OneDrive\Documents\Movie Collector\Images\AChristmasStoryChristmas2587_f.jpg"
"Christmas Vacation 2: Cousin Eddie's Island Adventure","2003","83 mins","2.7","Comedy","Vudu","No","","No","C:\Users\natha\OneDrive\Documents\Movie Collector\Images\ChristmasVacation2CousinE9250_f.jpg"
"Christmas With The Kranks","2004","98 mins","5.5","Comedy; Family","Vudu","No","","No","C:\Users\natha\OneDrive\Documents\Movie Collector\Images\ChristmasWithTheKranksVU69924_f.jpg"
"Christopher Robin","2018","120 mins","7.2","Adventure; Animation; Comedy; Drama; Family; Fantasy","Vudu","No","","No","C:\Users\natha\OneDrive\Documents\Movie Collector\Images\ChristopherRobin20181269_f.jpg"
"The Chronicles Of Narnia: The Lion, The Witch And The Wardrobe","2005","143 mins","6.9","Adventure; Family; Fantasy","Vudu","No","2006","No","C:\Users\natha\OneDrive\Documents\Movie Collector\Images\TheChroniclesOfNarniaThe41075_f.jpg"
"The Chronicles Of Narnia: Prince Caspian","2008","150 mins","6.5","Action; Adventure; Family; Fantasy","Vudu","No","2008","No","C:\Users\natha\OneDrive\Documents\Movie Collector\Images\TheChroniclesOfNarniaPrin38318_f.jpg"
"The Chronicles Of Narnia: The Voyage Of The Dawn Treader","2010","115 mins","6.3","Adventure; Family; Fantasy","Vudu","No","2011","No","C:\Users\natha\OneDrive\Documents\Movie Collector\Images\TheChroniclesOfNarniaThe38330_f.jpg"
"Cinderella (Live Action)","2015","105 mins","6.9","Adventure; Drama; Family; Fantasy; Romance; Science Fiction","Vudu","No","","No","C:\Users\natha\OneDrive\Documents\Movie Collector\Images\CinderellaLiveAction201569737_f.jpg"
"Cinderella","1950","75 mins","7.3","Animation; Family; Musical","Vudu","No","2012","No","C:\Users\natha\OneDrive\Documents\Movie Collector\Images\Cinderella195078738_f.jpg"
"Cinderfella","1960","91 mins","5.9","Comedy; Family; Fantasy; Musical; Romance","Vudu","No","","No","C:\Users\natha\OneDrive\Documents\Movie Collector\Images\Cinderfella19605594_f.jpg"
"The Circle","2017","110 mins","5.4","Drama; Science Fiction; Thriller","Vudu","No","","No","C:\Users\natha\OneDrive\Documents\Movie Collector\Images\TheCircle20175611_f.jpg"
"Cirque Du Soleil: Worlds Away","2012","91 mins","6.8","Fantasy; Special Interest","Vudu","No","2013","No","C:\Users\natha\OneDrive\Documents\Movie Collector\Images\CirqueDuSoleilWorldsAway518_f.jpg"
"Citizen Kane","1941","119 mins","8.2","Drama; Mystery","Vudu","No","","No","C:\Users\natha\OneDrive\Documents\Movie Collector\Images\CitizenKane194153956_f.jpg"
"City Of Angels","1998","114 mins","6.7","Drama; Fantasy; Romance","Vudu","No","2004","No","C:\Users\natha\OneDrive\Documents\Movie Collector\Images\CityOfAngels199878429_f.jpg"
"Civil War","2024","109 mins","7.0","Action; Adventure; Thriller","Vudu","No","","No","C:\Users\natha\OneDrive\Documents\Movie Collector\Images\CivilWar202444443_f.jpg"
"Clear And Present Danger","1994","141 mins","6.9","Action; Crime; Drama; Thriller","Vudu","No","","No","C:\Users\natha\OneDrive\Documents\Movie Collector\Images\ClearAndPresentDanger199431650_f.jpg"
"Click","2006","107 mins","6.4","Comedy; Drama; Fantasy; Romance","Vudu","No","","No","C:\Users\natha\OneDrive\Documents\Movie Collector\Images\Click200643886_f.jpg"
"The Client","1994","119 mins","6.7","Crime; Drama; Mystery; Thriller","Vudu","No","","No","C:\Users\natha\OneDrive\Documents\Movie Collector\Images\TheClient199466699_f.jpg"
"Cliffhanger","1993","112 mins","6.5","Action; Adventure; Thriller","Vudu","No","","No","C:\Users\natha\OneDrive\Documents\Movie Collector\Images\Cliffhanger199324705_f.jpg"
"Clockmaker","1998","90 mins","3.7","Adventure; Science Fiction","DVD","No","","No","C:\Users\natha\OneDrive\Documents\Movie Collector\Images\Clockmaker19984806_f.jpg"
"A Clockwork Orange","1971","136 mins","8.2","Crime; Science Fiction","Vudu","No","","No","C:\Users\natha\OneDrive\Documents\Movie Collector\Images\AClockworkOrange197153519_f.jpg"
"Close Encounters of the Third Kind","1977","135 mins","7.6","Drama; Science Fiction","Vudu","No","","No","C:\Users\natha\OneDrive\Documents\Movie Collector\Images\CloseEncountersoftheThird5629_f.jpg"
"Cloudy with a Chance of Meatballs","2009","90 mins","6.9","Adventure; Animation; Comedy; Family; Fantasy; Science Fiction","Vudu","No","","No","C:\Users\natha\OneDrive\Documents\Movie Collector\Images\CloudywithaChanceofMeatba75609_f.jpg"
"Cloudy With A Chance Of Meatballs 2","2013","95 mins","6.3","Animation; Comedy; Family; Fantasy; Science Fiction","Vudu","No","2014","No","C:\Users\natha\OneDrive\Documents\Movie Collector\Images\CloudyWithAChanceOfMeatba75631_f.jpg"
"Cloverfield","2008","85 mins","7.0","Action; Science Fiction; Thriller","Vudu","No","2008","No","C:\Users\natha\OneDrive\Documents\Movie Collector\Images\CloverfieldVUDU200872474_f.jpg"
"Clue","1985","94 mins","7.3","Comedy; Crime; Mystery; Thriller","Vudu","No","","No","C:\Users\natha\OneDrive\Documents\Movie Collector\Images\Clue198591165J0VM_f.jpg"
"Clueless","1995","97 mins","6.9","Comedy; Romance","Vudu","No","","No","C:\Users\natha\OneDrive\Documents\Movie Collector\Images\Clueless199563291_f.jpg"
"CNN Election 2000","2000","65 mins","0","Special Interest","DVD","No","","No","C:\Users\natha\OneDrive\Documents\Movie Collector\Images\CNNElection200020001257_f.jpg"
"Coach Carter","2005","136 mins","7.3","Biography; Drama; Sports","Vudu","No","","No","C:\Users\natha\OneDrive\Documents\Movie Collector\Images\CoachCarter20055646_f.jpg"
"Cobra","1986","87 mins","5.8","Action; Adventure; Crime","Vudu","No","1998","No","C:\Users\natha\OneDrive\Documents\Movie Collector\Images\Cobra198624672_f.jpg"
"Cocaine Bear","2023","95 mins","5.9","Comedy; Thriller","Vudu","No","","No","C:\Users\natha\OneDrive\Documents\Movie Collector\Images\CocaineBear202369814_f.jpg"
"Cocaine Shark","2023","76 mins","1.7","Crime; Drama; Horror; Thriller","Vudu","No","","No","C:\Users\natha\OneDrive\Documents\Movie Collector\Images\CocaineShark202381578_f.jpg"
"Coco","2017","105 mins","8.4","Adventure; Animation; Comedy; Family; Fantasy","Vudu","No","","No","C:\Users\natha\OneDrive\Documents\Movie Collector\Images\Coco201775641_f.jpg"
"The Cold Light of Day","2012","93 mins","4.9","Action; Thriller","Vudu","No","","No","C:\Users\natha\OneDrive\Documents\Movie Collector\Images\TheColdLightofDay20125791_f.jpg"
"Collateral","2004","120 mins","7.5","Action; Crime; Drama; Thriller","Vudu","No","","No","C:\Users\natha\OneDrive\Documents\Movie Collector\Images\Collateral200413483_f.jpg"
"Colombiana","2011","108 mins","6.4","Action; Crime; Drama; Thriller","Vudu","No","","No","C:\Users\natha\OneDrive\Documents\Movie Collector\Images\Colombiana201160194_f.jpg"
"The Color Purple","1985","154 mins","7.7","Drama","Vudu","No","","No","C:\Users\natha\OneDrive\Documents\Movie Collector\Images\TheColorPurple198553920_f.jpg"
"Comanche Station","1960","73 mins","7.0","Drama; Western","Vudu","No","","No","C:\Users\natha\OneDrive\Documents\Movie Collector\Images\ComancheStation196044166_f.png"
"Comatose Comes Alive","2008","82 mins","0","Horror; Music","Vudu","No","","No","C:\Users\natha\OneDrive\Documents\Movie Collector\Images\ComatoseComesAlive200878912_f.jpg"
"The Commuter","2018","104 mins","6.3","Action; Mystery; Thriller","Vudu","No","","No","C:\Users\natha\OneDrive\Documents\Movie Collector\Images\TheCommuter201857439_f.jpg"
"The Computer Wore Tennis Shoes","1969","91 mins","6.0","Comedy; Family","Vudu","No","","No","C:\Users\natha\OneDrive\Documents\Movie Collector\Images\TheComputerWoreTennisShoes9391_f.jpg"
"Conan the Barbarian","1982","129 mins","6.9","Action; Adventure; Fantasy","Vudu","No","","No","C:\Users\natha\OneDrive\Documents\Movie Collector\Images\ConantheBarbarian198254248_f.jpg"
"Concussion","2015","123 mins","7.1","Biography; Drama; Sports","Vudu","No","","No","C:\Users\natha\OneDrive\Documents\Movie Collector\Images\Concussion20159708_f.jpg"
"The Conjuring","2013","112 mins","7.5","Horror; Mystery; Thriller","Vudu","No","","No","C:\Users\natha\OneDrive\Documents\Movie Collector\Images\TheConjuring201353551_f.jpg"
"Conspiracy Theory","1997","135 mins","6.7","Action; Mystery; Thriller","Vudu","No","","No","C:\Users\natha\OneDrive\Documents\Movie Collector\Images\ConspiracyTheory199724930_f.jpg"
"Constantine","2005","121 mins","7.0","Action; Fantasy; Horror; Mystery","Vudu","No","","No","C:\Users\natha\OneDrive\Documents\Movie Collector\Images\Constantine200544404_f.jpg"
"Contagion","2011","106 mins","6.8","Drama; Thriller","Vudu","No","","No","C:\Users\natha\OneDrive\Documents\Movie Collector\Images\Contagion201160174_f.jpg"
"Cool Hand Luke","1967","127 mins","8.0","Crime; Drama","Vudu","No","","No","C:\Users\natha\OneDrive\Documents\Movie Collector\Images\CoolHandLuke196753867_f.jpg"
"Cool Runnings","1993","98 mins","7.0","Biography; Comedy; Family","Vudu","No","2001","No","C:\Users\natha\OneDrive\Documents\Movie Collector\Images\CoolRunnings199353350_f.jpg"
"Coraline","2009","100 mins","7.8","Animation; Drama; Family; Fantasy","Vudu","No","","No","C:\Users\natha\OneDrive\Documents\Movie Collector\Images\Coraline200975738_f.jpg"
"The Core","2003","135 mins","5.5","Action; Adventure; Science Fiction; Thriller","Vudu","No","2003","No","C:\Users\natha\OneDrive\Documents\Movie Collector\Images\TheCore200327949_f.jpg"
"Corpse Bride","2005","77 mins","7.4","Animation; Drama; Family; Fantasy; Musical; Romance","Vudu","No","","No","C:\Users\natha\OneDrive\Documents\Movie Collector\Images\CorpseBride200535336_f.jpg"
"The Cotton Club","1984","127 mins","6.6","Crime; Drama; Music","Vudu","No","","No","C:\Users\natha\OneDrive\Documents\Movie Collector\Images\TheCottonClub198463758_f.jpg"
"The Country Bears","2002","88 mins","4.3","Comedy; Family; Music","Vudu","No","","No","C:\Users\natha\OneDrive\Documents\Movie Collector\Images\TheCountryBears200257179_f.jpg"
"Couples Retreat","2009","113 mins","5.6","Comedy","Vudu","No","","No","C:\Users\natha\OneDrive\Documents\Movie Collector\Images\CouplesRetreat200960556_f.jpg"
"Courageous","2011","130 mins","6.9","Drama","Vudu","No","","No","C:\Users\natha\OneDrive\Documents\Movie Collector\Images\Courageous201113626_f.jpg"
"The Courier","2020","112 mins","7.2","Drama; History; Mystery; Thriller","Vudu","No","","No","C:\Users\natha\OneDrive\Documents\Movie Collector\Images\TheCourier202057451_f.jpg"
"The Court Jester","1955","101 mins","7.8","Adventure; Comedy; Family; Musical","Vudu","No","","No","C:\Users\natha\OneDrive\Documents\Movie Collector\Images\TheCourtJester1955900_f.jpg"
"The Covenant","2023","123 mins","7.5","Action; Thriller; War","Vudu","No","","No","C:\Users\natha\OneDrive\Documents\Movie Collector\Images\TheCovenant20238694_f.jpg"
"Cowboy And The Senorita","1944","56 mins","5.7","Action; Adventure; Drama; Western","VHS","No","","No","C:\Users\natha\OneDrive\Documents\Movie Collector\Images\CowboyAndTheSenorita19446085_f.jpg"
"The Craft","1996","101 mins","6.5","Drama; Fantasy; Horror; Thriller","Vudu","No","","No","C:\Users\natha\OneDrive\Documents\Movie Collector\Images\TheCraft199641388_f.jpg"
"Crank","2006","88 mins","6.9","Action; Crime; Thriller","Vudu","No","2007","No","C:\Users\natha\OneDrive\Documents\Movie Collector\Images\Crank200634663_f.jpg"
"Crash","2004","112 mins","7.7","Crime; Drama; Thriller","Vudu","No","","No","C:\Users\natha\OneDrive\Documents\Movie Collector\Images\Crash20045664_f.jpg"
"Crazy Eights","2006","80 mins","3.8","Horror","DVD","No","2008","No","C:\Users\natha\OneDrive\Documents\Movie Collector\Images\CrazyEights20064898_f.jpg"
"Crazy Rich Asians","2018","120 mins","6.9","Comedy; Drama; Romance","Vudu","No","","No","C:\Users\natha\OneDrive\Documents\Movie Collector\Images\CrazyRichAsians201854049_f.jpg"
"Crazy, Stupid, Love.","2011","118 mins","7.4","Comedy; Drama; Romance","Vudu","No","","No","C:\Users\natha\OneDrive\Documents\Movie Collector\Images\CrazyStupidLove201154059_f.jpg"
"Creation Festival Live","","","0","Music","DVD","No","","No","C:\Users\natha\OneDrive\Documents\Movie Collector\Images\CreationFestivalLive397_f.jpg"
"Creature from the Black Lagoon","1954","79 mins","6.9","Horror; Science Fiction","Vudu","No","","No","C:\Users\natha\OneDrive\Documents\Movie Collector\Images\CreaturefromtheBlackLagoon41258_f.jpg"
"Creed","2015","133 mins","7.6","Action; Drama; Sports","Vudu","No","","No","C:\Users\natha\OneDrive\Documents\Movie Collector\Images\Creed201524624_f.jpg"
"Creed II","2018","130 mins","7.1","Drama; Sports","Vudu","No","","No","C:\Users\natha\OneDrive\Documents\Movie Collector\Images\CreedII201824640_f.jpg"
"Creed III","2023","116 mins","6.7","Drama; Sports","Vudu","No","","No","C:\Users\natha\OneDrive\Documents\Movie Collector\Images\CreedIII202324767_f.jpg"
"Criminal Minds: Season 1","2005","961 mins","8.1","Crime; Drama; Mystery; Thriller","Vudu","Yes","","No","C:\Users\natha\OneDrive\Documents\Movie Collector\Images\CriminalMindsSeason1200569510AM52_f.jpg"
"Criminal Minds: Season 2","2006","968 mins","8.1","Crime; Drama; Mystery; Thriller","Vudu","Yes","","No","C:\Users\natha\OneDrive\Documents\Movie Collector\Images\CriminalMindsSeason2200669531_f.jpg"
"Criminal Minds: Season 3","2007","966 mins","8.1","Crime; Drama; Mystery; Thriller","Vudu","Yes","","No","C:\Users\natha\OneDrive\Documents\Movie Collector\Images\CriminalMindsSeason3200769539_f.jpg"
"Criminal Minds: Season 4","2008","1090 mins","8.1","Crime; Drama; Mystery; Thriller","Vudu","Yes","","No","C:\Users\natha\OneDrive\Documents\Movie Collector\Images\CriminalMindsSeason4200869547_f.jpg"
"Criminal Minds: Season 5","2009","1002 mins","8.1","Crime; Drama; Mystery; Thriller","Vudu","Yes","","No","C:\Users\natha\OneDrive\Documents\Movie Collector\Images\CriminalMindsSeason5200969554_f.jpg"
"Criminal Minds: Season 6","2010","1025 mins","8.1","Crime; Drama; Mystery; Thriller","Vudu","Yes","","No","C:\Users\natha\OneDrive\Documents\Movie Collector\Images\CriminalMindsSeason6201069559_f.jpg"
"Criminal Minds: Season 7","2011","1017 mins","8.1","Crime; Drama; Mystery; Thriller","Vudu","Yes","","No","C:\Users\natha\OneDrive\Documents\Movie Collector\Images\CriminalMindsSeason7201169565_f.jpg"
"Criminal Minds: Season 8","2012","1009 mins","8.1","Crime; Drama; Mystery; Thriller","Vudu","Yes","","No","C:\Users\natha\OneDrive\Documents\Movie Collector\Images\CriminalMindsSeason8201269570_f.jpg"
"Criminal Minds: Season 9","2013","1016 mins","8.1","Crime; Drama; Mystery; Thriller","Vudu","Yes","","No","C:\Users\natha\OneDrive\Documents\Movie Collector\Images\CriminalMindsSeason9201369577_f.jpg"
"Criminal Minds: Season 10","2014","966 mins","8.1","Crime; Drama; Mystery; Thriller","Vudu","Yes","","No","C:\Users\natha\OneDrive\Documents\Movie Collector\Images\CriminalMindsSeason1020169584_f.jpg"
"Criminal Minds: Season 11","2015","922 mins","8.1","Crime; Drama; Mystery; Thriller","Vudu","Yes","","No","C:\Users\natha\OneDrive\Documents\Movie Collector\Images\CriminalMindsSeason1120169593_f.jpg"
"Criminal Minds: Season 12","2016","920 mins","8.1","Crime; Drama; Mystery; Thriller","Vudu","Yes","","No","C:\Users\natha\OneDrive\Documents\Movie Collector\Images\CriminalMindsSeason1220169601_f.jpg"
"Criminal Minds: Season 13","2017","925 mins","8.1","Crime; Drama; Mystery; Thriller","Vudu","Yes","","No","C:\Users\natha\OneDrive\Documents\Movie Collector\Images\CriminalMindsSeason1320169607_f.jpg"
"Criminal Minds: Season 14","2018","627 mins","8.1","Crime; Drama; Mystery; Thriller","Vudu","Yes","","No","C:\Users\natha\OneDrive\Documents\Movie Collector\Images\CriminalMindsSeason1420169616_f.jpg"
"Criminal Minds: Season 15","2020","422 mins","8.1","Crime; Drama; Mystery; Thriller","Vudu","Yes","","No","C:\Users\natha\OneDrive\Documents\Movie Collector\Images\CriminalMindsSeason1520269625_f.jpg"
"Crippled Lamb","2000","","0","Family","DVD","No","2002","No","C:\Users\natha\OneDrive\Documents\Movie Collector\Images\CrippledLamb200034891_f.jpg"
"Crocodile Dundee","1986","97 mins","6.6","Action; Adventure; Comedy","Vudu","No","","No","C:\Users\natha\OneDrive\Documents\Movie Collector\Images\CrocodileDundee198624530_f.jpg"
"Crocodile Dundee II","1988","108 mins","5.7","Action; Adventure; Comedy","Vudu","No","","No","C:\Users\natha\OneDrive\Documents\Movie Collector\Images\CrocodileDundeeII198824551_f.jpg"
"Crocodile Dundee in Los Angeles","2001","92 mins","4.8","Action; Adventure; Comedy; Crime","Vudu","No","","No","C:\Users\natha\OneDrive\Documents\Movie Collector\Images\CrocodileDundeeinLosAngele24564_f.jpg"
"The Croods","2013","98 mins","7.1","Adventure; Animation; Comedy; Family","Vudu","No","2013","No","C:\Users\natha\OneDrive\Documents\Movie Collector\Images\TheCroods201375637_f.jpg"
"Cruella","2021","134 mins","7.3","Adventure; Comedy; Crime; Drama","Vudu","No","","No","C:\Users\natha\OneDrive\Documents\Movie Collector\Images\Cruella202169694_f.jpg"
"CSI: Crime Scene Investigation: Season 1","2000","1071 mins","7.7","Crime; Drama; Mystery; Thriller","Vudu","Yes","","No","C:\Users\natha\OneDrive\Documents\Movie Collector\Images\CSICrimeSceneInvestigation47374_f.jpg"
"CSI: Crime Scene Investigation: Season 2","2001","1051 mins","7.7","Crime; Drama; Mystery; Thriller","Vudu","Yes","","No","C:\Users\natha\OneDrive\Documents\Movie Collector\Images\CSICrimeSceneInvestigation47408_f.jpg"
"CSI: Crime Scene Investigation: Season 3","2002","1022 mins","7.7","Crime","Vudu","Yes","2004","No","C:\Users\natha\OneDrive\Documents\Movie Collector\Images\CSICrimeSceneInvestigation47684_f.jpg"
"CSI: Crime Scene Investigation: Season 4","2003","1011 mins","7.7","Crime; Drama; Mystery; Thriller","Vudu","Yes","","No","C:\Users\natha\OneDrive\Documents\Movie Collector\Images\CSICrimeSceneInvestigation47415_f.jpg"
"CSI: Crime Scene Investigation: Season 5","2004","1237 mins","7.7","Crime; Drama; Mystery; Thriller","Vudu","Yes","","No","C:\Users\natha\OneDrive\Documents\Movie Collector\Images\CSICrimeSceneInvestigation47422_f.jpg"
"CSI: Crime Scene Investigation: Season 6","2005","1083 mins","7.7","Crime; Drama; Mystery; Thriller","Vudu","Yes","","No","C:\Users\natha\OneDrive\Documents\Movie Collector\Images\CSICrimeSceneInvestigation47426_f.jpg"
"CSI: Crime Scene Investigation: Season 7","2006","1440 mins","7.7","Crime; Drama; Mystery; Thriller","Vudu","Yes","","No","C:\Users\natha\OneDrive\Documents\Movie Collector\Images\CSICrimeSceneInvestigation47431_f.jpg"
"CSI: Crime Scene Investigation: Season 8","2007","772 mins","7.7","Crime; Drama; Mystery; Thriller","Vudu","Yes","","No","C:\Users\natha\OneDrive\Documents\Movie Collector\Images\CSICrimeSceneInvestigation47434_f.jpg"
"CSI: Crime Scene Investigation: Season 9","2008","1263 mins","7.7","Crime; Drama; Mystery; Thriller","Vudu","Yes","","No","C:\Users\natha\OneDrive\Documents\Movie Collector\Images\CSICrimeSceneInvestigation47353_f.jpg"
"CSI: Crime Scene Investigation: Season 10","2009","1370 mins","7.7","Crime; Drama; Mystery; Thriller","Vudu","Yes","","No","C:\Users\natha\OneDrive\Documents\Movie Collector\Images\CSICrimeSceneInvestigation47384_f.jpg"
"CSI: Crime Scene Investigation: Season 11","2010","1293 mins","7.7","Crime; Drama; Mystery; Thriller","Vudu","Yes","","No","C:\Users\natha\OneDrive\Documents\Movie Collector\Images\CSICrimeSceneInvestigation47388_f.jpg"
"CSI: Crime Scene Investigation: Season 12","2011","1264 mins","7.7","Crime; Drama; Mystery; Thriller","Vudu","Yes","","No","C:\Users\natha\OneDrive\Documents\Movie Collector\Images\CSICrimeSceneInvestigation47391_f.jpg"
"CSI: Crime Scene Investigation: Season 13","2012","962 mins","7.7","Crime; Drama; Mystery; Thriller","Vudu","Yes","","No","C:\Users\natha\OneDrive\Documents\Movie Collector\Images\CSICrimeSceneInvestigation47398_f.jpg"
"CSI: Crime Scene Investigation: Season 14","2013","951 mins","7.7","Crime; Drama; Mystery; Thriller","Vudu","Yes","","No","C:\Users\natha\OneDrive\Documents\Movie Collector\Images\CSICrimeSceneInvestigation47403_f.jpg"
"CSI: Crime Scene Investigation: Season 15","2014","771 mins","7.7","Crime; Drama; Mystery; Thriller","Vudu","Yes","","No","C:\Users\natha\OneDrive\Documents\Movie Collector\Images\CSICrimeSceneInvestigation47404_f.jpg"
"CSI: Vegas: Season 1","2021","369 mins","7.4","Crime; Drama; Mystery","Vudu","Yes","","No","C:\Users\natha\OneDrive\Documents\Movie Collector\Images\CSIVegasSeason1202188030627L_f.jpg"
"CSI: Vegas: Season 2","2022","","7.4","Crime; Drama; Mystery","Vudu","Yes","","No","C:\Users\natha\OneDrive\Documents\Movie Collector\Images\CSIVegasSeason22022880442AF1_f.jpg"
"CSI: Vegas: Season 3","2024","","7.4","Crime; Drama; Mystery","Vudu","Yes","","No","C:\Users\natha\OneDrive\Documents\Movie Collector\Images\CSIVegasSeason3202488054_f.jpg"
"Cube","1997","90 mins","7.1","Horror; Mystery; Science Fiction","Vudu","No","","No","C:\Users\natha\OneDrive\Documents\Movie Collector\Images\Cube199756737_f.jpg"
"The Curious Case of Benjamin Button","2008","166 mins","7.8","Drama; Fantasy; Romance","Vudu","No","","No","C:\Users\natha\OneDrive\Documents\Movie Collector\Images\TheCuriousCaseofBenjaminB13595_f.jpg"
"Curly Top","1935","75 mins","6.8","Family; Musical; Romance","Vudu","No","","No","C:\Users\natha\OneDrive\Documents\Movie Collector\Images\CurlyTop193513557_f.jpg"
"Cutter's Way","1981","109 mins","6.8","Crime; Drama; Mystery; Thriller","Vudu","No","","No","C:\Users\natha\OneDrive\Documents\Movie Collector\Images\CuttersWay198112977_f.jpg"
"The Cutting Edge","1992","97 mins","6.9","Comedy; Drama; Romance; Sports","Vudu","No","2001","No","C:\Users\natha\OneDrive\Documents\Movie Collector\Images\TheCuttingEdge199241103_f.jpg"
"Cyrano","2021","124 mins","6.4","Drama","Vudu","No","","No","C:\Users\natha\OneDrive\Documents\Movie Collector\Images\Cyrano202166738_f.jpg"
"The Da Vinci Code","2006","149 mins","6.6","Mystery; Thriller","Vudu","No","","No","C:\Users\natha\OneDrive\Documents\Movie Collector\Images\TheDaVinciCode20068971_f.jpg"
"Daddy Day Camp","2007","89 mins","3.2","Comedy; Family","Vudu","No","","No","C:\Users\natha\OneDrive\Documents\Movie Collector\Images\DaddyDayCamp200737805_f.jpg"
"Daddy's Home","2015","96 mins","6.2","Comedy; Family","Vudu","No","","No","C:\Users\natha\OneDrive\Documents\Movie Collector\Images\DaddysHome20155684_f.jpg"
"Daddy's Home 2","2017","100 mins","6.0","Comedy","Vudu","No","","No","C:\Users\natha\OneDrive\Documents\Movie Collector\Images\DaddysHome220175704_f.jpg"
"Daffy Duck's Movie: Fantastic Island","1983","78 mins","6.9","Animation; Comedy; Family","Vudu","No","","No","C:\Users\natha\OneDrive\Documents\Movie Collector\Images\DaffyDucksMovieFantastic69429LK5C_f.jpg"
"Daffy Duck's Quackbusters","1988","76 mins","7.0","Action; Adventure; Animation; Comedy; Family; Fantasy; Horror; Mystery","Vudu","No","","No","C:\Users\natha\OneDrive\Documents\Movie Collector\Images\DaffyDucksQuackbusters19869416FVAG_f.jpg"
"Damaged","2024","97 mins","4.7","Action; Crime; Drama; Mystery; Thriller","Vudu","No","","No","C:\Users\natha\OneDrive\Documents\Movie Collector\Images\Damaged202490930E5TW_f.jpg"
"Dan Da Dan: Season 1","","","0","Animation","Vudu","No","","No","C:\Users\natha\OneDrive\Documents\Movie Collector\Images\DanDaDanSeason166982_f.jpg"
"Dangerous Minds","1995","99 mins","6.5","Biography; Crime; Drama; Mystery; Thriller","Vudu","No","2002","No","C:\Users\natha\OneDrive\Documents\Movie Collector\Images\DangerousMinds199524687_f.jpg"
"Darby O'Gill And The Little People","1959","93 mins","7.1","Adventure; Family; Fantasy","Vudu","No","2004","No","C:\Users\natha\OneDrive\Documents\Movie Collector\Images\DarbyOGillAndTheLittlePe9409_f.jpg"
"Daredevil","2003","103 mins","5.3","Action; Crime","Vudu","No","","No","C:\Users\natha\OneDrive\Documents\Movie Collector\Images\Daredevil200337481_f.jpg"
"The Dark Crystal","1982","93 mins","7.1","Adventure; Family; Fantasy","Vudu","No","","No","C:\Users\natha\OneDrive\Documents\Movie Collector\Images\TheDarkCrystal1982970_f.jpg"
"The Dark Knight","2008","152 mins","9.1","Action; Crime; Drama; Thriller","Vudu","No","","No","C:\Users\natha\OneDrive\Documents\Movie Collector\Images\TheDarkKnight200872433_f.jpg"
"The Dark Knight Rises","2012","164 mins","8.4","Action; Adventure","Vudu","No","","No","C:\Users\natha\OneDrive\Documents\Movie Collector\Images\TheDarkKnightRises201224575_f.jpg"
"Darkman","1990","96 mins","6.4","Action; Science Fiction; Thriller","Vudu","No","","No","C:\Users\natha\OneDrive\Documents\Movie Collector\Images\Darkman199060882_f.jpg"
"Dave","1993","110 mins","6.9","Comedy; Romance","Vudu","No","","No","C:\Users\natha\OneDrive\Documents\Movie Collector\Images\Dave199324718_f.jpg"
"The Day the Earth Blew Up: A Looney Tunes Movie","2024","91 mins","6.8","Adventure; Animation; Comedy; Family; Science Fiction","Vudu","No","","No","C:\Users\natha\OneDrive\Documents\Movie Collector\Images\TheDaytheEarthBlewUpAL8776718Q7_f.jpg"
"Daylight","1996","114 mins","6.0","Action; Adventure; Drama; Thriller","Vudu","No","","No","C:\Users\natha\OneDrive\Documents\Movie Collector\Images\Daylight199657265_f.jpg"
"Days Of Jesse James","1939","56 mins","5.6","Action; Western","VHS","No","","No","C:\Users\natha\OneDrive\Documents\Movie Collector\Images\DaysOfJesseJames19396108_f.jpg"
"Days Of Thunder","1990","102 mins","6.1","Action; Adventure; Drama; Romance","Vudu","No","1996","No","C:\Users\natha\OneDrive\Documents\Movie Collector\Images\DaysOfThunder199072436_f.jpg"
"DC League of Super-Pets","2022","106 mins","6.8","Action; Adventure; Animation; Comedy; Crime; Family; Fantasy; Science Fiction","Vudu","No","","No","C:\Users\natha\OneDrive\Documents\Movie Collector\Images\DCLeagueofSuperPets202235090_f.jpg"
"Dc Talk: Free At Last: The Movie","2002","90 mins","8.4","Music","DVD","No","2002","No","C:\Users\natha\OneDrive\Documents\Movie Collector\Images\DcTalkFreeAtLastTheMov305_f.jpg"
"Dead End","1937","93 mins","7.2","Crime; Drama; Film Noir; Romance","","No","","No","C:\Users\natha\OneDrive\Documents\Movie Collector\Images\DeadEnd193793980_f.jpg"
"Dead Man Walking","1995","122 mins","7.5","Crime; Drama","Vudu","No","2000","No","C:\Users\natha\OneDrive\Documents\Movie Collector\Images\DeadManWalking199557240_f.jpg"
"Deadfall","2012","95 mins","6.2","Action; Adventure; Crime; Drama; Thriller","Vudu","No","","No","C:\Users\natha\OneDrive\Documents\Movie Collector\Images\Deadfall201256792_f.jpg"
"Deadpool & Wolverine","2024","128 mins","7.5","Action; Adventure; Comedy; Science Fiction","Vudu","No","","No","C:\Users\natha\OneDrive\Documents\Movie Collector\Images\DeadpoolWolverine202456899_f.jpg"
"Death of a Unicorn","2025","107 mins","5.9","Comedy; Fantasy; Horror; Thriller","Vudu","No","","No","C:\Users\natha\OneDrive\Documents\Movie Collector\Images\DeathofaUnicorn202566511_f.jpg"
"The Death of Superman","2018","81 mins","7.3","Action; Animation; Fantasy; Science Fiction","Vudu","No","","No","C:\Users\natha\OneDrive\Documents\Movie Collector\Images\TheDeathofSuperman201864168_f.jpg"
"Death On The Nile","2022","127 mins","6.3","Crime; Drama; Mystery","Vudu","No","","No","C:\Users\natha\OneDrive\Documents\Movie Collector\Images\DeathOnTheNile202253489_f.jpg"
"Death Race","2008","105 mins","6.4","Action; Science Fiction; Thriller","Vudu","No","","No","C:\Users\natha\OneDrive\Documents\Movie Collector\Images\DeathRace20088953_f.jpg"
"Death Rides a Horse","1967","120 mins","7.0","Drama; Western","Vudu","No","","No","C:\Users\natha\OneDrive\Documents\Movie Collector\Images\DeathRidesaHorse196713015_f.jpg"
"Death Wish","1974","93 mins","6.9","Action; Crime; Drama; Thriller","Vudu","No","","No","C:\Users\natha\OneDrive\Documents\Movie Collector\Images\DeathWish197463483_f.jpg"
"Declassified: Untold Stories Of American Spies: Season 1","2016","336 mins","7.9","Documentary; Thriller","Vudu","Yes","","No","C:\Users\natha\OneDrive\Documents\Movie Collector\Images\DeclassifiedUntoldStoriesO50868_f.jpg"
"Declassified: Untold Stories Of American Spies: Season 2","2017","336 mins","7.9","Documentary; Thriller","Vudu","Yes","","No","C:\Users\natha\OneDrive\Documents\Movie Collector\Images\DeclassifiedUntoldStoriesO53250_f.jpg"
"Declassified: Untold Stories Of American Spies: Season 3","2019","252 mins","7.9","Documentary; Thriller","Vudu","Yes","","No","C:\Users\natha\OneDrive\Documents\Movie Collector\Images\DeclassifiedUntoldStoriesO53263_f.jpg"
"The Deep","1977","123 mins","6.3","Adventure; Mystery; Thriller","Vudu","No","","No","C:\Users\natha\OneDrive\Documents\Movie Collector\Images\TheDeep19779960_f.jpg"
"Deepwater Horizon","2016","107 mins","7.1","Action; Drama; History; Thriller","Vudu","No","","No","C:\Users\natha\OneDrive\Documents\Movie Collector\Images\DeepwaterHorizon201657369_f.jpg"
"The Defiant Ones","1958","96 mins","7.5","Crime; Drama","Vudu","No","","No","C:\Users\natha\OneDrive\Documents\Movie Collector\Images\TheDefiantOnes195813036_f.jpg"
"Definitely, Maybe","2008","112 mins","7.1","Comedy; Drama; Romance","Vudu","No","","No","C:\Users\natha\OneDrive\Documents\Movie Collector\Images\DefinitelyMaybe200860564_f.jpg"
"Deliver Us from Eva","2003","105 mins","6.0","Comedy; Drama; Romance","Vudu","No","","No","C:\Users\natha\OneDrive\Documents\Movie Collector\Images\DeliverUsfromEva200360581_f.jpg"
"De-Lovely","2004","125 mins","6.6","Biography; Drama; Music; Musical","Vudu","No","","No","C:\Users\natha\OneDrive\Documents\Movie Collector\Images\DeLovely200412998_f.jpg"
"Demolition Man","1993","115 mins","6.7","Action; Science Fiction; Thriller","Vudu","No","","No","C:\Users\natha\OneDrive\Documents\Movie Collector\Images\DemolitionMan199324610_f.jpg"
"Den Of Thieves 2: Pantera","2025","144 mins","6.3","Action; Crime; Drama; Thriller","Vudu","No","","No","C:\Users\natha\OneDrive\Documents\Movie Collector\Images\DenOfThieves2Pantera20260129_f.jpg"
"The Departed","2006","151 mins","8.5","Crime; Drama; Thriller","Vudu","No","","No","C:\Users\natha\OneDrive\Documents\Movie Collector\Images\TheDeparted20061623_f.jpg"
"The Descent","2005","99 mins","7.2","Adventure; Horror; Thriller","Vudu","No","","No","C:\Users\natha\OneDrive\Documents\Movie Collector\Images\TheDescent2005876731YIK_f.jpg"
"Desperado","1995","104 mins","7.1","Action; Crime; Drama; Thriller; Western","Vudu","No","","No","C:\Users\natha\OneDrive\Documents\Movie Collector\Images\Desperado199560208_f.jpg"
"The Desperate Riders","2022","90 mins","3.5","Drama; Western","Vudu","No","","No",""
"Despicable Me","2010","95 mins","7.6","Animation; Comedy; Family","Vudu","No","2010","No","C:\Users\natha\OneDrive\Documents\Movie Collector\Images\DespicableMe201073179_f.jpg"
"Despicable Me 2","2013","98 mins","7.3","Animation; Comedy; Family","Vudu","No","","No","C:\Users\natha\OneDrive\Documents\Movie Collector\Images\DespicableMe2201373191_f.jpg"
"Despicable Me 3","2017","89 mins","6.3","Action; Adventure; Animation; Comedy; Family; Fantasy; Science Fiction","Vudu","No","","No","C:\Users\natha\OneDrive\Documents\Movie Collector\Images\DespicableMe3201775349_f.jpg"
"Despicable Me 4","2024","94 mins","6.2","Adventure; Animation; Comedy; Crime; Family; Science Fiction","Vudu","No","","No","C:\Users\natha\OneDrive\Documents\Movie Collector\Images\DespicableMe4202478884_f.jpg"
"Diary of a Mad Black Woman","2005","116 mins","5.8","Comedy; Drama; Romance","Vudu","No","","No","C:\Users\natha\OneDrive\Documents\Movie Collector\Images\DiaryofaMadBlackWoman2013517_f.jpg"
"Diary Of A Wimpy Kid","2010","94 mins","6.2","Comedy; Family","Vudu","No","2010","No","C:\Users\natha\OneDrive\Documents\Movie Collector\Images\DiaryOfAWimpyKidVUDU270288_f.jpg"
"Diary Of A Wimpy Kid 2: Rodrick Rules","2011","96 mins","6.6","Children; Comedy; Family","Vudu","No","2011","No","C:\Users\natha\OneDrive\Documents\Movie Collector\Images\DiaryOfAWimpyKid2Rodric75967_f.jpg"
"Diary Of A Wimpy Kid: Dog Days","2012","94 mins","6.3","Comedy; Family","Vudu","No","2012","No","C:\Users\natha\OneDrive\Documents\Movie Collector\Images\DiaryOfAWimpyKidDogDays75973_f.jpg"
"Diary of a Wimpy Kid: The Long Haul","2017","91 mins","4.3","Adventure; Comedy; Family","Vudu","No","","No","C:\Users\natha\OneDrive\Documents\Movie Collector\Images\DiaryofaWimpyKidTheLong70274_f.jpg"
"Dick","1999","94 mins","6.2","Comedy","Vudu","No","","No","C:\Users\natha\OneDrive\Documents\Movie Collector\Images\Dick199910023_f.jpg"
"Die Hard","1988","132 mins","8.2","Action","Vudu","No","2001","No","C:\Users\natha\OneDrive\Documents\Movie Collector\Images\DieHard198840712_f.jpg"
"Die Hard 2","1990","124 mins","7.2","Action; Thriller","Vudu","No","2001","No","C:\Users\natha\OneDrive\Documents\Movie Collector\Images\DieHard2199040722_f.jpg"
"Die Hard: With A Vengeance","1995","128 mins","7.6","Action; Crime; Thriller","Vudu","No","2001","No","C:\Users\natha\OneDrive\Documents\Movie Collector\Images\DieHardWithAVengeance1940727_f.jpg"
"Live Free or Die Hard","2007","128 mins","7.1","Action; Thriller","Vudu","No","","No","C:\Users\natha\OneDrive\Documents\Movie Collector\Images\LiveFreeorDieHard200744478_f.jpg"
"A Good Day to Die Hard","2013","98 mins","5.2","Action; Thriller","Vudu","No","","No","C:\Users\natha\OneDrive\Documents\Movie Collector\Images\AGoodDaytoDieHard201331635_f.jpg"
"Dilbert: Season 1","1999","374 mins","7.3","Animation; Comedy","DVD","Yes","2004","No","C:\Users\natha\OneDrive\Documents\Movie Collector\Images\DilbertSeason1199944602_f.jpg"
"Dinocroc vs. Supergator","2010","87 mins","3.2","Action; Adventure; Comedy; Horror; Science Fiction; Thriller","Vudu","No","","No","C:\Users\natha\OneDrive\Documents\Movie Collector\Images\DinocrocvsSupergator201087410PPKF_f.jpg"
"Dinosaur","2000","82 mins","6.4","Adventure; Animation; Family","Vudu","No","2001","No","C:\Users\natha\OneDrive\Documents\Movie Collector\Images\Dinosaur200037942_f.jpg"
"Dinosaurs: Season 1","1991","119 mins","7.5","Comedy; Family; Fantasy; Science Fiction","Vudu","Yes","","No","C:\Users\natha\OneDrive\Documents\Movie Collector\Images\DinosaursSeason1199150670_f.jpg"
"Dinosaurs: Season 2","1992","576 mins","7.5","Comedy; Family; Fantasy; Science Fiction","Vudu","Yes","","No","C:\Users\natha\OneDrive\Documents\Movie Collector\Images\DinosaursSeason2199250681_f.jpg"
"Dinosaurs: Season 3","1992","526 mins","7.5","Comedy; Family; Fantasy; Science Fiction","Vudu","Yes","","No","C:\Users\natha\OneDrive\Documents\Movie Collector\Images\DinosaursSeason3199250686_f.jpg"
"Dinosaurs: Season 4","1994","336 mins","7.5","Comedy; Family; Fantasy; Science Fiction","Vudu","Yes","","No","C:\Users\natha\OneDrive\Documents\Movie Collector\Images\DinosaursSeason4199450687_f.jpg"
"Dinoshark","2010","92 mins","3.2","Action; Adventure; Comedy; Horror; Science Fiction; Thriller","Vudu","No","","No","C:\Users\natha\OneDrive\Documents\Movie Collector\Images\Dinoshark201087425DC9X_f.jpg"
"Dirty Harry","1971","102 mins","7.7","Action; Crime; Thriller","Vudu","No","","No","C:\Users\natha\OneDrive\Documents\Movie Collector\Images\DirtyHarry197156999_f.jpg"
"Disneynature: Bears","2014","78 mins","7.3","Documentary; Family; Special Interest","Blu-ray","No","2014","No","C:\Users\natha\OneDrive\Documents\Movie Collector\Images\DisneynatureBears201438134_f.jpg"
"Disneynature: The Crimson Wing","2008","","0","Documentary","Blu-ray","No","2010","No","C:\Users\natha\OneDrive\Documents\Movie Collector\Images\DisneynatureTheCrimsonWing38091_f.jpg"
"The Disorderly Orderly","1964","89 mins","0","Comedy; Romance","Vudu","No","","No","C:\Users\natha\OneDrive\Documents\Movie Collector\Images\TheDisorderlyOrderly19645717_f.jpg"
"District 9","2009","112 mins","7.9","Action; Science Fiction; Thriller","Vudu","No","2009","No","C:\Users\natha\OneDrive\Documents\Movie Collector\Images\District9200934650_f.jpg"
"Divergent","2014","139 mins","6.6","Action; Adventure; Romance; Science Fiction","Vudu","No","2014","No","C:\Users\natha\OneDrive\Documents\Movie Collector\Images\Divergent201472446_f.jpg"
"Insurgent","2015","119 mins","6.2","Action; Adventure; Romance; Science Fiction; Thriller","Vudu","No","","No","C:\Users\natha\OneDrive\Documents\Movie Collector\Images\Insurgent201572458_f.jpg"
"Allegiant","2016","120 mins","5.7","Action; Adventure; Fantasy; Mystery; Romance; Science Fiction","Vudu","No","","No","C:\Users\natha\OneDrive\Documents\Movie Collector\Images\Allegiant201672466_f.jpg"
"Doc Hollywood","1991","104 mins","6.3","Comedy; Romance","Vudu","No","2004","No","C:\Users\natha\OneDrive\Documents\Movie Collector\Images\DocHollywoodVUDU199140737_f.jpg"
"Doctor Dolittle","1998","85 mins","5.4","Comedy; Family","Vudu","No","2004","No","C:\Users\natha\OneDrive\Documents\Movie Collector\Images\DoctorDolittleVUDU199840748_f.jpg"
"Doctor Dolittle 2","2001","83 mins","4.8","Comedy; Family","Vudu","No","2004","No","C:\Users\natha\OneDrive\Documents\Movie Collector\Images\DoctorDolittle2VUDU200140755_f.jpg"
"Doctor Dolittle 3","2006","98 mins","4.0","Children; Comedy; Family","Vudu","No","2006","No","C:\Users\natha\OneDrive\Documents\Movie Collector\Images\DoctorDolittle3VUDU200624778_f.jpg"
"Doctor Strange","2016","115 mins","7.5","Action; Adventure; Fantasy; Science Fiction","Vudu","No","","No","C:\Users\natha\OneDrive\Documents\Movie Collector\Images\DoctorStrange201666572_f.jpg"
"Doctor Strange in the Multiverse of Madness","2022","126 mins","6.9","Action; Adventure; Fantasy; Horror; Science Fiction","Vudu","No","","No","C:\Users\natha\OneDrive\Documents\Movie Collector\Images\DoctorStrangeintheMultiver24585_f.jpg"
"Doctor Who: Season 1","2006","567 mins","8.5","Adventure; Drama; Family; Mystery; Science Fiction","Vudu","Yes","","No","C:\Users\natha\OneDrive\Documents\Movie Collector\Images\DoctorWhoSeason1200647794_f.jpg"
"Doctor Who: Season 2","2006","912 mins","8.5","Adventure; Drama; Family; Mystery; Science Fiction","Vudu","Yes","","No","C:\Users\natha\OneDrive\Documents\Movie Collector\Images\DoctorWhoSeason2200647810_f.jpg"
"Doctor Who: Season 3","2007","585 mins","8.5","Adventure; Drama; Family; Mystery; Science Fiction","Vudu","Yes","","No","C:\Users\natha\OneDrive\Documents\Movie Collector\Images\DoctorWhoSeason3200747822_f.jpg"
"Doctor Who: Season 4","2008","682 mins","8.5","Adventure; Drama; Family; Mystery; Science Fiction","Vudu","Yes","","No","C:\Users\natha\OneDrive\Documents\Movie Collector\Images\DoctorWhoSeason4200847830_f.jpg"
"Doctor Who: Season 5","2010","594 mins","8.5","Adventure; Drama; Family; Mystery; Science Fiction","Vudu","Yes","","No","C:\Users\natha\OneDrive\Documents\Movie Collector\Images\DoctorWhoSeason5201047836_f.jpg"
"Doctor Who: Season 6","2010","593 mins","8.5","Adventure; Drama; Family; Mystery; Science Fiction","Vudu","Yes","","No","C:\Users\natha\OneDrive\Documents\Movie Collector\Images\DoctorWhoSeason6201050050_f.jpg"
"Doctor Who: The Doctor, The Widow And The Wardrobe","2011","58 mins","7.2","Adventure; Drama; Science Fiction","Vudu","Yes","","No","C:\Users\natha\OneDrive\Documents\Movie Collector\Images\DoctorWhoTheDoctorTheWi50069_f.jpg"
"Doctor Who: Season 7","2011","704 mins","8.5","Adventure; Drama; Family; Mystery; Science Fiction","Vudu","Yes","","No","C:\Users\natha\OneDrive\Documents\Movie Collector\Images\DoctorWhoSeason7201150078_f.jpg"
"Doctor Who: The Snowmen","2012","60 mins","8.3","Adventure; Drama; Science Fiction","Vudu","No","","No","C:\Users\natha\OneDrive\Documents\Movie Collector\Images\DoctorWhoTheSnowmen20126325_f.jpg"
"Doctor Who: Season 8","2013","590 mins","8.5","Adventure; Drama; Family; Mystery; Science Fiction","Vudu","Yes","","No","C:\Users\natha\OneDrive\Documents\Movie Collector\Images\DoctorWhoSeason8201350085_f.jpg"
"Doctor Who: Last Christmas","2014","57 mins","8.2","Adventure; Science Fiction","Vudu","No","","No","C:\Users\natha\OneDrive\Documents\Movie Collector\Images\DoctorWhoLastChristmas2066717_f.jpg"
"Doctor Who: Season 9","2014","700 mins","8.5","Adventure; Drama; Family; Mystery; Science Fiction","Vudu","Yes","","No","C:\Users\natha\OneDrive\Documents\Movie Collector\Images\DoctorWhoSeason9201450095_f.jpg"
"Doctor Who: The Husbands Of River Song","2015","56 mins","8.5","Adventure; Drama; Family; Mystery; Science Fiction","Vudu","No","","No","C:\Users\natha\OneDrive\Documents\Movie Collector\Images\DoctorWhoTheHusbandsOfRi6346_f.jpg"
"Doctor Who: The Return Of Doctor Mysterio","2016","","7.3","Adventure; Science Fiction","Vudu","No","","No","C:\Users\natha\OneDrive\Documents\Movie Collector\Images\DoctorWhoTheReturnOfDoct66725_f.jpg"
"Doctor Who: Season 10","2016","540 mins","8.5","Adventure; Drama; Family; Mystery; Science Fiction","Vudu","Yes","","No","C:\Users\natha\OneDrive\Documents\Movie Collector\Images\DoctorWhoSeason10201650104_f.jpg"
"Doctor Who: Twice Upon A Time","2017","60 mins","8.2","Adventure; Drama; Family; Mystery; Science Fiction","Vudu","No","","No","C:\Users\natha\OneDrive\Documents\Movie Collector\Images\DoctorWhoTwiceUponATime6363_f.jpg"
"Doctor Who: Season 11","2017","619 mins","8.5","Adventure; Drama; Family; Mystery; Science Fiction","Vudu","Yes","","No","C:\Users\natha\OneDrive\Documents\Movie Collector\Images\DoctorWhoSeason11201750112_f.jpg"
"Doctor Who: Resolution","2019","60 mins","5.8","Adventure; Drama; Family; Mystery; Science Fiction","Vudu","No","","No","C:\Users\natha\OneDrive\Documents\Movie Collector\Images\DoctorWhoResolution20196379_f.jpg"
"Doctor Who: Season 12","2020","600 mins","8.5","Adventure; Drama; Family; Mystery; Science Fiction","Vudu","Yes","","No","C:\Users\natha\OneDrive\Documents\Movie Collector\Images\DoctorWhoSeason12202050124_f.jpg"
"Doctor Who: Revolution of the Daleks","2021","71 mins","5.9","Adventure; Drama; Science Fiction","Vudu","No","","No","C:\Users\natha\OneDrive\Documents\Movie Collector\Images\DoctorWhoRevolutionofthe8585_f.jpg"
"Doctor Who: Season 13","2021","","8.5","Adventure; Drama; Family; Mystery; Science Fiction","Vudu","Yes","","No","C:\Users\natha\OneDrive\Documents\Movie Collector\Images\DoctorWhoSeason13202150132_f.jpg"
"Doctor Who: Eve Of The Daleks","2022","116 mins","0","Adventure; Drama; Science Fiction","Vudu","No","","No","C:\Users\natha\OneDrive\Documents\Movie Collector\Images\DoctorWhoEveOfTheDaleks8599_f.jpg"
"Doctor Who: Legend of the Sea Devils","2022","","4.7","Adventure; Science Fiction","Vudu","No","","No","C:\Users\natha\OneDrive\Documents\Movie Collector\Images\DoctorWhoLegendoftheSea66734_f.jpg"
"Doctor Who: The Power of the Doctor","2022","88 mins","8.0","Adventure; Drama; Science Fiction","Vudu","Yes","","No","C:\Users\natha\OneDrive\Documents\Movie Collector\Images\DoctorWhoThePoweroftheD50146_f.jpg"
"Doctor Zhivago","1965","197 mins","7.9","Drama; Romance; War","Vudu","No","","No","C:\Users\natha\OneDrive\Documents\Movie Collector\Images\DoctorZhivago196553977_f.jpg"
"Dodsworth","1936","101 mins","7.7","Drama; Romance","","No","","No","C:\Users\natha\OneDrive\Documents\Movie Collector\Images\Dodsworth193693989_f.jpg"
"Dog","2022","98 mins","6.5","Comedy; Drama","Vudu","No","","No","C:\Users\natha\OneDrive\Documents\Movie Collector\Images\Dog20225288_f.jpg"
"Dog Man","2025","89 mins","6.3","Action; Adventure; Animation; Comedy; Crime; Family; Fantasy; Science Fiction","Vudu","No","","No","C:\Users\natha\OneDrive\Documents\Movie Collector\Images\DogMan202563623_f.jpg"
"Dolphin Tale","2011","113 mins","6.8","Children; Drama; Family","Vudu","No","2011","No","C:\Users\natha\OneDrive\Documents\Movie Collector\Images\DolphinTaleVUDU201140763_f.jpg"
"Dr. Dolittle: Tail to the Chief","2008","85 mins","3.9","Comedy; Family","Vudu","No","","No","C:\Users\natha\OneDrive\Documents\Movie Collector\Images\DrDolittleTailtotheChie8777612JW_f.jpg"
"Dr. Strangelove or: How I Learned to Stop Worrying and Love the Bomb","1964","95 mins","8.3","Comedy; War","Vudu","No","","No","C:\Users\natha\OneDrive\Documents\Movie Collector\Images\DrStrangeloveorHowILear41419_f.jpg"
"Dr. T & the Women","2000","122 mins","4.7","Comedy; Drama; Romance","Vudu","No","","No","C:\Users\natha\OneDrive\Documents\Movie Collector\Images\DrTtheWomen200056805_f.jpg"
"Dracula: Dead and Loving It","1995","90 mins","5.9","Comedy; Fantasy; Horror","Vudu","No","","No","C:\Users\natha\OneDrive\Documents\Movie Collector\Images\DraculaDeadandLovingIt15753_f.jpg"
"Dragon Tales: We Can Work It Out","1999","","6.5","Animation","DVD","No","2003","No","C:\Users\natha\OneDrive\Documents\Movie Collector\Images\DragonTalesWeCanWorkItO44672_f.jpg"
"Dragons: Gift of the Night Fury","2011","22 mins","7.4","Adventure; Animation; Comedy; Family; Fantasy","DVD","No","2011","No","C:\Users\natha\OneDrive\Documents\Movie Collector\Images\DragonsGiftoftheNightFur34797_f.jpg"
"Dredd","2012","95 mins","7.1","Action; Crime; Science Fiction","Vudu","No","","No","C:\Users\natha\OneDrive\Documents\Movie Collector\Images\Dredd201254143_f.jpg"
"Drive Angry","2011","104 mins","5.4","Action; Comedy; Fantasy; Thriller","Vudu","No","","No","C:\Users\natha\OneDrive\Documents\Movie Collector\Images\DriveAngry201163658_f.jpg"
"Drop","2025","95 mins","6.1","Drama; Mystery; Thriller","Vudu","No","","No","C:\Users\natha\OneDrive\Documents\Movie Collector\Images\Drop202567230_f.jpg"
"Drunk History: Season 1","2013","176 mins","7.8","Comedy; History","Vudu","Yes","","No","C:\Users\natha\OneDrive\Documents\Movie Collector\Images\DrunkHistorySeason1201387946OEX1_f.jpg"
"Drunk History: Season 2","2014","220 mins","7.8","Comedy; History","Vudu","Yes","","No","C:\Users\natha\OneDrive\Documents\Movie Collector\Images\DrunkHistorySeason22014879623JGH_f.jpg"
"Drunk History: Season 3","2015","281 mins","7.8","Comedy; History","Vudu","Yes","","No","C:\Users\natha\OneDrive\Documents\Movie Collector\Images\DrunkHistorySeason3201587969U8HY_f.jpg"
"Drunk History: Season 4","2016","231 mins","7.8","Comedy; History","Vudu","Yes","","No","C:\Users\natha\OneDrive\Documents\Movie Collector\Images\DrunkHistorySeason4201687975UGIQ_f.jpg"
"Drunk History: Season 5","2017","294 mins","7.8","Comedy; History","Vudu","Yes","","No","C:\Users\natha\OneDrive\Documents\Movie Collector\Images\DrunkHistorySeason5201787980_f.jpg"
"A Dry White Season","1989","106 mins","7.0","Drama; Thriller","Vudu","No","","No","C:\Users\natha\OneDrive\Documents\Movie Collector\Images\ADryWhiteSeason19891233_f.jpg"
"Duck Dynasty: Season 1","2012","630 mins","6.2","Comedy","Vudu","Yes","","No","C:\Users\natha\OneDrive\Documents\Movie Collector\Images\DuckDynastySeason1201250542_f.jpg"
"Duck Dynasty: Season 2","2012","480 mins","6.2","Comedy","Vudu","Yes","","No","C:\Users\natha\OneDrive\Documents\Movie Collector\Images\DuckDynastySeason2201250565_f.jpg"
"Duck Dynasty: Season 3","2013","390 mins","6.2","Comedy","Vudu","Yes","","No","C:\Users\natha\OneDrive\Documents\Movie Collector\Images\DuckDynastySeason3201350575_f.jpg"
"Duck Dynasty: Season 4","2013","450 mins","6.2","Comedy","Vudu","Yes","","No","C:\Users\natha\OneDrive\Documents\Movie Collector\Images\DuckDynastySeason4201350578_f.jpg"
"Duck Dynasty: Season 5","2014","300 mins","6.2","Comedy","Vudu","Yes","","No","C:\Users\natha\OneDrive\Documents\Movie Collector\Images\DuckDynastySeason5201450581_f.jpg"
"Duck Dynasty: Season 6","2014","300 mins","6.2","Comedy","Vudu","Yes","","No","C:\Users\natha\OneDrive\Documents\Movie Collector\Images\DuckDynastySeason6201450584_f.jpg"
"Duck Dynasty: Season 7","2014","241 mins","6.2","Comedy","Vudu","Yes","","No","C:\Users\natha\OneDrive\Documents\Movie Collector\Images\DuckDynastySeason7201450588_f.jpg"
"Duck Dynasty: Season 8","2015","300 mins","6.2","Comedy","Vudu","Yes","","No","C:\Users\natha\OneDrive\Documents\Movie Collector\Images\DuckDynastySeason8201550595_f.jpg"
"Duck Dynasty: Season 9","2016","300 mins","6.2","Comedy","Vudu","Yes","","No","C:\Users\natha\OneDrive\Documents\Movie Collector\Images\DuckDynastySeason9201650599_f.jpg"
"Duck Dynasty: Season 10","2016","350 mins","6.2","Comedy","Vudu","Yes","","No","C:\Users\natha\OneDrive\Documents\Movie Collector\Images\DuckDynastySeason10201650602_f.jpg"
"Ducktales The Movie: Treasure Of The Lost Lamp","1990","74 mins","6.8","Adventure; Animation; Comedy; Family; Fantasy","Vudu","No","","No","C:\Users\natha\OneDrive\Documents\Movie Collector\Images\DucktalesTheMovieTreasure91090G4U4_f.jpg"
"The Duel","2016","110 mins","5.8","Drama; Western","Vudu","No","","No","C:\Users\natha\OneDrive\Documents\Movie Collector\Images\TheDuel201693254_f.jpg"
"The Dukes of Hazzard","2005","104 mins","5.1","Comedy","Vudu","No","2005","No","C:\Users\natha\OneDrive\Documents\Movie Collector\Images\TheDukesofHazzard20051211_f.jpg"
"The Dukes Of Hazzard: Season 1","1979","637 mins","7.1","Action; Comedy","Vudu","Yes","","No","C:\Users\natha\OneDrive\Documents\Movie Collector\Images\TheDukesOfHazzardSeason144909_f.jpg"
"The Dukes Of Hazzard: Season 2","1979","1133 mins","7.1","Action; Comedy","Vudu","Yes","","No","C:\Users\natha\OneDrive\Documents\Movie Collector\Images\TheDukesOfHazzardSeason244922_f.jpg"
"The Dukes Of Hazzard: Season 3","1980","1135 mins","7.1","Action; Comedy","Vudu","Yes","","No","C:\Users\natha\OneDrive\Documents\Movie Collector\Images\TheDukesOfHazzardSeason344932_f.jpg"
"The Dukes Of Hazzard: Season 4","1981","1316 mins","7.1","Action; Comedy","Vudu","Yes","","No","C:\Users\natha\OneDrive\Documents\Movie Collector\Images\TheDukesOfHazzardSeason444935_f.jpg"
"The Dukes Of Hazzard: Season 5","1982","1059 mins","7.1","Action; Comedy","Vudu","Yes","","No","C:\Users\natha\OneDrive\Documents\Movie Collector\Images\TheDukesOfHazzardSeason547114_f.jpg"
"The Dukes of Hazzard: Season 6","1979","1061 mins","7.1","Action; Comedy","Vudu","Yes","","No","C:\Users\natha\OneDrive\Documents\Movie Collector\Images\TheDukesofHazzardSeason647130_f.jpg"
"The Dukes of Hazzard: Season 7","1979","822 mins","7.1","Action; Comedy","Vudu","Yes","","No","C:\Users\natha\OneDrive\Documents\Movie Collector\Images\TheDukesofHazzardSeason747133_f.jpg"
"Dumb and Dumber","1994","107 mins","7.3","Comedy","Vudu","No","","No","C:\Users\natha\OneDrive\Documents\Movie Collector\Images\DumbandDumber199424491_f.jpg"
"Dumb Money","2023","105 mins","6.8","Biography; Comedy; Drama","Vudu","No","","No","C:\Users\natha\OneDrive\Documents\Movie Collector\Images\DumbMoney20239233_f.jpg"
"Dumbo","1941","64 mins","7.2","Animation; Drama; Family; Musical","Vudu","No","2011","No","C:\Users\natha\OneDrive\Documents\Movie Collector\Images\Dumbo194175978_f.jpg"
"Dumbo (Live Action)","2019","112 mins","6.2","Adventure; Family; Fantasy","Vudu","No","","No","C:\Users\natha\OneDrive\Documents\Movie Collector\Images\DumboLiveAction201969902_f.jpg"
"Dune","2021","155 mins","8.0","Action; Adventure; Drama; Science Fiction","Vudu","No","","No","C:\Users\natha\OneDrive\Documents\Movie Collector\Images\Dune202169863_f.jpg"
"Dune: Part Two","2024","166 mins","8.4","Action; Adventure; Drama; Science Fiction","Vudu","No","","No","C:\Users\natha\OneDrive\Documents\Movie Collector\Images\DunePartTwo202470181_f.jpg"
"Dungeons & Dragons: Honor Among Thieves","2023","134 mins","7.2","Action; Adventure; Comedy; Fantasy","Vudu","No","","No","C:\Users\natha\OneDrive\Documents\Movie Collector\Images\DungeonsDragonsHonorAmon8612_f.jpg"
"Dunkirk","2017","106 mins","7.8","Action; Drama; History; Thriller; War","Vudu","No","","No","C:\Users\natha\OneDrive\Documents\Movie Collector\Images\Dunkirk20171135_f.jpg"
"Dying Of The Light","2014","94 mins","4.5","Action; Drama; Thriller","Vudu","No","","No","C:\Users\natha\OneDrive\Documents\Movie Collector\Images\DyingOfTheLight201463799_f.jpg"
"E.T. The Extra-Terrestrial","1982","115 mins","7.9","Family; Fantasy; Science Fiction","Vudu","No","2012","No","C:\Users\natha\OneDrive\Documents\Movie Collector\Images\ETTheExtraTerrestrialV38157_f.jpg"
"Eagle Eye","2008","118 mins","6.6","Action; Mystery; Thriller","Vudu","No","","No","C:\Users\natha\OneDrive\Documents\Movie Collector\Images\EagleEye200824815_f.jpg"
"Earth Girls Are Easy","1988","100 mins","5.5","Comedy; Musical; Romance; Science Fiction","Vudu","No","","No","C:\Users\natha\OneDrive\Documents\Movie Collector\Images\EarthGirlsAreEasy198856748_f.jpg"
"Easy Rider","1969","95 mins","7.2","Adventure; Drama","Vudu","No","","No","C:\Users\natha\OneDrive\Documents\Movie Collector\Images\EasyRider19699685_f.jpg"
"Eddie Murphy: Delirious","1983","69 mins","8.1","Comedy","DVD","No","2007","No","C:\Users\natha\OneDrive\Documents\Movie Collector\Images\EddieMurphyDelirious19834887_f.jpg"
"Edward Scissorhands","1990","105 mins","7.8","Drama; Fantasy; Romance","Vudu","No","","No","C:\Users\natha\OneDrive\Documents\Movie Collector\Images\EdwardScissorhands199024504_f.jpg"
"The Eiger Sanction","1975","129 mins","6.4","Action; Crime; Thriller","Vudu","No","","No","C:\Users\natha\OneDrive\Documents\Movie Collector\Images\TheEigerSanction197563195_f.jpg"
"Eight Below","2006","120 mins","7.3","Adventure; Drama; Family","Vudu","No","2006","No","C:\Users\natha\OneDrive\Documents\Movie Collector\Images\EightBelow200634731_f.jpg"
"Elemental","2023","101 mins","7.0","Adventure; Animation; Comedy; Drama; Family; Fantasy; Science Fiction","Vudu","No","","No","C:\Users\natha\OneDrive\Documents\Movie Collector\Images\Elemental202335224_f.jpg"
"Elevation","2024","91 mins","5.6","Action; Science Fiction; Thriller","Vudu","No","","No","C:\Users\natha\OneDrive\Documents\Movie Collector\Images\Elevation202481495_f.jpg"
"Elf","2003","95 mins","7.1","Comedy; Family; Fantasy","Vudu","No","2004","No","C:\Users\natha\OneDrive\Documents\Movie Collector\Images\ElfVUDU200340779_f.jpg"
"Elio","2025","98 mins","6.7","Adventure; Animation; Comedy; Drama; Family; Fantasy; Science Fiction","Vudu","No","","No","C:\Users\natha\OneDrive\Documents\Movie Collector\Images\Elio202587314A9CY_f.jpg"
"Elvis","2022","159 mins","7.3","Biography; Drama; Music","Vudu","No","","No","C:\Users\natha\OneDrive\Documents\Movie Collector\Images\Elvis20225732_f.jpg"
"Elvis Presley: Aloha From Hawaii","1973","72 mins","8.5","Music","VHS","No","","No","C:\Users\natha\OneDrive\Documents\Movie Collector\Images\ElvisPresleyAlohaFromHawa6128_f.jpg"
"Elvis: Viva Las Vegas","2007","120 mins","7.4","Drama; Music","Vudu","No","2007","No","C:\Users\natha\OneDrive\Documents\Movie Collector\Images\ElvisVivaLasVegas200766549_f.jpg"
"Elysium","2013","109 mins","6.6","Action; Drama; Science Fiction; Thriller","Vudu","No","","No","C:\Users\natha\OneDrive\Documents\Movie Collector\Images\Elysium201341429_f.jpg"
"The Emperor's New Groove","2000","78 mins","7.4","Animation; Comedy; Family","Vudu","No","2001","No","C:\Users\natha\OneDrive\Documents\Movie Collector\Images\TheEmperorsNewGroove200040787_f.jpg"
"Empire of the Sun","1987","153 mins","7.7","Drama; War","Vudu","No","","No","C:\Users\natha\OneDrive\Documents\Movie Collector\Images\EmpireoftheSun198753623_f.jpg"
"Empire State","2013","94 mins","5.2","Action; Crime; Thriller","Vudu","No","","No","C:\Users\natha\OneDrive\Documents\Movie Collector\Images\EmpireState20135269_f.jpg"
"Employee Of The Month","2006","108 mins","5.6","Comedy","Vudu","No","2007","No","C:\Users\natha\OneDrive\Documents\Movie Collector\Images\EmployeeOfTheMonthVUDU24798_f.jpg"
"Encanto","2021","2 mins","7.2","Adventure; Animation; Comedy; Drama; Family; Fantasy; Musical","Vudu","No","","No","C:\Users\natha\OneDrive\Documents\Movie Collector\Images\Encanto202173089_f.jpg"
"Encino Man","1992","88 mins","5.9","Comedy","Vudu","No","","No","C:\Users\natha\OneDrive\Documents\Movie Collector\Images\EncinoMan199224474_f.jpg"
"End of Days","1999","122 mins","5.8","Action; Fantasy; Horror; Thriller","Vudu","No","","No","C:\Users\natha\OneDrive\Documents\Movie Collector\Images\EndofDays199963260_f.jpg"
"Enemy Of The State","1998","132 mins","7.3","Action; Thriller","Vudu","No","","No","C:\Users\natha\OneDrive\Documents\Movie Collector\Images\EnemyOfTheState199844360_f.jpg"
"Enough","2002","115 mins","5.8","Crime; Drama; Thriller","Vudu","No","2002","No","C:\Users\natha\OneDrive\Documents\Movie Collector\Images\Enough20029427_f.jpg"
"Entrapment","1999","113 mins","6.3","Action; Crime; Romance; Thriller","Vudu","No","","No","C:\Users\natha\OneDrive\Documents\Movie Collector\Images\Entrapment19991411_f.jpg"
"Epic","2013","102 mins","6.6","Adventure; Animation; Family","Vudu","No","2013","No","C:\Users\natha\OneDrive\Documents\Movie Collector\Images\EpicVUDU201340614_f.jpg"
"The Equalizer","2014","132 mins","7.3","Action; Crime; Thriller","Vudu","No","","No","C:\Users\natha\OneDrive\Documents\Movie Collector\Images\TheEqualizer201460215_f.jpg"
"Equilibrium","2002","107 mins","7.3","Action; Drama; Science Fiction; Thriller","","No","","No","C:\Users\natha\OneDrive\Documents\Movie Collector\Images\Equilibrium200294733_f.jpg"
"Erin Brockovich","2000","131 mins","7.5","Biography; Drama","Vudu","No","","No","C:\Users\natha\OneDrive\Documents\Movie Collector\Images\ErinBrockovich200069947_f.jpg"
"Escape from Alcatraz","1979","112 mins","7.5","Biography; Crime; Drama; Thriller","Vudu","No","","No","C:\Users\natha\OneDrive\Documents\Movie Collector\Images\EscapefromAlcatraz197963415_f.jpg"
"Escape from L.A.","1996","101 mins","5.7","Action; Adventure; Science Fiction; Thriller","","No","","No","C:\Users\natha\OneDrive\Documents\Movie Collector\Images\EscapefromLA199694697_f.jpg"
"Escape Plan","2013","115 mins","6.7","Action; Thriller","Vudu","No","","No","C:\Users\natha\OneDrive\Documents\Movie Collector\Images\EscapePlan20136193_f.jpg"
"Escape Plan 2: Hades","2018","96 mins","3.9","Action; Crime; Mystery; Science Fiction; Thriller","Vudu","No","","No","C:\Users\natha\OneDrive\Documents\Movie Collector\Images\EscapePlan2Hades20185032_f.jpg"
"Escape Plan: The Extractors","2019","97 mins","4.4","Action; Crime; Thriller","Vudu","No","","No","C:\Users\natha\OneDrive\Documents\Movie Collector\Images\EscapePlanTheExtractors25053_f.jpg"
"Escape To Witch Mountain","1975","97 mins","6.3","Adventure; Family; Fantasy; Mystery; Science Fiction","Vudu","No","","No","C:\Users\natha\OneDrive\Documents\Movie Collector\Images\EscapeToWitchMountain197541311_f.jpg"
"Eternals","2021","157 mins","6.2","Action; Adventure; Fantasy; Science Fiction","Vudu","No","","No","C:\Users\natha\OneDrive\Documents\Movie Collector\Images\Eternals20211370_f.jpg"
"Evan Almighty","2007","96 mins","5.4","Comedy; Fantasy","Vudu","No","2007","No","C:\Users\natha\OneDrive\Documents\Movie Collector\Images\EvanAlmightyVUDU200740800_f.jpg"
"Everyone's Hero","2006","87 mins","5.7","Adventure; Animation; Comedy; Family; Sports","DVD","No","2007","No","C:\Users\natha\OneDrive\Documents\Movie Collector\Images\EveryonesHero200634812_f.jpg"
"Everything Everywhere All at Once","2022","139 mins","7.7","Action; Adventure; Comedy; Fantasy; Science Fiction","Vudu","No","","No","C:\Users\natha\OneDrive\Documents\Movie Collector\Images\EverythingEverywhereAllatO674_f.jpg"
"Everything Is Spiritual","2007","78 mins","0","Documentary; Special Interest","DVD","No","2007","No","C:\Users\natha\OneDrive\Documents\Movie Collector\Images\EverythingIsSpiritual200769724_f.jpg"
"Eve's Bayou","1997","108 mins","7.2","Drama","Vudu","No","","No","C:\Users\natha\OneDrive\Documents\Movie Collector\Images\EvesBayou1997909465IWQ_f.jpg"
"Executive Decision","1996","133 mins","6.5","Action; Adventure; Thriller","Vudu","No","","No","C:\Users\natha\OneDrive\Documents\Movie Collector\Images\ExecutiveDecision199624595_f.jpg"
"Exodus","1960","208 mins","6.7","Action; Drama; History; War","Vudu","No","","No","C:\Users\natha\OneDrive\Documents\Movie Collector\Images\Exodus196013052_f.jpg"
"The Exorcist","1973","122 mins","8.1","Horror","Vudu","No","","No","C:\Users\natha\OneDrive\Documents\Movie Collector\Images\TheExorcist197353535_f.jpg"
"The Expendables","2010","103 mins","6.4","Action; Adventure; Thriller","Vudu","No","","No","C:\Users\natha\OneDrive\Documents\Movie Collector\Images\TheExpendables201031627_f.jpg"
"The Expendables 2","2012","103 mins","6.6","Action; Adventure; Thriller","Vudu","No","","No","C:\Users\natha\OneDrive\Documents\Movie Collector\Images\TheExpendables220126169_f.jpg"
"The Expendables 3","2014","126 mins","6.1","Action; Adventure; Thriller","Vudu","No","","No","C:\Users\natha\OneDrive\Documents\Movie Collector\Images\TheExpendables320146186_f.jpg"
"Expend4bles","2023","103 mins","4.8","Action; Adventure; Thriller; War","Vudu","No","","No","C:\Users\natha\OneDrive\Documents\Movie Collector\Images\Expend4bles202310306_f.jpg"
"Extreme Days","2001","93 mins","5.7","Action; Adventure; Comedy; Romance","DVD","No","","No","C:\Users\natha\OneDrive\Documents\Movie Collector\Images\ExtremeDays200124650_f.jpg"
"Eye in the Sky","2015","102 mins","7.3","Action; Drama; Thriller; War","Vudu","No","","No","C:\Users\natha\OneDrive\Documents\Movie Collector\Images\EyeintheSky20155246_f.jpg"
"Eye of the Needle","1981","112 mins","7.1","Romance; Thriller; War","Vudu","No","","No","C:\Users\natha\OneDrive\Documents\Movie Collector\Images\EyeoftheNeedle198113068_f.jpg"
"EZ Money","2005","86 mins","5.5","Comedy; Family","DVD","No","","No","C:\Users\natha\OneDrive\Documents\Movie Collector\Images\EZMoney20054784_f.jpg"
"F1: The Movie","2025","155 mins","7.7","Action; Drama; Sports","Vudu","No","","No","C:\Users\natha\OneDrive\Documents\Movie Collector\Images\F1TheMovie202567074_f.jpg"
"Face/Off","1997","138 mins","7.3","Action; Crime; Science Fiction; Thriller","Vudu","No","1998","No","C:\Users\natha\OneDrive\Documents\Movie Collector\Images\FaceOff19971543_f.jpg"
"Fail Safe","1964","112 mins","8.1","Drama; Thriller","Vudu","No","","No","C:\Users\natha\OneDrive\Documents\Movie Collector\Images\FailSafe196410287_f.jpg"
"Failure to Launch","2006","97 mins","5.7","Comedy; Romance","Vudu","No","","No","C:\Users\natha\OneDrive\Documents\Movie Collector\Images\FailuretoLaunch20068750_f.jpg"
"The Fairly OddParents: Season 1","2001","169 mins","7.2","Adventure; Animation; Comedy; Family; Fantasy","Vudu","Yes","","No","C:\Users\natha\OneDrive\Documents\Movie Collector\Images\TheFairlyOddParentsSeason64109_f.jpg"
"The Fairly OddParents: Season 2","2002","374 mins","7.2","Adventure; Animation; Comedy; Family; Fantasy","Vudu","Yes","","No","C:\Users\natha\OneDrive\Documents\Movie Collector\Images\TheFairlyOddParentsSeason64123_f.jpg"
"The Fairly OddParents: Season 3","2003","471 mins","7.2","Adventure; Animation; Comedy; Family; Fantasy","Vudu","Yes","","No","C:\Users\natha\OneDrive\Documents\Movie Collector\Images\TheFairlyOddParentsSeason64129_f.jpg"
"The Fairly OddParents: Season 4","2004","346 mins","7.2","Adventure; Animation; Comedy; Family; Fantasy","Vudu","Yes","","No","C:\Users\natha\OneDrive\Documents\Movie Collector\Images\TheFairlyOddParentsSeason64133_f.jpg"
"The Fairly OddParents: Season 5","2005","599 mins","7.2","Adventure; Animation; Comedy; Family; Fantasy","Vudu","Yes","","No","C:\Users\natha\OneDrive\Documents\Movie Collector\Images\TheFairlyOddParentsSeason64137_f.jpg"
"The Fairly OddParents: Season 6","2008","322 mins","7.2","Adventure; Animation; Comedy; Family; Fantasy","Vudu","Yes","","No","C:\Users\natha\OneDrive\Documents\Movie Collector\Images\TheFairlyOddParentsSeason64140_f.jpg"
"The Fairly OddParents: Season 7","2009","511 mins","7.2","Adventure; Animation; Comedy; Family; Fantasy","Vudu","Yes","","No","C:\Users\natha\OneDrive\Documents\Movie Collector\Images\TheFairlyOddParentsSeason64144_f.jpg"
"The Fairly OddParents: Season 8","2011","300 mins","7.2","Adventure; Animation; Comedy; Family; Fantasy","Vudu","Yes","","No","C:\Users\natha\OneDrive\Documents\Movie Collector\Images\TheFairlyOddParentsSeason64145_f.jpg"
"The Fairly OddParents: Season 9","2013","618 mins","7.2","Adventure; Animation; Comedy; Family; Fantasy","Vudu","Yes","","No","C:\Users\natha\OneDrive\Documents\Movie Collector\Images\TheFairlyOddParentsSeason64152_f.jpg"
"The Fairly OddParents: Season 10","2016","459 mins","7.2","Adventure; Animation; Comedy; Family; Fantasy","Vudu","Yes","","No","C:\Users\natha\OneDrive\Documents\Movie Collector\Images\TheFairlyOddParentsSeason64149_f.jpg"
"Fall","2022","107 mins","6.4","Action; Thriller","Vudu","No","","No","C:\Users\natha\OneDrive\Documents\Movie Collector\Images\Fall20221115_f.jpg"
"The Fall Guy","2024","126 mins","6.8","Action; Comedy; Drama; Romance","Vudu","No","","No","C:\Users\natha\OneDrive\Documents\Movie Collector\Images\TheFallGuy202441202_f.jpg"
"Falling Down","1993","113 mins","7.5","Action; Crime; Drama; Thriller","Vudu","No","","No","C:\Users\natha\OneDrive\Documents\Movie Collector\Images\FallingDown19931390_f.jpg"
"The Family","2013","111 mins","6.3","Comedy; Crime; Thriller","Blu-ray","No","2013","No","C:\Users\natha\OneDrive\Documents\Movie Collector\Images\TheFamily201334488_f.jpg"
"Family Guy Presents: It's A Trap","2011","56 mins","7.2","Animation; Comedy","Vudu","No","","No","C:\Users\natha\OneDrive\Documents\Movie Collector\Images\FamilyGuyPresentsItsATr66907_f.jpg"
"Family Guy: Blue Harvest","2007","48 mins","8.2","Animation; Comedy","Vudu","No","","No","C:\Users\natha\OneDrive\Documents\Movie Collector\Images\FamilyGuyBlueHarvest200766903_f.jpg"
"Family Guy: Something, Something, Something Dark Side","2010","44 mins","7.6","Animation; Comedy","Vudu","No","","No","C:\Users\natha\OneDrive\Documents\Movie Collector\Images\FamilyGuySomethingSomethi66887_f.jpg"
"The Family Jewels","1965","99 mins","6.2","Comedy","Vudu","No","","No","C:\Users\natha\OneDrive\Documents\Movie Collector\Images\TheFamilyJewels196534501_f.jpg"
"The Family Man","2000","125 mins","6.8","Comedy; Drama; Fantasy; Romance","Vudu","No","2001","No","C:\Users\natha\OneDrive\Documents\Movie Collector\Images\TheFamilyMan200078440_f.jpg"
"Family Matters: Season 1","1989","660 mins","6.6","Adventure; Comedy; Drama; Family; Science Fiction","Vudu","Yes","","No","C:\Users\natha\OneDrive\Documents\Movie Collector\Images\FamilyMattersSeason1198960013_f.jpg"
"Family Matters: Season 2","1990","750 mins","6.6","Adventure; Comedy; Drama; Family; Science Fiction","Vudu","Yes","","No","C:\Users\natha\OneDrive\Documents\Movie Collector\Images\FamilyMattersSeason2199060026_f.jpg"
"Family Matters: Season 3","1991","750 mins","6.6","Adventure; Comedy; Drama; Family; Science Fiction","Vudu","Yes","","No","C:\Users\natha\OneDrive\Documents\Movie Collector\Images\FamilyMattersSeason3199160034_f.jpg"
"Family Matters: Season 4","1992","720 mins","6.6","Adventure; Comedy; Drama; Family; Science Fiction","Vudu","Yes","","No","C:\Users\natha\OneDrive\Documents\Movie Collector\Images\FamilyMattersSeason4199260039_f.jpg"
"Family Matters: Season 5","1993","720 mins","6.6","Adventure; Comedy; Drama; Family; Science Fiction","Vudu","Yes","","No","C:\Users\natha\OneDrive\Documents\Movie Collector\Images\FamilyMattersSeason5199360043_f.jpg"
"Family Matters: Season 6","1994","750 mins","6.6","Adventure; Comedy; Drama; Family; Science Fiction","Vudu","Yes","","No","C:\Users\natha\OneDrive\Documents\Movie Collector\Images\FamilyMattersSeason6199460046_f.jpg"
"Family Matters: Season 7","1995","720 mins","6.6","Adventure; Comedy; Drama; Family; Science Fiction","Vudu","Yes","","No","C:\Users\natha\OneDrive\Documents\Movie Collector\Images\FamilyMattersSeason7199560051_f.jpg"
"Family Matters: Season 8","1996","720 mins","6.6","Adventure; Comedy; Drama; Family; Science Fiction","Vudu","Yes","","No","C:\Users\natha\OneDrive\Documents\Movie Collector\Images\FamilyMattersSeason8199660057_f.jpg"
"Family Matters: Season 9","1997","660 mins","6.6","Adventure; Comedy; Drama; Family; Science Fiction","Vudu","Yes","","No","C:\Users\natha\OneDrive\Documents\Movie Collector\Images\FamilyMattersSeason9199760063_f.jpg"
"Family Plot","1976","120 mins","6.8","Comedy; Crime; Drama; Thriller","Vudu","No","","No","C:\Users\natha\OneDrive\Documents\Movie Collector\Images\FamilyPlot19765350_f.jpg"
"A Family Thing","1996","109 mins","7.1","Comedy; Drama","Vudu","No","","No","C:\Users\natha\OneDrive\Documents\Movie Collector\Images\AFamilyThing199613088_f.jpg"
"Family Ties: Season 1","1982","582 mins","7.3","Comedy; Drama; Family","Vudu","Yes","","No","C:\Users\natha\OneDrive\Documents\Movie Collector\Images\FamilyTiesSeason1198247479_f.jpg"
"Family Ties: Season 2","1983","594 mins","7.3","Comedy; Drama; Family","Vudu","Yes","","No","C:\Users\natha\OneDrive\Documents\Movie Collector\Images\FamilyTiesSeason2198347497_f.jpg"
"Family Ties: Season 3","1984","608 mins","7.3","Comedy; Drama; Family","Vudu","Yes","","No","C:\Users\natha\OneDrive\Documents\Movie Collector\Images\FamilyTiesSeason3198447503_f.jpg"
"Family Ties: Season 4","1985","674 mins","7.3","Comedy; Drama; Family","Vudu","Yes","","No","C:\Users\natha\OneDrive\Documents\Movie Collector\Images\FamilyTiesSeason4198547509_f.jpg"
"Family Ties: Season 5","1986","754 mins","7.3","Comedy; Drama; Family","Vudu","Yes","","No","C:\Users\natha\OneDrive\Documents\Movie Collector\Images\FamilyTiesSeason5198647517_f.jpg"
"Family Ties: Season 6","1987","815 mins","7.3","Comedy; Drama; Family","Vudu","Yes","","No","C:\Users\natha\OneDrive\Documents\Movie Collector\Images\FamilyTiesSeason6198747524_f.jpg"
"Family Ties: Season 7","1988","680 mins","7.3","Comedy; Drama; Family","Vudu","Yes","","No","C:\Users\natha\OneDrive\Documents\Movie Collector\Images\FamilyTiesSeason7198847531_f.jpg"
"Fanboys","2009","90 mins","6.5","Adventure; Comedy; Crime","Vudu","No","","No","C:\Users\natha\OneDrive\Documents\Movie Collector\Images\Fanboys20098672_f.jpg"
"Fantasia","1940","125 mins","7.7","Animation; Family; Fantasy; Music; Musical","Vudu","No","","No","C:\Users\natha\OneDrive\Documents\Movie Collector\Images\Fantasia194075412_f.jpg"
"Fantastic Beasts And Where To Find Them","2016","133 mins","7.2","Adventure; Family; Fantasy","Vudu","No","","No","C:\Users\natha\OneDrive\Documents\Movie Collector\Images\FantasticBeastsAndWhereTo25212_f.jpg"
"Fantastic Beasts: The Crimes Of Grindelwald","2018","134 mins","6.5","Adventure; Drama; Family; Fantasy; Romance","Vudu","No","","No","C:\Users\natha\OneDrive\Documents\Movie Collector\Images\FantasticBeastsTheCrimesO27583_f.jpg"
"Fantastic Beasts: The Secrets of Dumbledore","2022","142 mins","6.2","Action; Adventure; Fantasy","Vudu","No","","No","C:\Users\natha\OneDrive\Documents\Movie Collector\Images\FantasticBeastsTheSecrets25021_f.jpg"
"Fantastic Four","2005","106 mins","5.7","Action; Adventure; Science Fiction","Vudu","No","2005","No","C:\Users\natha\OneDrive\Documents\Movie Collector\Images\FantasticFourVUDU200578447_f.jpg"
"The Fantastic Four: First Steps","2025","114 mins","6.9","Action; Adventure; Science Fiction","Vudu","No","","No","C:\Users\natha\OneDrive\Documents\Movie Collector\Images\TheFantasticFourFirstStep67304FKWO_f.jpg"
"The Fast And The Furious","2001","106 mins","6.8","Action; Crime; Thriller","Vudu","No","","No","C:\Users\natha\OneDrive\Documents\Movie Collector\Images\TheFastAndTheFurious200172571_f.jpg"
"2 Fast 2 Furious","2003","107 mins","5.9","Action; Crime; Thriller","Vudu","No","","No","C:\Users\natha\OneDrive\Documents\Movie Collector\Images\2Fast2Furious200372562_f.jpg"
"The Fast And The Furious: Tokyo Drift","2006","104 mins","6.1","Action; Crime; Thriller","Vudu","No","","No","C:\Users\natha\OneDrive\Documents\Movie Collector\Images\TheFastAndTheFuriousToky27719_f.jpg"
"Fast & Furious","2009","107 mins","6.5","Action; Thriller","Vudu","No","","No","C:\Users\natha\OneDrive\Documents\Movie Collector\Images\FastFurious200927732_f.jpg"
"Fast Five","2011","130 mins","7.3","Action; Adventure; Crime; Thriller","Vudu","No","","No","C:\Users\natha\OneDrive\Documents\Movie Collector\Images\FastFive201127668_f.jpg"
"Fast & Furious 6","2013","130 mins","7.0","Action; Adventure; Thriller","Vudu","No","","No","C:\Users\natha\OneDrive\Documents\Movie Collector\Images\FastFurious6201327688_f.jpg"
"Furious 7","2015","137 mins","7.1","Action; Adventure; Thriller","Vudu","No","","No","C:\Users\natha\OneDrive\Documents\Movie Collector\Images\Furious7201527708_f.jpg"
"The Fate Of The Furious","2017","136 mins","6.6","Action; Adventure; Crime; Thriller","Vudu","No","","No","C:\Users\natha\OneDrive\Documents\Movie Collector\Images\TheFateOfTheFurious201727713_f.jpg"
"F9: The Fast Saga","2021","145 mins","5.2","Action; Adventure; Crime; Thriller","Vudu","No","","No","C:\Users\natha\OneDrive\Documents\Movie Collector\Images\F9TheFastSaga202124918_f.jpg"
"Fast & Furious Presents: Hobbs & Shaw","2019","137 mins","6.4","Action; Adventure; Thriller","Vudu","No","","No","C:\Users\natha\OneDrive\Documents\Movie Collector\Images\FastFuriousPresentsHobbs27678_f.jpg"
"Fast X","2023","141 mins","5.7","Action; Adventure; Crime; Mystery; Thriller","Vudu","No","","No","C:\Users\natha\OneDrive\Documents\Movie Collector\Images\FastX202327819_f.jpg"
"Fat City","1972","96 mins","7.2","Drama; Sports","Vudu","No","","No","C:\Users\natha\OneDrive\Documents\Movie Collector\Images\FatCity1972653_f.jpg"
"Father Stu","2022","124 mins","6.5","Biography; Drama","Vudu","No","","No","C:\Users\natha\OneDrive\Documents\Movie Collector\Images\FatherStu20225408_f.jpg"
"Fatherhood","2021","109 mins","6.6","Comedy; Drama","Vudu","No","","No","C:\Users\natha\OneDrive\Documents\Movie Collector\Images\Fatherhood20215923_f.jpg"
"Fatman","2020","100 mins","5.9","Action; Comedy; Fantasy; Thriller","Vudu","No","","No","C:\Users\natha\OneDrive\Documents\Movie Collector\Images\Fatman20205171_f.jpg"
"Fearless","2006","104 mins","7.6","Action; Biography; Drama","Vudu","No","","No","C:\Users\natha\OneDrive\Documents\Movie Collector\Images\Fearless200660894_f.jpg"
"Feast","2005","95 mins","6.2","Action; Comedy; Horror; Science Fiction; Thriller","Vudu","No","","No","C:\Users\natha\OneDrive\Documents\Movie Collector\Images\Feast200587445V8TE_f.jpg"
"Ferdinand","2017","108 mins","6.7","Adventure; Animation; Comedy; Family; Fantasy","Vudu","No","","No","C:\Users\natha\OneDrive\Documents\Movie Collector\Images\Ferdinand201775356_f.jpg"
"Ferris Bueller's Day Off","1986","103 mins","7.8","Comedy","Vudu","No","","No","C:\Users\natha\OneDrive\Documents\Movie Collector\Images\FerrisBuellersDayOff198627656_f.jpg"
"A Few Good Men","1992","138 mins","7.7","Drama; Thriller","Vudu","No","","No","C:\Users\natha\OneDrive\Documents\Movie Collector\Images\AFewGoodMen199227737_f.jpg"
"Field Of Dreams","1989","107 mins","7.5","Drama; Family; Fantasy; Sports","Vudu","No","","No","C:\Users\natha\OneDrive\Documents\Movie Collector\Images\FieldOfDreams198972577_f.jpg"
"Figaro and Frankie","1947","7 mins","6.2","Animation; Comedy; Family","Vudu","No","","No","C:\Users\natha\OneDrive\Documents\Movie Collector\Images\FigaroandFrankie194735301_f.jpg"
"The Fighter","2010","116 mins","7.8","Action; Biography; Drama; Sports","Vudu","No","","No","C:\Users\natha\OneDrive\Documents\Movie Collector\Images\TheFighter201092304_f.jpg"
"Fighting with My Family","2019","108 mins","7.0","Biography; Comedy; Drama; Sports","Vudu","No","","No","C:\Users\natha\OneDrive\Documents\Movie Collector\Images\FightingwithMyFamily20195207_f.jpg"
"Finding Dory","2016","97 mins","7.2","Adventure; Animation; Comedy; Family","Vudu","No","","No","C:\Users\natha\OneDrive\Documents\Movie Collector\Images\FindingDory201675275_f.jpg"
"Finding Nemo","2003","100 mins","8.2","Adventure; Animation; Comedy; Family","Vudu","No","2012","No","C:\Users\natha\OneDrive\Documents\Movie Collector\Images\FindingNemoVUDU200375986_f.jpg"
"Finding Neverland","2004","106 mins","7.6","Biography; Drama; Family","Vudu","No","2005","No","C:\Users\natha\OneDrive\Documents\Movie Collector\Images\FindingNeverland20049448_f.jpg"
"Fire with Fire","2012","97 mins","5.6","Action; Thriller","Vudu","No","","No","C:\Users\natha\OneDrive\Documents\Movie Collector\Images\FirewithFire20125809_f.jpg"
"Firehouse Dog","2007","111 mins","5.5","Action; Comedy; Family","Vudu","No","2007","No","C:\Users\natha\OneDrive\Documents\Movie Collector\Images\FirehouseDog200778459_f.jpg"
"Fireproof","2008","122 mins","6.5","Action; Drama; Romance","Vudu","No","","No","C:\Users\natha\OneDrive\Documents\Movie Collector\Images\Fireproof20089466_f.jpg"
"The Firm","1993","154 mins","6.9","Drama; Mystery; Thriller","Vudu","No","","No","C:\Users\natha\OneDrive\Documents\Movie Collector\Images\TheFirm199327923_f.jpg"
"The First Wives Club","1996","103 mins","6.5","Comedy","Vudu","No","","No","C:\Users\natha\OneDrive\Documents\Movie Collector\Images\TheFirstWivesClub199663400_f.jpg"
"A Fish Called Wanda","1988","108 mins","7.5","Comedy; Crime","Vudu","No","2012","No","C:\Users\natha\OneDrive\Documents\Movie Collector\Images\AFishCalledWanda198813104_f.jpg"
"Five Easy Pieces","1970","98 mins","7.4","Drama","Vudu","No","","No","C:\Users\natha\OneDrive\Documents\Movie Collector\Images\FiveEasyPieces197010114_f.jpg"
"Five Nights at Freddy's","2023","109 mins","5.4","Horror; Mystery; Thriller","","No","","No","C:\Users\natha\OneDrive\Documents\Movie Collector\Images\FiveNightsatFreddys202393934_f.jpg"
"The Five-Year Engagement","2012","124 mins","6.2","Comedy; Drama; Romance","Vudu","No","","No","C:\Users\natha\OneDrive\Documents\Movie Collector\Images\TheFiveYearEngagement201260595_f.jpg"
"The Flash","2023","144 mins","6.6","Action; Adventure; Fantasy; Science Fiction","Vudu","No","","No","C:\Users\natha\OneDrive\Documents\Movie Collector\Images\TheFlash20231523_f.jpg"
"Flashdance","1983","95 mins","6.2","Drama; Music; Romance","Vudu","No","","No","C:\Users\natha\OneDrive\Documents\Movie Collector\Images\Flashdance198392132_f.jpg"
"Flatliners","2017","109 mins","5.2","Drama; Horror; Mystery; Science Fiction; Thriller","","No","","No","C:\Users\natha\OneDrive\Documents\Movie Collector\Images\Flatliners201794110_f.jpg"
"Flatliners","1990","115 mins","6.6","Drama; Horror; Science Fiction; Thriller","Vudu","No","","No","C:\Users\natha\OneDrive\Documents\Movie Collector\Images\Flatliners199027931_f.jpg"
"Flawless","1999","112 mins","6.4","Comedy; Crime; Drama","Vudu","No","","No","C:\Users\natha\OneDrive\Documents\Movie Collector\Images\Flawless199913124_f.jpg"
"Flight","2012","138 mins","7.3","Drama; Thriller","Vudu","No","","No","C:\Users\natha\OneDrive\Documents\Movie Collector\Images\Flight20124426_f.jpg"
"Flight Risk","2025","91 mins","5.3","Action; Crime; Drama; Thriller","Vudu","No","","No","C:\Users\natha\OneDrive\Documents\Movie Collector\Images\FlightRisk202560428_f.jpg"
"A Flintstone Christmas","1977","60 mins","6.8","Animation; Family","Vudu","No","","No","C:\Users\natha\OneDrive\Documents\Movie Collector\Images\AFlintstoneChristmas197735269_f.jpg"
"A Flintstone Family Christmas","1993","23 mins","6.4","Animation; Comedy; Family","Vudu","No","","No","C:\Users\natha\OneDrive\Documents\Movie Collector\Images\AFlintstoneFamilyChristmas35369_f.jpg"
"The Flintstones: Season 1","1960","737 mins","7.5","Adventure; Animation; Comedy; Family","Vudu","Yes","","No","C:\Users\natha\OneDrive\Documents\Movie Collector\Images\TheFlintstonesSeason119647243_f.jpg"
"The Flintstones: Season 2","1961","828 mins","7.5","Adventure; Animation; Comedy; Family","Vudu","Yes","","No","C:\Users\natha\OneDrive\Documents\Movie Collector\Images\TheFlintstonesSeason219647249_f.jpg"
"The Flintstones: Season 3","1962","616 mins","7.5","Adventure; Animation; Comedy; Family","Vudu","Yes","","No","C:\Users\natha\OneDrive\Documents\Movie Collector\Images\TheFlintstonesSeason319647254_f.jpg"
"The Flintstones: Season 4","1963","676 mins","7.5","Adventure; Animation; Comedy; Family","Vudu","Yes","","No","C:\Users\natha\OneDrive\Documents\Movie Collector\Images\TheFlintstonesSeason419647256_f.jpg"
"The Flintstones: Season 5","1960","675 mins","7.5","Adventure; Animation; Comedy; Family","Vudu","Yes","","No","C:\Users\natha\OneDrive\Documents\Movie Collector\Images\TheFlintstonesSeason519647259_f.jpg"
"The Flintstones: Season 6","1960","780 mins","7.5","Adventure; Animation; Comedy; Family","Vudu","Yes","","No","C:\Users\natha\OneDrive\Documents\Movie Collector\Images\TheFlintstonesSeason619647261_f.jpg"
"The Flintstones: Season 7","1960","","0","Adventure; Animation; Comedy; Family","Vudu","Yes","","No","C:\Users\natha\OneDrive\Documents\Movie Collector\Images\TheFlintstonesSeason719647538_f.jpg"
"The Flood","2023","93 mins","3.2","Action; Horror; Thriller","Vudu","No","","No",""
"Flow","2024","85 mins","7.9","Adventure; Animation; Family; Fantasy","Vudu","No","","No","C:\Users\natha\OneDrive\Documents\Movie Collector\Images\Flow202481615_f.jpg"
"Flubber","1997","93 mins","5.3","Comedy; Family; Fantasy","Vudu","No","2003","No","C:\Users\natha\OneDrive\Documents\Movie Collector\Images\Flubber199753189_f.jpg"
"Flushed Away","2006","90 mins","6.6","Animation; Comedy; Family","Vudu","No","2007","No","C:\Users\natha\OneDrive\Documents\Movie Collector\Images\FlushedAway200678473_f.jpg"
"Fly Me To The Moon","2024","132 mins","6.6","Comedy; Romance","Vudu","No","","No","C:\Users\natha\OneDrive\Documents\Movie Collector\Images\FlyMeToTheMoon202460442_f.jpg"
"Flywheel","2003","114 mins","6.7","Drama","Vudu","No","2007","No","C:\Users\natha\OneDrive\Documents\Movie Collector\Images\Flywheel200331255_f.jpg"
"The Fog","2005","100 mins","3.7","Horror; Mystery","Vudu","No","","No","C:\Users\natha\OneDrive\Documents\Movie Collector\Images\TheFog200543945_f.jpg"
"Follow Me, Boys!","1966","131 mins","7.1","Drama; Family","Vudu","No","","No","C:\Users\natha\OneDrive\Documents\Movie Collector\Images\FollowMeBoys196660109_f.jpg"
"Fools Rush In","1997","109 mins","6.1","Comedy; Drama; Romance","Vudu","No","","No","C:\Users\natha\OneDrive\Documents\Movie Collector\Images\FoolsRushIn199743869_f.jpg"
"Footloose","1984","107 mins","6.6","Drama; Music; Romance","Vudu","No","","No","C:\Users\natha\OneDrive\Documents\Movie Collector\Images\Footloose198463389_f.jpg"
"The Forbidden Kingdom","2008","104 mins","6.5","Action; Adventure; Fantasy","Vudu","No","","No","C:\Users\natha\OneDrive\Documents\Movie Collector\Images\TheForbiddenKingdom200856709_f.jpg"
"Ford V Ferrari","2019","152 mins","8.1","Action; Biography; Drama; Sports","Vudu","No","","No","C:\Users\natha\OneDrive\Documents\Movie Collector\Images\FordVFerrari201941291_f.jpg"
"The Forge","2024","124 mins","6.8","Drama; Family","Vudu","No","","No","C:\Users\natha\OneDrive\Documents\Movie Collector\Images\TheForge202457086_f.jpg"
"Forgetting Sarah Marshall","2008","111 mins","7.1","Comedy; Drama; Romance","Vudu","No","","No","C:\Users\natha\OneDrive\Documents\Movie Collector\Images\ForgettingSarahMarshall20060601_f.jpg"
"Forrest Gump","1994","142 mins","8.8","Comedy; Family","Vudu","No","1995","No","C:\Users\natha\OneDrive\Documents\Movie Collector\Images\ForrestGump199440593_f.jpg"
"The Fortune Cookie","1966","125 mins","7.2","Comedy; Romance","Vudu","No","","No","C:\Users\natha\OneDrive\Documents\Movie Collector\Images\TheFortuneCookie196613139_f.jpg"
"Foul Play","1978","116 mins","6.8","Comedy; Mystery; Thriller","Vudu","No","","No","C:\Users\natha\OneDrive\Documents\Movie Collector\Images\FoulPlay197863560_f.jpg"
"The Founder","2016","115 mins","7.2","Biography; Drama; History","Vudu","No","","No","C:\Users\natha\OneDrive\Documents\Movie Collector\Images\TheFounder20161457_f.jpg"
"Four Christmases","2008","88 mins","5.7","Comedy; Drama; Romance","Vudu","No","","No","C:\Users\natha\OneDrive\Documents\Movie Collector\Images\FourChristmases200856879_f.jpg"
"The Fox and the Hound","1981","83 mins","7.2","Adventure; Animation; Drama; Family","Vudu","No","","No","C:\Users\natha\OneDrive\Documents\Movie Collector\Images\TheFoxandtheHound198173105_f.jpg"
"The Fox And The Hound / The Fox And The Hound 2","2007","152 mins","0","Action; Adventure; Family","Blu-ray","No","2011","No","C:\Users\natha\OneDrive\Documents\Movie Collector\Images\TheFoxAndTheHoundTheFo75914_f.jpg"
"Frailty","2012","","6.8","Drama","Vudu","No","","No","C:\Users\natha\OneDrive\Documents\Movie Collector\Images\Frailty201256725_f.jpg"
"Frankenweenie","2012","87 mins","6.9","Animation; Comedy; Drama; Family; Horror; Science Fiction; Thriller","Vudu","No","","No","C:\Users\natha\OneDrive\Documents\Movie Collector\Images\Frankenweenie201275480_f.jpg"
"Freakier Friday","2025","110 mins","6.3","Comedy; Family; Fantasy","Vudu","No","","No","C:\Users\natha\OneDrive\Documents\Movie Collector\Images\FreakierFriday202591988_f.jpg"
"Freakonomics","2010","93 mins","6.3","Documentary","Vudu","No","","No","C:\Users\natha\OneDrive\Documents\Movie Collector\Images\Freakonomics20101499_f.jpg"
"Freaky Friday","1976","98 mins","6.3","Comedy; Family; Fantasy","Vudu","No","","No","C:\Users\natha\OneDrive\Documents\Movie Collector\Images\FreakyFriday19765944_f.jpg"
"Free Birds","2013","91 mins","5.8","Animation; Comedy; Family","Vudu","No","2014","No","C:\Users\natha\OneDrive\Documents\Movie Collector\Images\FreeBirdsVUDU201338443_f.jpg"
"Free Guy","2021","115 mins","7.1","Action; Adventure; Comedy; Fantasy; Science Fiction","Vudu","No","","No","C:\Users\natha\OneDrive\Documents\Movie Collector\Images\FreeGuy202144487_f.jpg"
"Free Willy","1993","112 mins","6.1","Adventure; Drama; Family","Vudu","No","2009","No","C:\Users\natha\OneDrive\Documents\Movie Collector\Images\FreeWilly199378480_f.jpg"
"Free Willy 2: Adventure Home","1995","95 mins","5.1","Adventure; Drama; Family","Vudu","No","","No","C:\Users\natha\OneDrive\Documents\Movie Collector\Images\FreeWilly2AdventureHome69828_f.jpg"
"Free Willy 3: The Rescue","1997","86 mins","4.8","Adventure; Drama; Family","Vudu","No","","No","C:\Users\natha\OneDrive\Documents\Movie Collector\Images\FreeWilly3TheRescue199769835_f.jpg"
"Free Willy: Escape From Pirate's Cove","2010","101 mins","5.0","Action; Adventure; Drama; Family","Vudu","No","2010","No","C:\Users\natha\OneDrive\Documents\Movie Collector\Images\FreeWillyEscapeFromPirate78488_f.jpg"
"Freelance","2023","108 mins","5.6","Action; Comedy","Vudu","No","","No","C:\Users\natha\OneDrive\Documents\Movie Collector\Images\Freelance202312604_f.jpg"
"Frenzy","1972","116 mins","7.4","Thriller","Vudu","No","","No","C:\Users\natha\OneDrive\Documents\Movie Collector\Images\Frenzy19725370_f.jpg"
"The Fresh Prince Of Bel-Air: Season 1","1990","650 mins","7.9","Comedy","Vudu","Yes","","No","C:\Users\natha\OneDrive\Documents\Movie Collector\Images\TheFreshPrinceOfBelAirS57700_f.jpg"
"The Fresh Prince Of Bel-Air: Season 2","1991","600 mins","7.9","Comedy","Vudu","Yes","","No","C:\Users\natha\OneDrive\Documents\Movie Collector\Images\TheFreshPrinceOfBelAirS57517_f.jpg"
"The Fresh Prince Of Bel-Air: Season 3","1992","610 mins","7.9","Comedy","Vudu","Yes","","No","C:\Users\natha\OneDrive\Documents\Movie Collector\Images\TheFreshPrinceOfBelAirS57532_f.jpg"
"The Fresh Prince Of Bel-Air: Season 4","1993","615 mins","7.9","Comedy","Vudu","Yes","","No","C:\Users\natha\OneDrive\Documents\Movie Collector\Images\TheFreshPrinceOfBelAirS57541_f.jpg"
"The Fresh Prince Of Bel-Air: Season 5","1994","575 mins","7.9","Comedy","Vudu","Yes","","No","C:\Users\natha\OneDrive\Documents\Movie Collector\Images\TheFreshPrinceOfBelAirS57550_f.jpg"
"The Fresh Prince Of Bel-Air: Season 6","1995","940 mins","7.9","Comedy","Vudu","Yes","","No","C:\Users\natha\OneDrive\Documents\Movie Collector\Images\TheFreshPrinceOfBelAirS57557_f.jpg"
"The Freshman","1990","102 mins","6.5","Comedy; Crime","Vudu","No","","No","C:\Users\natha\OneDrive\Documents\Movie Collector\Images\TheFreshman199037787_f.jpg"
"Friday","1995","91 mins","7.2","Comedy; Drama","Vudu","No","","No","C:\Users\natha\OneDrive\Documents\Movie Collector\Images\Friday199553998_f.jpg"
"Friday the 13th","1980","95 mins","6.4","Horror; Mystery; Thriller","Vudu","No","","No","C:\Users\natha\OneDrive\Documents\Movie Collector\Images\Fridaythe13th198063455_f.jpg"
"Friends And Heroes: Long Journey","","","0","Animation; Religious","DVD","No","","No","C:\Users\natha\OneDrive\Documents\Movie Collector\Images\FriendsAndHeroesLongJourn66802_f.jpg"
"Friends with Money","2006","88 mins","5.8","Comedy; Drama; Romance","Vudu","No","","No","C:\Users\natha\OneDrive\Documents\Movie Collector\Images\FriendswithMoney200644195_f.jpg"
"Friends: Season 1","1994","525 mins","8.9","Comedy; Romance","Vudu","Yes","2002","No","C:\Users\natha\OneDrive\Documents\Movie Collector\Images\FriendsSeason1199481199_f.jpg"
"Friends: Season 2","1995","567 mins","8.9","Comedy; Romance","Vudu","Yes","2002","No","C:\Users\natha\OneDrive\Documents\Movie Collector\Images\FriendsSeason2199581208_f.jpg"
"Friends: Season 3","1996","587 mins","8.9","Comedy; Romance","Vudu","Yes","2003","No","C:\Users\natha\OneDrive\Documents\Movie Collector\Images\FriendsSeason3199681214_f.jpg"
"Friends: Season 4","1997","559 mins","8.9","Comedy; Romance","Vudu","Yes","2003","No","C:\Users\natha\OneDrive\Documents\Movie Collector\Images\FriendsSeason4199781220_f.jpg"
"Friends: Season 5","1998","563 mins","8.9","Comedy; Romance","Vudu","Yes","2003","No","C:\Users\natha\OneDrive\Documents\Movie Collector\Images\FriendsSeason5199881224_f.jpg"
"Friends: Season 6","1999","569 mins","8.9","Comedy; Romance","Vudu","Yes","2004","No","C:\Users\natha\OneDrive\Documents\Movie Collector\Images\FriendsSeason6199981228_f.jpg"
"Friends: Season 7","2000","600 mins","8.9","Comedy; Romance","Vudu","Yes","2004","No","C:\Users\natha\OneDrive\Documents\Movie Collector\Images\FriendsSeason7200081232_f.jpg"
"Friends: Season 8","2001","1440 mins","8.9","Comedy; Romance","Vudu","Yes","2004","No","C:\Users\natha\OneDrive\Documents\Movie Collector\Images\FriendsSeason8200181237_f.jpg"
"Friends: Season 9","2002","1440 mins","8.9","Comedy; Romance","Vudu","Yes","2005","No","C:\Users\natha\OneDrive\Documents\Movie Collector\Images\FriendsSeason9200281240_f.jpg"
"Friends: Season 10","2004","427 mins","8.9","Comedy; Romance","Vudu","Yes","2005","No","C:\Users\natha\OneDrive\Documents\Movie Collector\Images\FriendsSeason10200481204_f.jpg"
"Friends: The Series Finale","2004","50 mins","8.9","Comedy; Romance","DVD","Yes","2004","No","C:\Users\natha\OneDrive\Documents\Movie Collector\Images\FriendsTheSeriesFinale2078921_f.jpg"
"Fright Night","1985","106 mins","7.0","Fantasy; Horror","Vudu","No","","No","C:\Users\natha\OneDrive\Documents\Movie Collector\Images\FrightNight19859666_f.jpg"
"From Paris with Love","2010","92 mins","6.4","Action; Crime; Thriller","Vudu","No","","No","C:\Users\natha\OneDrive\Documents\Movie Collector\Images\FromPariswithLove20108933_f.jpg"
"Frosty Returns","1993","24 mins","4.9","Animation","Vudu","No","","No","C:\Users\natha\OneDrive\Documents\Movie Collector\Images\FrostyReturns199373138_f.jpg"
"Frosty The Snowman","1969","","7.3","Animation","Vudu","No","","No","C:\Users\natha\OneDrive\Documents\Movie Collector\Images\FrostyTheSnowman196975406_f.jpg"
"Frosty's Winter Wonderland / Twas The Night Before Christmas","1974","70 mins","0","Animation; Children","DVD; Vudu","No","2004","No","C:\Users\natha\OneDrive\Documents\Movie Collector\Images\FrostysWinterWonderlandT75801_f.jpg"
"Frozen","2013","102 mins","7.4","Adventure; Animation; Family; Musical","Vudu","No","2014","No","C:\Users\natha\OneDrive\Documents\Movie Collector\Images\FrozenVUDU201378354_f.jpg"
"The Frozen Ground","2013","105 mins","6.4","Biography; Crime; Drama; Mystery; Thriller","Vudu","No","","No","C:\Users\natha\OneDrive\Documents\Movie Collector\Images\TheFrozenGround201363695_f.jpg"
"Frozen II","2019","103 mins","6.8","Adventure; Animation; Comedy; Family; Fantasy; Musical","Vudu","No","","No","C:\Users\natha\OneDrive\Documents\Movie Collector\Images\FrozenII201973009_f.jpg"
"The Fugitive","1993","130 mins","7.8","Action; Crime; Drama; Mystery; Thriller","Vudu","No","","No","C:\Users\natha\OneDrive\Documents\Movie Collector\Images\TheFugitive199327744_f.jpg"
"Full House: Season 1","1988","583 mins","6.8","Comedy; Drama; Family","Vudu","Yes","","No","C:\Users\natha\OneDrive\Documents\Movie Collector\Images\FullHouseSeason1198857574_f.jpg"
"Full House: Season 2","1989","575 mins","6.8","Comedy; Drama; Family","Vudu","Yes","","No","C:\Users\natha\OneDrive\Documents\Movie Collector\Images\FullHouseSeason2198957595_f.jpg"
"Full House: Season 3","1990","629 mins","6.8","Comedy; Drama; Family","Vudu","Yes","","No","C:\Users\natha\OneDrive\Documents\Movie Collector\Images\FullHouseSeason3199057606_f.jpg"
"Full House: Season 4","1991","605 mins","6.8","Comedy; Drama; Family","Vudu","Yes","","No","C:\Users\natha\OneDrive\Documents\Movie Collector\Images\FullHouseSeason4199157614_f.jpg"
"Full House: Season 5","1991","639 mins","6.8","Comedy; Drama; Family","Vudu","Yes","","No","C:\Users\natha\OneDrive\Documents\Movie Collector\Images\FullHouseSeason5199157621_f.jpg"
"Full House: Season 6","1993","618 mins","6.8","Comedy; Drama; Family","Vudu","Yes","","No","C:\Users\natha\OneDrive\Documents\Movie Collector\Images\FullHouseSeason6199357627_f.jpg"
"Full House: Season 7","1994","621 mins","6.8","Comedy; Drama; Family","Vudu","Yes","","No","C:\Users\natha\OneDrive\Documents\Movie Collector\Images\FullHouseSeason7199457635_f.jpg"
"Full House: Season 8","1995","598 mins","6.8","Comedy; Drama; Family","Vudu","Yes","","No","C:\Users\natha\OneDrive\Documents\Movie Collector\Images\FullHouseSeason8199557638_f.jpg"
"Full Metal Jacket","1987","116 mins","8.2","Drama; War","Vudu","No","","No","C:\Users\natha\OneDrive\Documents\Movie Collector\Images\FullMetalJacket198753698_f.jpg"
"Fun And Fancy Free","1947","72 mins","6.3","Animation; Family; Fantasy; Music; Musical","DVD; Vudu","No","","No","C:\Users\natha\OneDrive\Documents\Movie Collector\Images\FunAndFancyFree194790252_f.jpg"
"Fun with Dick and Jane","2005","90 mins","6.2","Comedy; Crime","Vudu","No","","No","C:\Users\natha\OneDrive\Documents\Movie Collector\Images\FunwithDickandJane200527823_f.jpg"
"Fun with Dick and Jane","1977","95 mins","6.4","Comedy; Crime","Vudu","No","","No","C:\Users\natha\OneDrive\Documents\Movie Collector\Images\FunwithDickandJane197710218_f.jpg"
"Funny Face","1957","103 mins","7.0","Comedy; Musical; Romance","Vudu","No","","No","C:\Users\natha\OneDrive\Documents\Movie Collector\Images\FunnyFace19575451_f.jpg"
"Funny Lady","1975","136 mins","6.2","Biography; Comedy; Drama; Musical; Romance","Vudu","No","","No","C:\Users\natha\OneDrive\Documents\Movie Collector\Images\FunnyLady197537880_f.jpg"
"Furiosa: A Mad Max Saga","2024","148 mins","7.5","Action; Adventure; Science Fiction; Thriller","Vudu","No","","No","C:\Users\natha\OneDrive\Documents\Movie Collector\Images\FuriosaAMadMaxSaga202434772_f.jpg"
"G.I. Joe: The Rise Of Cobra","2009","117 mins","5.7","Action; Adventure; Science Fiction","Vudu","No","","No","C:\Users\natha\OneDrive\Documents\Movie Collector\Images\GIJoeTheRiseOfCobra225067_f.jpg"
"G.I. Joe: Retaliation","2013","110 mins","5.7","Action; Adventure; Science Fiction; Thriller; War","Vudu","No","2013","No","C:\Users\natha\OneDrive\Documents\Movie Collector\Images\GIJoeRetaliationVUDU40629_f.jpg"
"G.I. Joe: A Real American Hero:  Complete Series","1983","705 mins","0","Action; Animation; Science Fiction","DVD","Yes","2012","No","C:\Users\natha\OneDrive\Documents\Movie Collector\Images\GIJoeARealAmericanHero44630_f.jpg"
"G.I. Joe: The Movie","1987","93 mins","7.0","Action; Adventure; Animation; Family; Fantasy; Science Fiction","Vudu","No","","No","C:\Users\natha\OneDrive\Documents\Movie Collector\Images\GIJoeTheMovie198735051_f.jpg"
"Galaxy Quest","1999","102 mins","7.4","Adventure; Comedy; Science Fiction","Vudu","No","","No","C:\Users\natha\OneDrive\Documents\Movie Collector\Images\GalaxyQuest199992094_f.jpg"
"The Gallant Hours","1960","115 mins","7.1","Biography; Drama; War","Vudu","No","","No","C:\Users\natha\OneDrive\Documents\Movie Collector\Images\TheGallantHours196013151_f.jpg"
"Game Night","2018","100 mins","6.9","Action; Comedy; Crime; Thriller","Vudu","No","","No","C:\Users\natha\OneDrive\Documents\Movie Collector\Images\GameNight201872514_f.jpg"
"Gamestop: Rise of the Players","2022","94 mins","6.1","Documentary","Vudu","No","","No","C:\Users\natha\OneDrive\Documents\Movie Collector\Images\GamestopRiseofthePlayers1929_f.jpg"
"Gandhi","1982","191 mins","8.0","Biography; Drama; History","Vudu","No","","No","C:\Users\natha\OneDrive\Documents\Movie Collector\Images\Gandhi19829558_f.jpg"
"Garfield","2004","80 mins","5.1","Animation; Comedy; Family; Fantasy","Vudu","No","","No","C:\Users\natha\OneDrive\Documents\Movie Collector\Images\Garfield200435321_f.jpg"
"Garfield: A Tale Of Two Kitties","2006","82 mins","5.0","Adventure; Comedy; Family","Vudu","No","","No","C:\Users\natha\OneDrive\Documents\Movie Collector\Images\GarfieldATaleOfTwoKittie37389_f.jpg"
"The Garfield Movie","2024","101 mins","5.7","Adventure; Animation; Comedy; Family; Fantasy","Vudu","No","","No","C:\Users\natha\OneDrive\Documents\Movie Collector\Images\TheGarfieldMovie202437557_f.jpg"
"George of the Jungle","1997","88 mins","5.6","Action; Adventure; Comedy; Family; Romance","Vudu","No","","No","C:\Users\natha\OneDrive\Documents\Movie Collector\Images\GeorgeoftheJungle199770217_f.jpg"
"Geronimo: An American Legend","1993","115 mins","6.6","Drama; History; Western","Vudu","No","","No","C:\Users\natha\OneDrive\Documents\Movie Collector\Images\GeronimoAnAmericanLegend41543_f.jpg"
"Get Smart","2008","110 mins","6.5","Action; Adventure; Comedy","Vudu","No","","No","C:\Users\natha\OneDrive\Documents\Movie Collector\Images\GetSmart200824911_f.jpg"
"Get Smart: Season 1","1965","900 mins","8.2","Action; Adventure; Comedy; Crime; Family; Mystery; Science Fiction","Vudu","Yes","","No","C:\Users\natha\OneDrive\Documents\Movie Collector\Images\GetSmartSeason1196550499_f.jpg"
"Get Smart: Season 2","1966","900 mins","8.2","Action; Adventure; Comedy; Crime; Family; Mystery; Science Fiction","Vudu","Yes","","No","C:\Users\natha\OneDrive\Documents\Movie Collector\Images\GetSmartSeason2196650513_f.jpg"
"Get Smart: Season 3","1967","780 mins","8.2","Action; Adventure; Comedy; Crime; Family; Mystery; Science Fiction","Vudu","Yes","","No","C:\Users\natha\OneDrive\Documents\Movie Collector\Images\GetSmartSeason3196750523_f.jpg"
"Get Smart: Season 4","1968","780 mins","8.2","Action; Adventure; Comedy; Crime; Family; Mystery; Science Fiction","Vudu","Yes","","No","C:\Users\natha\OneDrive\Documents\Movie Collector\Images\GetSmartSeason4196850529_f.jpg"
"Get Smart: Season 5","1969","780 mins","8.2","Action; Adventure; Comedy; Crime; Family; Mystery; Science Fiction","Vudu","Yes","","No","C:\Users\natha\OneDrive\Documents\Movie Collector\Images\GetSmartSeason5196950534_f.jpg"
"G-Force","2009","88 mins","5.1","Action; Adventure; Family; Fantasy","Vudu","No","2009","No","C:\Users\natha\OneDrive\Documents\Movie Collector\Images\GForce20094632_f.jpg"
"Ghost","1990","128 mins","7.1","Drama; Fantasy; Romance; Thriller","Vudu","No","2001","No","C:\Users\natha\OneDrive\Documents\Movie Collector\Images\Ghost199053197_f.jpg"
"Ghost In The Shell","2017","107 mins","6.3","Action; Crime; Drama; Mystery; Science Fiction; Thriller","Vudu","No","","No","C:\Users\natha\OneDrive\Documents\Movie Collector\Images\GhostInTheShell2017911542I6D_f.jpg"
"Ghostbusters","1984","105 mins","7.8","Action; Comedy; Fantasy; Science Fiction","Vudu","No","","No","C:\Users\natha\OneDrive\Documents\Movie Collector\Images\Ghostbusters198472504_f.jpg"
"Ghostbusters II","1989","108 mins","6.6","Action; Comedy; Fantasy; Science Fiction","Vudu","No","","No","C:\Users\natha\OneDrive\Documents\Movie Collector\Images\GhostbustersII198972510_f.jpg"
"Ghostbusters","2016","116 mins","6.8","Action; Comedy; Fantasy; Science Fiction","Vudu","No","","No","C:\Users\natha\OneDrive\Documents\Movie Collector\Images\Ghostbusters201625273_f.jpg"
"Ghostbusters: Afterlife","2021","124 mins","7.0","Adventure; Comedy; Fantasy; Science Fiction","Vudu","No","","No","C:\Users\natha\OneDrive\Documents\Movie Collector\Images\GhostbustersAfterlife2021787_f.jpg"
"Ghostbusters: Frozen Empire","2024","115 mins","6.1","Adventure; Comedy; Fantasy; Science Fiction","Vudu","No","","No","C:\Users\natha\OneDrive\Documents\Movie Collector\Images\GhostbustersFrozenEmpire227943_f.jpg"
"Giant","1956","201 mins","7.6","Drama; Western","Vudu","No","","No","C:\Users\natha\OneDrive\Documents\Movie Collector\Images\Giant195653840_f.jpg"
"Gidget","1959","95 mins","6.6","Comedy; Drama; Romance","Vudu","No","","No","C:\Users\natha\OneDrive\Documents\Movie Collector\Images\Gidget19599921_f.jpg"
"Gidget Goes to Rome","1963","104 mins","5.1","Adventure; Comedy; Romance","Vudu","No","","No","C:\Users\natha\OneDrive\Documents\Movie Collector\Images\GidgetGoestoRome196343813_f.jpg"
"Gifted","2017","101 mins","7.6","Drama","Vudu","No","","No","C:\Users\natha\OneDrive\Documents\Movie Collector\Images\Gifted201725262_f.jpg"
"Gilda","1946","110 mins","7.6","Drama; Film Noir; Romance; Thriller","Vudu","No","","No","C:\Users\natha\OneDrive\Documents\Movie Collector\Images\Gilda194610094_f.jpg"
"Gilligan's Island: Season 1","1964","916 mins","7.4","Comedy; Family","Vudu","Yes","","No","C:\Users\natha\OneDrive\Documents\Movie Collector\Images\GilligansIslandSeason1144875_f.jpg"
"Gilligan's Island: Season 2","1965","811 mins","7.4","Comedy; Family","Vudu","Yes","","No","C:\Users\natha\OneDrive\Documents\Movie Collector\Images\GilligansIslandSeason2144894_f.jpg"
"Gilligan's Island: Season 3","1966","780 mins","7.4","Comedy; Family","Vudu","Yes","","No","C:\Users\natha\OneDrive\Documents\Movie Collector\Images\GilligansIslandSeason3144900_f.jpg"
"The Girl In The Spider's Web","2018","115 mins","6.1","Action; Adventure; Crime; Drama; Mystery; Thriller","Vudu","No","","No","C:\Users\natha\OneDrive\Documents\Movie Collector\Images\TheGirlInTheSpidersWeb60225_f.jpg"
"Girl, Interrupted","1999","127 mins","7.3","Biography; Drama","Vudu","No","","No","C:\Users\natha\OneDrive\Documents\Movie Collector\Images\GirlInterrupted199943974_f.jpg"
"Gladiator","2000","155 mins","8.5","Action; Adventure; Drama","Vudu","No","2001","No","C:\Users\natha\OneDrive\Documents\Movie Collector\Images\Gladiator20001564_f.jpg"
"Gladiator Ii","2024","148 mins","6.5","Action; Adventure; Drama","Vudu","No","","No","C:\Users\natha\OneDrive\Documents\Movie Collector\Images\GladiatorIi202457250_f.jpg"
"Glass","2019","129 mins","6.6","Drama; Science Fiction; Thriller","Vudu","No","","No","C:\Users\natha\OneDrive\Documents\Movie Collector\Images\Glass201969776_f.jpg"
"Gloria","1999","108 mins","5.2","Crime; Drama; Thriller","Vudu","No","","No","C:\Users\natha\OneDrive\Documents\Movie Collector\Images\Gloria199944250_f.jpg"
"Gnome Mobile","1967","85 mins","6.4","Comedy; Family; Fantasy; Science Fiction","DVD; Vudu","No","","No","C:\Users\natha\OneDrive\Documents\Movie Collector\Images\GnomeMobile19675986_f.jpg"
"Go","1999","102 mins","7.2","Comedy; Crime","Vudu","No","","No","C:\Users\natha\OneDrive\Documents\Movie Collector\Images\Go199941481_f.jpg"
"God's Not Dead","2014","95 mins","4.6","Drama; Family","Vudu","No","","No","C:\Users\natha\OneDrive\Documents\Movie Collector\Images\GodsNotDead201478869_f.jpg"
"God's Not Dead 2","2016","120 mins","4.4","Drama","Vudu","No","","No","C:\Users\natha\OneDrive\Documents\Movie Collector\Images\GodsNotDead2201672534_f.jpg"
"God's Not Dead: A Light In Darkness","2018","105 mins","4.5","Drama","Vudu","No","","No","C:\Users\natha\OneDrive\Documents\Movie Collector\Images\GodsNotDeadALightInDar27562_f.jpg"
"God's Not Dead: In God We Trust","2024","96 mins","3.4","Drama","Vudu","No","","No","C:\Users\natha\OneDrive\Documents\Movie Collector\Images\GodsNotDeadInGodWeTrus57151_f.jpg"
"God's Not Dead: We the People","2021","110 mins","4.3","Drama","Vudu","No","","No","C:\Users\natha\OneDrive\Documents\Movie Collector\Images\GodsNotDeadWethePeople44555_f.jpg"
"Godzilla","2014","123 mins","6.4","Action; Adventure; Science Fiction; Thriller","Vudu","No","","No","C:\Users\natha\OneDrive\Documents\Movie Collector\Images\Godzilla20141335_f.jpg"
"Godzilla","1998","139 mins","5.5","Action; Science Fiction; Thriller","Vudu","No","2000","No","C:\Users\natha\OneDrive\Documents\Movie Collector\Images\Godzilla1998720_f.jpg"
"Godzilla vs. Kong","2021","113 mins","6.3","Action; Science Fiction; Thriller","Vudu","No","","No","C:\Users\natha\OneDrive\Documents\Movie Collector\Images\GodzillavsKong20211354_f.jpg"
"Godzilla x Kong: The New Empire","2024","115 mins","6.0","Action; Adventure; Fantasy; Science Fiction; Thriller","Vudu","No","","No","C:\Users\natha\OneDrive\Documents\Movie Collector\Images\GodzillaxKongTheNewEmpir1585_f.jpg"
"Godzilla: King of the Monsters","2019","132 mins","6.0","Action; Adventure; Fantasy; Science Fiction","Vudu","No","","No","C:\Users\natha\OneDrive\Documents\Movie Collector\Images\GodzillaKingoftheMonsters1314_f.jpg"
"Going In Style","2017","96 mins","6.6","Comedy; Crime; Drama","Vudu","No","","No","C:\Users\natha\OneDrive\Documents\Movie Collector\Images\GoingInStyle201725291_f.jpg"
"The Golden Compass","2007","113 mins","6.1","Adventure; Family; Fantasy","Vudu","No","","No","C:\Users\natha\OneDrive\Documents\Movie Collector\Images\TheGoldenCompass20078735_f.jpg"
"The Golden Voyage of Sinbad","1973","105 mins","6.8","Action; Adventure; Fantasy","Vudu","No","","No","C:\Users\natha\OneDrive\Documents\Movie Collector\Images\TheGoldenVoyageofSinbad144014_f.jpg"
"Gone Are the Days","2018","99 mins","5.2","Drama; Western","Vudu","No","","No","C:\Users\natha\OneDrive\Documents\Movie Collector\Images\GoneAretheDays201893359_f.jpg"
"Gone Girl","2014","149 mins","8.1","Drama; Mystery; Thriller","Vudu","No","","No","C:\Users\natha\OneDrive\Documents\Movie Collector\Images\GoneGirl201453481_f.jpg"
"Gone In 60 Seconds","2000","118 mins","6.5","Action; Crime; Thriller","Vudu","No","","No","C:\Users\natha\OneDrive\Documents\Movie Collector\Images\GoneIn60Seconds200067255_f.jpg"
"Gone With The Wind","1939","238 mins","8.2","Drama; Romance; War","Vudu","No","2010","No","C:\Users\natha\OneDrive\Documents\Movie Collector\Images\GoneWithTheWind193938171_f.jpg"
"Good Boy!","2003","88 mins","5.1","Comedy; Drama; Family","Vudu","No","2004","No","C:\Users\natha\OneDrive\Documents\Movie Collector\Images\GoodBoy200375808_f.jpg"
"The Good Dinosaur","2015","93 mins","6.7","Action; Adventure; Animation; Comedy; Family; Fantasy","Vudu","No","2016","No","C:\Users\natha\OneDrive\Documents\Movie Collector\Images\TheGoodDinosaur201540676_f.jpg"
"Good Will Hunting","1997","126 mins","8.3","Drama; Romance","Vudu","No","","No","C:\Users\natha\OneDrive\Documents\Movie Collector\Images\GoodWillHunting199792102_f.jpg"
"Goodfellas","1990","145 mins","8.7","Biography; Crime; Drama","Vudu","No","","No","C:\Users\natha\OneDrive\Documents\Movie Collector\Images\Goodfellas199053709_f.jpg"
"A Goofy Movie","1995","78 mins","7.0","Adventure; Animation; Comedy; Family; Musical; Romance","Vudu","No","","No","C:\Users\natha\OneDrive\Documents\Movie Collector\Images\AGoofyMovie199575506_f.jpg"
"The Goonies","1985","114 mins","7.7","Action; Adventure; Comedy; Family; Thriller","Vudu","No","2007","No","C:\Users\natha\OneDrive\Documents\Movie Collector\Images\TheGoonies198540689_f.jpg"
"Goosebumps","2015","103 mins","6.3","Action; Adventure; Comedy; Horror","Vudu","No","2016","No","C:\Users\natha\OneDrive\Documents\Movie Collector\Images\Goosebumps20151434_f.jpg"
"Goosebumps 2: Haunted Halloween","2018","90 mins","5.6","Adventure; Comedy; Family; Fantasy; Horror","Vudu","No","","No","C:\Users\natha\OneDrive\Documents\Movie Collector\Images\Goosebumps2HauntedHallowee1479_f.jpg"
"Goosebumps: Say Cheese And Die","1996","45 mins","7.6","Family; Horror; Mystery","DVD","Yes","2007","No","C:\Users\natha\OneDrive\Documents\Movie Collector\Images\GoosebumpsSayCheeseAndDie44691_f.jpg"
"Gordy","1994","90 mins","3.8","Comedy; Drama; Family; Fantasy","DVD","No","","No","C:\Users\natha\OneDrive\Documents\Movie Collector\Images\Gordy199470258_f.jpg"
"Gran Torino","2008","116 mins","8.1","Drama","Vudu","No","","No","C:\Users\natha\OneDrive\Documents\Movie Collector\Images\GranTorino200856988_f.jpg"
"Gran Turismo","2023","134 mins","7.1","Action; Adventure; Drama; Sports","Vudu","No","","No","C:\Users\natha\OneDrive\Documents\Movie Collector\Images\GranTurismo20231050_f.jpg"
"Grand Hotel","1932","112 mins","7.3","Drama; Romance","Vudu","No","","No","C:\Users\natha\OneDrive\Documents\Movie Collector\Images\GrandHotel193253764_f.jpg"
"Gravity","2013","91 mins","7.7","Science Fiction; Thriller","Vudu","No","2014","No","C:\Users\natha\OneDrive\Documents\Movie Collector\Images\Gravity201378359_f.jpg"
"Grease","1978","110 mins","7.2","Comedy; Musical; Romance","Vudu","No","","No","C:\Users\natha\OneDrive\Documents\Movie Collector\Images\Grease197892173_f.jpg"
"The Great Escape","1963","172 mins","8.2","Adventure; Drama; History; Thriller; War","Vudu","No","2013","No","C:\Users\natha\OneDrive\Documents\Movie Collector\Images\TheGreatEscape196312659_f.jpg"
"The Great Mouse Detective","1986","74 mins","7.1","Action; Adventure; Animation; Family; Mystery","Vudu","No","2004","No","C:\Users\natha\OneDrive\Documents\Movie Collector\Images\TheGreatMouseDetective19853214_f.jpg"
"The Great Muppet Caper","1981","95 mins","7.1","Comedy; Family; Musical","Vudu","No","2005","No","C:\Users\natha\OneDrive\Documents\Movie Collector\Images\TheGreatMuppetCaper198140812_f.jpg"
"The Great Ziegfeld","1936","176 mins","6.6","Biography; Drama; Musical; Romance","DVD","No","","No","C:\Users\natha\OneDrive\Documents\Movie Collector\Images\TheGreatZiegfeld19361292_f.jpg"
"The Greatest Show on Earth","1952","152 mins","6.5","Drama; Family; Romance","Vudu","No","","No","C:\Users\natha\OneDrive\Documents\Movie Collector\Images\TheGreatestShowonEarth1963577_f.jpg"
"The Greatest Showman","2017","105 mins","7.5","Biography; Comedy; Drama; Music; Musical","Vudu","No","","No","C:\Users\natha\OneDrive\Documents\Movie Collector\Images\TheGreatestShowman201772550_f.jpg"
"Green Acres: Season 1","1965","950 mins","7.3","Comedy; Family","DVD","Yes","","No","C:\Users\natha\OneDrive\Documents\Movie Collector\Images\GreenAcresSeason1196544842_f.jpg"
"Green Acres: Season 2","1966","786 mins","7.3","Comedy; Family","DVD","Yes","","No","C:\Users\natha\OneDrive\Documents\Movie Collector\Images\GreenAcresSeason2196644862_f.jpg"
"Green Acres: Season 3","1967","900 mins","7.3","Comedy; Family","DVD","Yes","","No","C:\Users\natha\OneDrive\Documents\Movie Collector\Images\GreenAcresSeason3196744864_f.jpg"
"Green Acres: Season 4","1968","780 mins","7.3","Comedy; Family","DVD","Yes","","No","C:\Users\natha\OneDrive\Documents\Movie Collector\Images\GreenAcresSeason4196844866_f.jpg"
"Green Acres: Season 5","1969","780 mins","7.3","Comedy; Family","DVD","Yes","","No","C:\Users\natha\OneDrive\Documents\Movie Collector\Images\GreenAcresSeason5196944868_f.jpg"
"Green Acres: Season 6","1970","780 mins","7.3","Comedy; Family","DVD","Yes","","No","C:\Users\natha\OneDrive\Documents\Movie Collector\Images\GreenAcresSeason6197044870_f.jpg"
"Green Lantern: Emerald Knights","2011","84 mins","6.7","Action; Adventure; Animation; Family; Science Fiction","DVD","No","2011","No","C:\Users\natha\OneDrive\Documents\Movie Collector\Images\GreenLanternEmeraldKnights37963_f.jpg"
"The Green Mile","1999","189 mins","8.6","Drama; Fantasy; Thriller","Vudu","No","2000","No","C:\Users\natha\OneDrive\Documents\Movie Collector\Images\TheGreenMile199978507_f.jpg"
"Gremlins","1984","106 mins","7.3","Comedy; Family; Fantasy; Horror; Science Fiction","Vudu","No","","No","C:\Users\natha\OneDrive\Documents\Movie Collector\Images\Gremlins198425233_f.jpg"
"Gremlins 2: The New Batch","1990","106 mins","6.5","Comedy; Fantasy; Horror","Vudu","No","","No","C:\Users\natha\OneDrive\Documents\Movie Collector\Images\Gremlins2TheNewBatch19925249_f.jpg"
"The Grey","2011","117 mins","6.7","Action; Adventure; Drama; Thriller","Vudu","No","","No","C:\Users\natha\OneDrive\Documents\Movie Collector\Images\TheGrey20118912_f.jpg"
"Gridiron Gang","2006","125 mins","6.9","Biography; Crime; Drama; Sports","Vudu","No","2007","No","C:\Users\natha\OneDrive\Documents\Movie Collector\Images\GridironGang20069134_f.jpg"
"The Grinch","2018","85 mins","6.4","Adventure; Animation; Comedy; Family; Fantasy; Musical","Vudu","No","","No","C:\Users\natha\OneDrive\Documents\Movie Collector\Images\TheGrinch201873070_f.jpg"
"Grosse Pointe Blank","1997","107 mins","7.3","Action; Comedy; Crime; Romance; Thriller","Vudu","No","1998","No","C:\Users\natha\OneDrive\Documents\Movie Collector\Images\GrossePointeBlank199727788_f.jpg"
"Groundhog Day","1993","101 mins","8.0","Comedy; Fantasy; Romance","Vudu","No","","No","C:\Users\natha\OneDrive\Documents\Movie Collector\Images\GroundhogDay199327642_f.jpg"
"The Group","1966","150 mins","6.5","Drama","Vudu","No","","No","C:\Users\natha\OneDrive\Documents\Movie Collector\Images\TheGroup196613169_f.jpg"
"Growing Pains: Season 1","1985","527 mins","6.6","Comedy; Family","Vudu","Yes","","No","C:\Users\natha\OneDrive\Documents\Movie Collector\Images\GrowingPainsSeason1198550196_f.jpg"
"Growing Pains: Season 2","1985","","6.6","Comedy; Family","Vudu","Yes","","No","C:\Users\natha\OneDrive\Documents\Movie Collector\Images\GrowingPainsSeason2198550211_f.jpg"
"Growing Pains: Season 3","1985","","6.6","Comedy; Family","Vudu","Yes","","No","C:\Users\natha\OneDrive\Documents\Movie Collector\Images\GrowingPainsSeason3198550222_f.jpg"
"Growing Pains: Season 4","1985","","6.6","Comedy; Family","Vudu","Yes","","No","C:\Users\natha\OneDrive\Documents\Movie Collector\Images\GrowingPainsSeason4198550226_f.jpg"
"Growing Pains: Season 5","1985","611 mins","6.6","Comedy; Family","Vudu","Yes","","No","C:\Users\natha\OneDrive\Documents\Movie Collector\Images\GrowingPainsSeason5198550234_f.jpg"
"Growing Pains: Season 6","1985","560 mins","6.6","Comedy; Family","Vudu","Yes","","No","C:\Users\natha\OneDrive\Documents\Movie Collector\Images\GrowingPainsSeason6198550238_f.jpg"
"Growing Pains: Season 7","1985","568 mins","6.6","Comedy; Family","Vudu","Yes","","No","C:\Users\natha\OneDrive\Documents\Movie Collector\Images\GrowingPainsSeason7198550243_f.jpg"
"Grown Ups","2010","102 mins","6.0","Comedy","Vudu","No","","No","C:\Users\natha\OneDrive\Documents\Movie Collector\Images\GrownUps201024845_f.jpg"
"Grown Ups 2","2013","101 mins","5.4","Comedy","Vudu","No","","No","C:\Users\natha\OneDrive\Documents\Movie Collector\Images\GrownUps2201325159_f.jpg"
"Grumpier Old Men","1995","101 mins","6.7","Comedy; Romance","Vudu","No","","No","C:\Users\natha\OneDrive\Documents\Movie Collector\Images\GrumpierOldMen199544540_f.jpg"
"Grumpy Old Men / Grumpier Old Men","2000","204 mins","0","Comedy","Vudu","No","","No","C:\Users\natha\OneDrive\Documents\Movie Collector\Images\GrumpyOldMenGrumpierOld27851_f.jpg"
"The Guardian","2006","139 mins","6.9","Action; Adventure; Drama","DVD","No","2007","No","C:\Users\natha\OneDrive\Documents\Movie Collector\Images\TheGuardian20069095_f.jpg"
"Guardians Of The Galaxy","2014","121 mins","8.0","Adventure; Fantasy; Science Fiction","Vudu","No","2014","No","C:\Users\natha\OneDrive\Documents\Movie Collector\Images\GuardiansOfTheGalaxyVUDU25113_f.jpg"
"Guardians Of The Galaxy 2","2017","136 mins","7.6","Action; Adventure; Comedy; Science Fiction","Vudu","No","","No","C:\Users\natha\OneDrive\Documents\Movie Collector\Images\GuardiansOfTheGalaxy220125258_f.jpg"
"Guardians of the Galaxy Vol. 3","2023","150 mins","7.9","Action; Adventure; Comedy; Science Fiction","Vudu","No","","No","C:\Users\natha\OneDrive\Documents\Movie Collector\Images\GuardiansoftheGalaxyVol327756_f.jpg"
"Guess Who","2005","105 mins","5.9","Comedy; Romance","Vudu","No","2005","No","C:\Users\natha\OneDrive\Documents\Movie Collector\Images\GuessWho20054852_f.jpg"
"Gus","1976","96 mins","5.7","Family","Vudu","No","","No","C:\Users\natha\OneDrive\Documents\Movie Collector\Images\Gus197670251_f.jpg"
"Guys and Dolls","1955","150 mins","7.1","Comedy; Crime; Musical; Romance","","No","","No","C:\Users\natha\OneDrive\Documents\Movie Collector\Images\GuysandDolls195593999_f.jpg"
"Hackers","1995","107 mins","6.2","Thriller","Vudu","No","1998","No","C:\Users\natha\OneDrive\Documents\Movie Collector\Images\Hackers199540815_f.jpg"
"Hacksaw Ridge","2016","139 mins","8.1","Biography; Drama; History; War","Vudu","No","","No","C:\Users\natha\OneDrive\Documents\Movie Collector\Images\HacksawRidge201627607_f.jpg"
"Hair","1979","121 mins","7.5","Comedy; Drama; Musical; Romance; War","Vudu","No","","No","C:\Users\natha\OneDrive\Documents\Movie Collector\Images\Hair197913187_f.jpg"
"Hairspray","1988","92 mins","7.0","Comedy; Drama; Family; Music; Musical; Romance","Vudu","No","","No","C:\Users\natha\OneDrive\Documents\Movie Collector\Images\Hairspray19889489_f.jpg"
"Hancock","2008","92 mins","6.4","Action; Comedy; Drama; Fantasy","Vudu","No","","No","C:\Users\natha\OneDrive\Documents\Movie Collector\Images\Hancock200860242_f.jpg"
"The Hand That Rocks The Cradle","1992","110 mins","6.7","Drama; Thriller","Vudu","No","","No","C:\Users\natha\OneDrive\Documents\Movie Collector\Images\TheHandThatRocksTheCradle25134_f.jpg"
"The Hangover","2009","100 mins","7.7","Comedy","Vudu","No","","No","C:\Users\natha\OneDrive\Documents\Movie Collector\Images\TheHangover2009697_f.jpg"
"Hannah Montana: The Movie","2009","102 mins","4.8","Comedy; Drama; Family; Music; Romance","Vudu","No","2009","No","C:\Users\natha\OneDrive\Documents\Movie Collector\Images\HannahMontanaTheMovie20069933_f.jpg"
"Hannibal","2001","131 mins","6.8","Crime; Drama; Thriller","DVD","No","2003","No","C:\Users\natha\OneDrive\Documents\Movie Collector\Images\Hannibal20019272_f.jpg"
"Hanover Street","1979","109 mins","6.0","Action; Adventure; Drama; Romance; War","Vudu","No","","No","C:\Users\natha\OneDrive\Documents\Movie Collector\Images\HanoverStreet197937867_f.jpg"
"Hans Christian Andersen","1952","112 mins","6.9","Biography; Family; Musical; Romance","","No","","No","C:\Users\natha\OneDrive\Documents\Movie Collector\Images\HansChristianAndersen195294007_f.jpg"
"Happiest Millionaire","1967","141 mins","6.5","Comedy; Drama; Family; Music; Musical","DVD; Vudu","No","","No","C:\Users\natha\OneDrive\Documents\Movie Collector\Images\HappiestMillionaire196772523_f.jpg"
"Happy Feet","2006","108 mins","6.4","Animation; Comedy; Family; Musical","Vudu","No","2007","No","C:\Users\natha\OneDrive\Documents\Movie Collector\Images\HappyFeet200678511_f.jpg"
"Happy Gilmore","1996","92 mins","7.0","Comedy; Sports","Vudu","No","1996","No","C:\Users\natha\OneDrive\Documents\Movie Collector\Images\HappyGilmore199625148_f.jpg"
"Happy Halloween, Scooby-Doo!","2020","80 mins","6.2","Adventure; Animation; Comedy; Family; Fantasy; Horror; Mystery","Vudu","No","","No","C:\Users\natha\OneDrive\Documents\Movie Collector\Images\HappyHalloweenScoobyDoo69480_f.jpg"
"Hard Target","1993","97 mins","6.2","Action; Crime; Thriller","Vudu","No","","No","C:\Users\natha\OneDrive\Documents\Movie Collector\Images\HardTarget199360867_f.jpg"
"Hardware Wars: The Original Edition","1978","13 mins","6.9","Comedy; Science Fiction","Vudu","No","","No","C:\Users\natha\OneDrive\Documents\Movie Collector\Images\HardwareWarsTheOriginalEd44586_f.jpg"
"Harold and Maude","1971","91 mins","7.8","Comedy; Drama; Romance","Vudu","No","","No","C:\Users\natha\OneDrive\Documents\Movie Collector\Images\HaroldandMaude197163511_f.jpg"
"Harold And The Purple Crayon","2024","90 mins","5.7","Adventure; Animation; Comedy; Family; Fantasy","Vudu","No","","No","C:\Users\natha\OneDrive\Documents\Movie Collector\Images\HaroldAndThePurpleCrayon81428_f.jpg"
"Harry And The Hendersons","1987","110 mins","6.1","Comedy; Family; Fantasy","Vudu","No","","No","C:\Users\natha\OneDrive\Documents\Movie Collector\Images\HarryAndTheHendersons198772732_f.jpg"
"Harry Potter And The Sorcerer's Stone","2001","152 mins","7.7","Adventure; Family; Fantasy","Vudu","No","2007","No","C:\Users\natha\OneDrive\Documents\Movie Collector\Images\HarryPotterAndTheSorcerer38232_f.jpg"
"Harry Potter And The Chamber Of Secrets","2002","161 mins","7.5","Adventure; Family; Fantasy","Vudu","No","2007","No","C:\Users\natha\OneDrive\Documents\Movie Collector\Images\HarryPotterAndTheChamberO38187_f.jpg"
"Harry Potter And The Prisoner Of Azkaban","2004","142 mins","7.9","Adventure; Family; Fantasy","Vudu","No","2007","No","C:\Users\natha\OneDrive\Documents\Movie Collector\Images\HarryPotterAndThePrisoner38226_f.jpg"
"Harry Potter And The Goblet Of Fire","2005","157 mins","7.7","Adventure; Fantasy; Mystery; Thriller","Vudu","No","2007","No","C:\Users\natha\OneDrive\Documents\Movie Collector\Images\HarryPotterAndTheGobletOf38208_f.jpg"
"Harry Potter And The Order Of The Phoenix","2007","138 mins","7.5","Adventure; Drama; Family; Fantasy","Vudu","No","2007","No","C:\Users\natha\OneDrive\Documents\Movie Collector\Images\HarryPotterAndTheOrderOf38216_f.jpg"
"Harry Potter And The Half-Blood Prince","2008","153 mins","7.6","Adventure; Fantasy; Mystery","Vudu","No","2009","No","C:\Users\natha\OneDrive\Documents\Movie Collector\Images\HarryPotterAndTheHalfBloo38212_f.jpg"
"Harry Potter And The Deathly Hallows: Part I","2010","146 mins","7.7","Adventure; Fantasy; Mystery","Vudu","No","2011","No","C:\Users\natha\OneDrive\Documents\Movie Collector\Images\HarryPotterAndTheDeathlyH38198_f.jpg"
"Harry Potter And The Deathly Hallows: Part Ii","2011","130 mins","8.1","Adventure; Fantasy","Vudu","No","","No","C:\Users\natha\OneDrive\Documents\Movie Collector\Images\HarryPotterAndTheDeathlyH38203_f.jpg"
"Haunted Mansion","2023","123 mins","6.0","Comedy; Drama; Family; Fantasy; Horror; Mystery","Vudu","No","","No","C:\Users\natha\OneDrive\Documents\Movie Collector\Images\HauntedMansion202327803_f.jpg"
"The Haunted Mansion","2003","99 mins","5.2","Comedy; Family; Fantasy","Vudu","No","","No","C:\Users\natha\OneDrive\Documents\Movie Collector\Images\TheHauntedMansion20031602_f.jpg"
"Have A Laugh!: Volume 1","2009","73 mins","0","Animation; Family","Vudu","No","2010","No","C:\Users\natha\OneDrive\Documents\Movie Collector\Images\HaveALaughVolume1200940829_f.jpg"
"Have A Laugh!: Volume 2","2009","63 mins","0","Animation; Children; Family","Vudu","No","2010","No","C:\Users\natha\OneDrive\Documents\Movie Collector\Images\HaveALaughVolume2200940831_f.jpg"
"Have A Laugh!: Volume 3","2009","67 mins","0","Animation","Vudu","No","2011","No","C:\Users\natha\OneDrive\Documents\Movie Collector\Images\HaveALaughVolume3200940832_f.jpg"
"Have A Laugh!: Volume 4","2009","65 mins","0","Animation","Vudu","No","2011","No","C:\Users\natha\OneDrive\Documents\Movie Collector\Images\HaveALaughVolume4200950352_f.jpg"
"Hawaiian Holiday","1937","8 mins","6.8","Animation; Comedy; Family; Sports","Vudu","No","","No","C:\Users\natha\OneDrive\Documents\Movie Collector\Images\HawaiianHoliday193735304_f.jpg"
"He Walked by Night","1948","79 mins","7.0","Crime; Film Noir; Thriller","Vudu","No","","No","C:\Users\natha\OneDrive\Documents\Movie Collector\Images\HeWalkedbyNight194813210_f.jpg"
"The Heat","2013","117 mins","6.6","Action; Comedy; Crime","Vudu","No","2013","No","C:\Users\natha\OneDrive\Documents\Movie Collector\Images\TheHeatVUDU201338455_f.jpg"
"Heathers","1989","103 mins","7.1","Comedy; Crime","","No","","No","C:\Users\natha\OneDrive\Documents\Movie Collector\Images\Heathers198994574_f.jpg"
"Heaven Is For Real","2014","99 mins","5.9","Drama","Vudu","No","2014","No","C:\Users\natha\OneDrive\Documents\Movie Collector\Images\HeavenIsForRealVUDU20125119_f.jpg"
"Heavy Metal","1981","86 mins","6.6","Adventure; Animation; Fantasy; Science Fiction","Vudu","No","","No","C:\Users\natha\OneDrive\Documents\Movie Collector\Images\HeavyMetal19819722_f.jpg"
"Heidi","1937","88 mins","7.2","Drama; Family; Musical","Vudu","No","","No","C:\Users\natha\OneDrive\Documents\Movie Collector\Images\Heidi193713538_f.jpg"
"Heist","2001","109 mins","6.5","Action; Crime; Drama; Thriller","Vudu","No","2002","No","C:\Users\natha\OneDrive\Documents\Movie Collector\Images\Heist200157276_f.jpg"
"Hell on the Border","2019","106 mins","4.6","Adventure; Biography; Drama; Western","Vudu","No","","No","C:\Users\natha\OneDrive\Documents\Movie Collector\Images\HellontheBorder201993340_f.jpg"
"Hell or High Water","2016","102 mins","7.6","Crime; Drama; Thriller; Western","Vudu","No","","No","C:\Users\natha\OneDrive\Documents\Movie Collector\Images\HellorHighWater201693189_f.jpg"
"Her","2013","126 mins","8.0","Drama; Romance; Science Fiction","Vudu","No","","No","C:\Users\natha\OneDrive\Documents\Movie Collector\Images\Her201353564_f.jpg"
"Herbie Fully Loaded","2005","101 mins","4.9","Adventure; Comedy; Family; Fantasy; Romance; Sports","Vudu","No","","No","C:\Users\natha\OneDrive\Documents\Movie Collector\Images\HerbieFullyLoaded200527761_f.jpg"
"Herbie Goes Bananas","1980","100 mins","4.9","Adventure; Comedy; Family; Fantasy","Vudu","No","","No","C:\Users\natha\OneDrive\Documents\Movie Collector\Images\HerbieGoesBananas198034787_f.jpg"
"Herbie Goes To Monte Carlo","1977","105 mins","5.7","Adventure; Comedy; Family","Vudu","No","","No","C:\Users\natha\OneDrive\Documents\Movie Collector\Images\HerbieGoesToMonteCarlo1927866_f.jpg"
"Herbie Rides Again","1974","88 mins","5.7","Action; Adventure; Comedy; Family; Fantasy; Romance","Vudu","No","","No","C:\Users\natha\OneDrive\Documents\Movie Collector\Images\HerbieRidesAgain197427882_f.jpg"
"Hercules","2014","98 mins","6.0","Action; Adventure; Fantasy","Vudu","No","","No","C:\Users\natha\OneDrive\Documents\Movie Collector\Images\Hercules201413230_f.jpg"
"Hercules","1997","93 mins","7.3","Adventure; Animation; Comedy; Family; Musical","Vudu","No","1998","No","C:\Users\natha\OneDrive\Documents\Movie Collector\Images\Hercules199781372_f.jpg"
"Hercules in New York","1970","92 mins","3.3","Adventure; Comedy; Fantasy","Vudu","No","","No","C:\Users\natha\OneDrive\Documents\Movie Collector\Images\HerculesinNewYork197056815_f.jpg"
"Here","2024","104 mins","6.3","Drama","Vudu","No","","No","C:\Users\natha\OneDrive\Documents\Movie Collector\Images\Here202457112_f.jpg"
"Here Comes The Boom","2012","105 mins","6.4","Action; Comedy; Drama","Vudu","No","2013","No","C:\Users\natha\OneDrive\Documents\Movie Collector\Images\HereComesTheBoomVUDU2038238_f.jpg"
"Hero","1992","119 mins","6.5","Comedy; Drama; Romance","Vudu","No","","No","C:\Users\natha\OneDrive\Documents\Movie Collector\Images\Hero199210080_f.jpg"
"He's Just Not That Into You","2009","129 mins","6.4","Comedy; Drama; Romance","Vudu","No","","No","C:\Users\natha\OneDrive\Documents\Movie Collector\Images\HesJustNotThatIntoYou28717_f.jpg"
"Hey Arnold! The Movie","2002","76 mins","6.0","Adventure; Animation; Comedy; Family","Vudu","No","","No","C:\Users\natha\OneDrive\Documents\Movie Collector\Images\HeyArnoldTheMovie200275431_f.jpg"
"Hey There, It's Yogi Bear","1964","89 mins","6.5","Adventure; Animation; Comedy; Family; Musical; Romance","Vudu","No","","No","C:\Users\natha\OneDrive\Documents\Movie Collector\Images\HeyThereItsYogiBear19635019_f.jpg"
"Hidden Figures","2016","127 mins","7.8","Biography; Drama; History","Vudu","No","","No","C:\Users\natha\OneDrive\Documents\Movie Collector\Images\HiddenFigures201624855_f.jpg"
"High Noon","1952","85 mins","7.9","Drama; Thriller; Western","Vudu","No","","No","C:\Users\natha\OneDrive\Documents\Movie Collector\Images\HighNoon195292287_f.jpg"
"The High Note","2020","113 mins","6.4","Drama; Music; Romance","Vudu","No","","No","C:\Users\natha\OneDrive\Documents\Movie Collector\Images\TheHighNote202060611_f.jpg"
"High School Musical","2006","93 mins","5.6","Comedy; Drama; Family; Musical","Vudu","No","2006","No","C:\Users\natha\OneDrive\Documents\Movie Collector\Images\HighSchoolMusical200675823_f.jpg"
"High School Musical 2","2007","111 mins","5.3","Comedy; Family; Musical","Vudu","No","2007","No","C:\Users\natha\OneDrive\Documents\Movie Collector\Images\HighSchoolMusical2200775831_f.jpg"
"High School Musical 3","2008","112 mins","5.1","Comedy; Drama; Family; Music; Musical; Romance","Vudu","No","2009","No","C:\Users\natha\OneDrive\Documents\Movie Collector\Images\HighSchoolMusical3200872769_f.jpg"
"High School Musical: The Concert","2007","57 mins","5.4","Family; Musical","DVD","No","2007","No","C:\Users\natha\OneDrive\Documents\Movie Collector\Images\HighSchoolMusicalTheConce37976_f.jpg"
"His Girl Friday","1939","92 mins","7.8","Comedy; Drama; Romance","Vudu","No","","No","C:\Users\natha\OneDrive\Documents\Movie Collector\Images\HisGirlFriday193944321_f.jpg"
"A History of Violence","2005","96 mins","7.4","Drama; Thriller","Vudu","No","2006","No","C:\Users\natha\OneDrive\Documents\Movie Collector\Images\AHistoryofViolence200569979_f.jpg"
"Hitch","2005","118 mins","6.6","Comedy; Romance","Vudu","No","","No","C:\Users\natha\OneDrive\Documents\Movie Collector\Images\Hitch2005632_f.jpg"
"The Hitchhiker's Guide to the Galaxy","2005","109 mins","6.7","Adventure; Comedy; Science Fiction","Vudu","No","","No","C:\Users\natha\OneDrive\Documents\Movie Collector\Images\TheHitchhikersGuidetothe5310_f.jpg"
"Hitman","2007","100 mins","6.2","Action; Crime; Thriller","Vudu","No","2008","No","C:\Users\natha\OneDrive\Documents\Movie Collector\Images\Hitman200734715_f.jpg"
"The Hitman's Bodyguard","2017","118 mins","6.9","Action; Comedy; Crime; Thriller","Vudu","No","","No","C:\Users\natha\OneDrive\Documents\Movie Collector\Images\TheHitmansBodyguard20175110_f.jpg"
"Hitman's Wife's Bodyguard","2021","116 mins","6.1","Action; Comedy; Crime; Thriller","Vudu","No","","No","C:\Users\natha\OneDrive\Documents\Movie Collector\Images\HitmansWifesBodyguard2025194_f.jpg"
"The Hobbit","1977","77 mins","6.7","Adventure; Animation; Family; Fantasy; Musical","Vudu","No","","No","C:\Users\natha\OneDrive\Documents\Movie Collector\Images\TheHobbit197735209_f.jpg"
"The Hobbit: An Unexpected Journey","2012","169 mins","7.8","Action; Adventure; Fantasy","Vudu","No","2013","No","C:\Users\natha\OneDrive\Documents\Movie Collector\Images\TheHobbitAnUnexpectedJour38340_f.jpg"
"The Hobbit: The Battle Of The Five Armies","2014","144 mins","7.4","Action; Adventure; Fantasy","Vudu","No","2015","No","C:\Users\natha\OneDrive\Documents\Movie Collector\Images\TheHobbitTheBattleOfThe25161_f.jpg"
"The Hobbit: The Desolation Of Smaug","2013","161 mins","7.8","Action; Adventure; Fantasy","Vudu","No","2014","No","C:\Users\natha\OneDrive\Documents\Movie Collector\Images\TheHobbitTheDesolationOf40586_f.jpg"
"Hocus Pocus","1993","96 mins","6.9","Comedy; Family; Fantasy; Horror","Vudu","No","","No","C:\Users\natha\OneDrive\Documents\Movie Collector\Images\HocusPocus199369965_f.jpg"
"A Hole in the Head","1959","120 mins","6.2","Comedy; Drama","Vudu","No","","No","C:\Users\natha\OneDrive\Documents\Movie Collector\Images\AHoleintheHead195913249_f.jpg"
"Holes","2003","117 mins","7.0","Adventure; Comedy; Drama; Family; Mystery","Vudu","No","","No","C:\Users\natha\OneDrive\Documents\Movie Collector\Images\Holes20034612_f.jpg"
"Hollywood Homicide","2003","116 mins","5.4","Action; Comedy; Crime; Drama; Thriller","Vudu","No","","No","C:\Users\natha\OneDrive\Documents\Movie Collector\Images\HollywoodHomicide200344107_f.jpg"
"Home","2015","94 mins","6.5","Adventure; Animation; Comedy; Family; Fantasy; Science Fiction","Vudu","No","2015","No","C:\Users\natha\OneDrive\Documents\Movie Collector\Images\Home201535132_f.jpg"
"Home Alone","1990","103 mins","7.7","Comedy; Family","Vudu","No","","No","C:\Users\natha\OneDrive\Documents\Movie Collector\Images\HomeAlone199069962_f.jpg"
"Home Alone 2: Lost In New York","1992","120 mins","6.9","Adventure; Comedy; Crime; Family","Vudu","No","","No","C:\Users\natha\OneDrive\Documents\Movie Collector\Images\HomeAlone2LostInNewYork69788_f.jpg"
"Home Improvement: Season 1","1991","566 mins","7.3","Comedy; Family","Vudu","Yes","","No","C:\Users\natha\OneDrive\Documents\Movie Collector\Images\HomeImprovementSeason11950690_f.jpg"
"Home Improvement: Season 2","1992","588 mins","7.3","Comedy; Family","Vudu","Yes","","No","C:\Users\natha\OneDrive\Documents\Movie Collector\Images\HomeImprovementSeason21950698_f.jpg"
"Home Improvement: Season 3","1993","695 mins","7.3","Comedy; Family","Vudu","Yes","","No","C:\Users\natha\OneDrive\Documents\Movie Collector\Images\HomeImprovementSeason31950700_f.jpg"
"Home Improvement: Season 4","1994","760 mins","7.3","Comedy; Family","Vudu","Yes","","No","C:\Users\natha\OneDrive\Documents\Movie Collector\Images\HomeImprovementSeason41950711_f.jpg"
"Home Improvement: Season 5","1995","672 mins","7.3","Comedy; Family","Vudu","Yes","","No","C:\Users\natha\OneDrive\Documents\Movie Collector\Images\HomeImprovementSeason51950712_f.jpg"
"Home Improvement: Season 6","1996","645 mins","7.3","Comedy; Family","Vudu","Yes","","No","C:\Users\natha\OneDrive\Documents\Movie Collector\Images\HomeImprovementSeason61950717_f.jpg"
"Home Improvement: Season 7","1997","554 mins","7.3","Comedy; Family","Vudu","Yes","","No","C:\Users\natha\OneDrive\Documents\Movie Collector\Images\HomeImprovementSeason71950720_f.jpg"
"Home Improvement: Season 8","1998","665 mins","7.3","Comedy; Family","Vudu","Yes","","No","C:\Users\natha\OneDrive\Documents\Movie Collector\Images\HomeImprovementSeason81950723_f.jpg"
"Home On The Range","2004","76 mins","5.4","Adventure; Animation; Comedy; Family","Vudu","No","2004","No","C:\Users\natha\OneDrive\Documents\Movie Collector\Images\HomeOnTheRange200481462_f.jpg"
"The Homesman","2014","122 mins","6.6","Drama; Western","Vudu","No","","No","C:\Users\natha\OneDrive\Documents\Movie Collector\Images\TheHomesman201493274_f.jpg"
"Homeward Bound: The Incredible Journey","1993","84 mins","7.0","Adventure; Comedy; Drama; Family","Vudu","No","1993","No","C:\Users\natha\OneDrive\Documents\Movie Collector\Images\HomewardBoundTheIncredible53228_f.jpg"
"Honey, I Blew Up the Kid","1992","89 mins","4.9","Adventure; Comedy; Family; Romance; Science Fiction","Vudu","No","","No","C:\Users\natha\OneDrive\Documents\Movie Collector\Images\HoneyIBlewUptheKid19929213_f.jpg"
"Honey, I Shrunk the Kids","1989","93 mins","6.4","Adventure; Comedy; Family; Science Fiction","Vudu","No","","No","C:\Users\natha\OneDrive\Documents\Movie Collector\Images\HoneyIShrunktheKids198924991_f.jpg"
"Hop","2011","95 mins","5.4","Animation; Comedy; Family","Vudu","No","2012","No","C:\Users\natha\OneDrive\Documents\Movie Collector\Images\Hop201175992_f.jpg"
"Horned Avenger: The Battle Against Von Boredom","","","0","Family","DVD","No","","No","C:\Users\natha\OneDrive\Documents\Movie Collector\Images\HornedAvengerTheBattleAga34896_f.jpg"
"The Horse In The Gray Flannel Suit","1968","113 mins","6.3","Comedy; Drama; Family","DVD","No","","No","C:\Users\natha\OneDrive\Documents\Movie Collector\Images\TheHorseInTheGrayFlannel6007_f.jpg"
"Horton Hears A Who!","2008","83 mins","6.8","Adventure; Animation; Family","Vudu","No","2008","No","C:\Users\natha\OneDrive\Documents\Movie Collector\Images\HortonHearsAWho200878876_f.jpg"
"The Hospital","1971","103 mins","7.1","Comedy; Drama; Mystery","Vudu","No","","No","C:\Users\natha\OneDrive\Documents\Movie Collector\Images\TheHospital197113267_f.jpg"
"Hostiles","2017","134 mins","7.2","Drama; Western","Vudu","No","","No","C:\Users\natha\OneDrive\Documents\Movie Collector\Images\Hostiles201754173_f.jpg"
"Hot Lead & Cold Feet","1978","90 mins","6.0","Action; Adventure; Comedy; Family; Western","Vudu","No","2004","No","C:\Users\natha\OneDrive\Documents\Movie Collector\Images\HotLeadColdFeet197841035_f.jpg"
"Hot Pursuit","2015","87 mins","5.2","Action; Comedy; Crime","Vudu","No","","No","C:\Users\natha\OneDrive\Documents\Movie Collector\Images\HotPursuit201513283_f.jpg"
"Hot Wheels Battle Force 5: Season 1","2000","","0","Animation","DVD","Yes","2010","No","C:\Users\natha\OneDrive\Documents\Movie Collector\Images\HotWheelsBattleForce5Sea47180_f.jpg"
"Hot Wheels: Battle Force 5: Season 1, Vol. 2","2009","","6.0","Animation","DVD","Yes","2010","No","C:\Users\natha\OneDrive\Documents\Movie Collector\Images\HotWheelsBattleForce5Se44713_f.jpg"
"Hotel for Dogs","2009","100 mins","5.5","Comedy; Family","Vudu","No","","No","C:\Users\natha\OneDrive\Documents\Movie Collector\Images\HotelforDogs200970194_f.jpg"
"Hotel Transylvania","2011","91 mins","7.0","Animation; Comedy; Family","Vudu","No","2013","No","C:\Users\natha\OneDrive\Documents\Movie Collector\Images\HotelTransylvaniaVUDU20176000_f.jpg"
"Hotel Transylvania 2","2015","89 mins","6.6","Animation; Children; Comedy; Family; Fantasy","Vudu","No","","No","C:\Users\natha\OneDrive\Documents\Movie Collector\Images\HotelTransylvania2201573195_f.jpg"
"Hotel Transylvania 4: Transformania","2022","87 mins","6.0","Adventure; Animation; Comedy; Family; Fantasy; Horror","Vudu","No","","No","C:\Users\natha\OneDrive\Documents\Movie Collector\Images\HotelTransylvania4Transfor75517_f.jpg"
"Hotel Transylvania 3: Summer Vacation","2018","97 mins","6.3","Adventure; Animation; Children; Comedy; Family; Fantasy","Vudu","No","","No","C:\Users\natha\OneDrive\Documents\Movie Collector\Images\HotelTransylvania3SummerV75380_f.jpg"
"The Hound of the Baskervilles","1939","80 mins","7.4","Horror; Mystery; Thriller","Vudu","No","","No","C:\Users\natha\OneDrive\Documents\Movie Collector\Images\TheHoundoftheBaskervilles5329_f.jpg"
"House","1985","93 mins","6.1","Comedy; Fantasy; Horror","Vudu","No","","No","C:\Users\natha\OneDrive\Documents\Movie Collector\Images\House198569647_f.jpg"
"House II: The Second Story","1987","88 mins","5.4","Comedy; Fantasy; Horror","Vudu","No","","No","C:\Users\natha\OneDrive\Documents\Movie Collector\Images\HouseIITheSecondStory194945_f.jpg"
"House of 1000 Corpses","2003","89 mins","6.0","Horror","Vudu","No","","No","C:\Users\natha\OneDrive\Documents\Movie Collector\Images\Houseof1000Corpses200354314_f.jpg"
"House of Gucci","2021","158 mins","6.6","Biography; Crime; Drama","Vudu","No","","No","C:\Users\natha\OneDrive\Documents\Movie Collector\Images\HouseofGucci202113301_f.jpg"
"HouseSitter","1992","102 mins","6.2","Comedy; Romance","Vudu","No","","No","C:\Users\natha\OneDrive\Documents\Movie Collector\Images\HouseSitter199260623_f.jpg"
"How The Grinch Stole Christmas (Live Action)","2000","105 mins","6.4","Animation; Comedy; Family; Fantasy","Vudu","No","2001","No","C:\Users\natha\OneDrive\Documents\Movie Collector\Images\HowTheGrinchStoleChristmas78519_f.jpg"
"How The Grinch Stole Christmas / Horton Hears A Who!","","188 mins","0","Action; Music; Science Fiction","Vudu","No","","No","C:\Users\natha\OneDrive\Documents\Movie Collector\Images\HowTheGrinchStoleChristmas75585_f.jpg"
"How To Eat Fried Worms","2006","84 mins","5.3","Comedy; Family","Vudu","No","2006","No","C:\Users\natha\OneDrive\Documents\Movie Collector\Images\HowToEatFriedWorms200640833_f.jpg"
"How to Lose a Guy in 10 Days","2003","116 mins","6.5","Comedy; Romance","Vudu","No","","No","C:\Users\natha\OneDrive\Documents\Movie Collector\Images\HowtoLoseaGuyin10Days92039_f.jpg"
"How to Succeed in Business Without Really Trying","1967","121 mins","7.2","Comedy; Musical","Vudu","No","","No","C:\Users\natha\OneDrive\Documents\Movie Collector\Images\HowtoSucceedinBusinessWit13317_f.jpg"
"How To Train Your Dragon","2010","98 mins","8.1","Action; Adventure; Animation; Family; Fantasy","Vudu","No","","No","C:\Users\natha\OneDrive\Documents\Movie Collector\Images\HowToTrainYourDragon201075403_f.jpg"
"How to Train Your Dragon","2025","125 mins","7.8","Action; Adventure; Comedy; Drama; Family; Fantasy; Science Fiction","Vudu","No","","No","C:\Users\natha\OneDrive\Documents\Movie Collector\Images\HowtoTrainYourDragon202564218_f.jpg"
"How To Train Your Dragon 2","2014","102 mins","7.8","Action; Adventure; Animation; Comedy; Family; Fantasy","Vudu","No","","No","C:\Users\natha\OneDrive\Documents\Movie Collector\Images\HowToTrainYourDragon22073186_f.jpg"
"How To Train Your Dragon: The Hidden World","2019","104 mins","7.4","Action; Adventure; Animation; Family; Fantasy","Vudu","No","","No","C:\Users\natha\OneDrive\Documents\Movie Collector\Images\HowToTrainYourDragonThe75400_f.jpg"
"Hudson Hawk","1991","100 mins","5.7","Action; Adventure; Comedy","Vudu","No","1999","No","C:\Users\natha\OneDrive\Documents\Movie Collector\Images\HudsonHawk19914921_f.jpg"
"Hulk","2003","138 mins","5.7","Action; Animation; Fantasy","Vudu","No","2003","No","C:\Users\natha\OneDrive\Documents\Movie Collector\Images\Hulk200378520_f.jpg"
"The Hunchback of Notre Dame","1996","91 mins","7.0","Animation; Drama; Family; Musical; Romance","Vudu","No","","No","C:\Users\natha\OneDrive\Documents\Movie Collector\Images\TheHunchbackofNotreDame173111_f.jpg"
"The Hunger Games","2011","142 mins","7.2","Action; Drama; Science Fiction","Vudu","No","2012","No","C:\Users\natha\OneDrive\Documents\Movie Collector\Images\TheHungerGamesVUDU201138341_f.jpg"
"The Hunger Games: Catching Fire","2013","146 mins","7.5","Action; Adventure; Science Fiction; Thriller","Vudu","No","2014","No","C:\Users\natha\OneDrive\Documents\Movie Collector\Images\TheHungerGamesCatchingFir40587_f.jpg"
"The Hunger Games: Mockingjay - Part 1","2014","123 mins","6.6","Action; Adventure; Drama; Science Fiction; Thriller","Vudu","No","","No","C:\Users\natha\OneDrive\Documents\Movie Collector\Images\TheHungerGamesMockingjay25174_f.jpg"
"The Hunger Games: Mockingjay, Part 2","2015","137 mins","6.6","Action; Adventure; Drama; Science Fiction","Vudu","No","","No","C:\Users\natha\OneDrive\Documents\Movie Collector\Images\TheHungerGamesMockingjay25198_f.jpg"
"The Hunger Games: The Ballad of Songbirds & Snakes","2023","157 mins","6.6","Action; Adventure; Drama; Science Fiction; Thriller; War","Vudu","No","","No","C:\Users\natha\OneDrive\Documents\Movie Collector\Images\TheHungerGamesTheBallado27893_f.jpg"
"The Hunt","2020","90 mins","6.6","Action; Horror; Thriller","Vudu","No","","No","C:\Users\natha\OneDrive\Documents\Movie Collector\Images\TheHunt202060808_f.jpg"
"The Hunt For Red October","1990","135 mins","7.5","Action; Adventure; Thriller","Vudu","No","","No","C:\Users\natha\OneDrive\Documents\Movie Collector\Images\TheHuntForRedOctober199025223_f.jpg"
"The Hurt Locker","2008","131 mins","7.5","Drama; Thriller; War","Vudu","No","","No","C:\Users\natha\OneDrive\Documents\Movie Collector\Images\TheHurtLocker200824974_f.jpg"
"The Hustle","2019","93 mins","5.5","Comedy; Crime","Vudu","No","","No","C:\Users\natha\OneDrive\Documents\Movie Collector\Images\TheHustle201913336_f.jpg"
"Hustle & Flow","2005","116 mins","7.3","Crime; Drama; Music","Vudu","No","","No","C:\Users\natha\OneDrive\Documents\Movie Collector\Images\HustleFlow200592082_f.jpg"
"I Am Legend","2007","101 mins","7.2","Action; Adventure; Drama; Science Fiction; Thriller","Vudu","No","2008","No","C:\Users\natha\OneDrive\Documents\Movie Collector\Images\IAmLegend20079511_f.jpg"
"I Am Number Four","2011","111 mins","6.1","Action; Adventure; Science Fiction; Thriller","Vudu","No","2011","No","C:\Users\natha\OneDrive\Documents\Movie Collector\Images\IAmNumberFour20119286_f.jpg"
"I Can Only Imagine","2018","110 mins","7.3","Drama; Family; Music","Vudu","No","","No","C:\Users\natha\OneDrive\Documents\Movie Collector\Images\ICanOnlyImagine201825300_f.jpg"
"I Dream Of Jeannie: Season 1","1965","756 mins","7.4","Comedy; Family; Fantasy","Vudu","Yes","","No","C:\Users\natha\OneDrive\Documents\Movie Collector\Images\IDreamOfJeannieSeason166960_f.jpg"
"I Dream Of Jeannie: Season 2","1967","775 mins","7.4","Comedy; Family; Fantasy","Vudu","Yes","","No","C:\Users\natha\OneDrive\Documents\Movie Collector\Images\IDreamOfJeannieSeason266967_f.jpg"
"I Dream Of Jeannie: Season 3","1968","650 mins","7.4","Comedy; Family; Fantasy","Vudu","Yes","","No","C:\Users\natha\OneDrive\Documents\Movie Collector\Images\IDreamOfJeannieSeason366973_f.jpg"
"I Dream Of Jeannie: Season 4","1968","650 mins","7.4","Comedy; Family; Fantasy","Vudu","Yes","","No","C:\Users\natha\OneDrive\Documents\Movie Collector\Images\IDreamOfJeannieSeason466875_f.jpg"
"I Dream Of Jeannie: Season 5","1970","650 mins","7.4","Comedy; Family; Fantasy","Vudu","Yes","","No","C:\Users\natha\OneDrive\Documents\Movie Collector\Images\IDreamOfJeannieSeason566976_f.jpg"
"I Love You to Death","1990","97 mins","6.4","Comedy; Crime","Vudu","No","","No","C:\Users\natha\OneDrive\Documents\Movie Collector\Images\ILoveYoutoDeath199041525_f.jpg"
"I Now Pronounce You Chuck And Larry","2007","140 mins","5.9","Comedy; Romance","Vudu","No","2007","No","C:\Users\natha\OneDrive\Documents\Movie Collector\Images\INowPronounceYouChuckAnd40850_f.jpg"
"I Still Believe","2020","115 mins","6.5","Biography; Drama; Music; Romance","Vudu","No","","No","C:\Users\natha\OneDrive\Documents\Movie Collector\Images\IStillBelieve202027624_f.jpg"
"I.T.","2016","95 mins","5.5","Crime; Drama; Mystery; Thriller","Vudu","No","","No","C:\Users\natha\OneDrive\Documents\Movie Collector\Images\IT20166147_f.jpg"
"Ice Age","2002","81 mins","7.5","Adventure; Animation; Comedy; Family","Vudu","No","2002","No","C:\Users\natha\OneDrive\Documents\Movie Collector\Images\IceAge200278530_f.jpg"
"Ice Age 2: The Meltdown","2006","91 mins","6.8","Animation; Comedy; Family","Vudu","No","2006","No","C:\Users\natha\OneDrive\Documents\Movie Collector\Images\IceAge2TheMeltdown200678534_f.jpg"
"Ice Age: Dawn Of The Dinosaurs","2009","93 mins","6.9","Action; Animation; Comedy; Family","Vudu","No","2009","No","C:\Users\natha\OneDrive\Documents\Movie Collector\Images\IceAgeDawnOfTheDinosaurs78545_f.jpg"
"Ice Age: Continental Drift","2012","87 mins","6.5","Adventure; Animation; Comedy; Family","Vudu","No","2012","No","C:\Users\natha\OneDrive\Documents\Movie Collector\Images\IceAgeContinentalDriftV76004_f.jpg"
"Ice Age: Collision Course","2016","94 mins","5.7","Adventure; Animation; Comedy; Family; Science Fiction","Vudu","No","","No","C:\Users\natha\OneDrive\Documents\Movie Collector\Images\IceAgeCollisionCourse20173058_f.jpg"
"Ice Castles","1978","108 mins","6.6","Drama; Romance; Sports","Vudu","No","","No","C:\Users\natha\OneDrive\Documents\Movie Collector\Images\IceCastles19789982_f.jpg"
"Ice Princess","2005","98 mins","6.1","Comedy; Drama; Family; Sports","Vudu","No","2005","No","C:\Users\natha\OneDrive\Documents\Movie Collector\Images\IcePrincess200560067_f.jpg"
"Identity","2003","90 mins","7.3","Mystery; Thriller","Vudu","No","","No","C:\Users\natha\OneDrive\Documents\Movie Collector\Images\Identity20038894_f.jpg"
"If","2024","104 mins","6.4","Animation; Comedy; Drama; Family; Fantasy","Vudu","No","","No","C:\Users\natha\OneDrive\Documents\Movie Collector\Images\If202427982_f.jpg"
"If I Stay","2014","107 mins","6.7","Drama; Fantasy; Music; Romance; Science Fiction","Vudu","No","","No","C:\Users\natha\OneDrive\Documents\Movie Collector\Images\IfIStay201413357_f.jpg"
"If....","1968","111 mins","7.4","Crime; Drama","Vudu","No","","No","C:\Users\natha\OneDrive\Documents\Movie Collector\Images\If196891973_f.jpg"
"Igby Goes Down","2002","98 mins","6.8","Comedy; Drama","Vudu","No","","No","C:\Users\natha\OneDrive\Documents\Movie Collector\Images\IgbyGoesDown200213943_f.jpg"
"Imaginary","2024","104 mins","4.7","Horror; Mystery; Thriller","Vudu","No","","No","C:\Users\natha\OneDrive\Documents\Movie Collector\Images\Imaginary202413986_f.jpg"
"The Immigrant","2013","120 mins","6.6","Drama; Romance","Vudu","No","","No","C:\Users\natha\OneDrive\Documents\Movie Collector\Images\TheImmigrant201356658_f.jpg"
"The Impossible","2012","114 mins","7.5","Drama; History; Thriller","Vudu","No","","No","C:\Users\natha\OneDrive\Documents\Movie Collector\Images\TheImpossible201254232_f.jpg"
"In a Lonely Place","1950","94 mins","7.9","Drama; Film Noir; Mystery; Romance; Thriller","Vudu","No","","No","C:\Users\natha\OneDrive\Documents\Movie Collector\Images\InaLonelyPlace195013926_f.jpg"
"In a Valley of Violence","2016","104 mins","6.1","Action; Western","Vudu","No","","No","C:\Users\natha\OneDrive\Documents\Movie Collector\Images\InaValleyofViolence201663218_f.jpg"
"In Cold Blood","1967","134 mins","7.9","Biography; Crime; Drama; History","Vudu","No","","No","C:\Users\natha\OneDrive\Documents\Movie Collector\Images\InColdBlood196713910_f.jpg"
"In Search Of The Castaways","1962","98 mins","6.5","Family","Vudu","No","","No","C:\Users\natha\OneDrive\Documents\Movie Collector\Images\InSearchOfTheCastaways1953239_f.jpg"
"In the Army Now","1994","91 mins","5.0","Comedy; War","Vudu","No","","No","C:\Users\natha\OneDrive\Documents\Movie Collector\Images\IntheArmyNow199427908_f.jpg"
"In the Heights","2021","120 mins","7.2","Drama; Musical; Romance","Vudu","No","","No","C:\Users\natha\OneDrive\Documents\Movie Collector\Images\IntheHeights202113707_f.jpg"
"In the Name of God","2013","86 mins","5.3","Drama","DVD","No","2014","No","C:\Users\natha\OneDrive\Documents\Movie Collector\Images\IntheNameofGod20134670_f.jpg"
"In Time","2011","109 mins","6.7","Action; Science Fiction; Thriller","Vudu","No","","No","C:\Users\natha\OneDrive\Documents\Movie Collector\Images\InTime201113802_f.jpg"
"Inconceivable","2017","105 mins","5.2","Drama; Thriller","Vudu","No","","No","C:\Users\natha\OneDrive\Documents\Movie Collector\Images\Inconceivable201763769_f.jpg"
"The Incredible Hulk","2008","112 mins","6.6","Action; Adventure; Fantasy; Science Fiction; Thriller","Vudu","No","","No","C:\Users\natha\OneDrive\Documents\Movie Collector\Images\TheIncredibleHulk200825318_f.jpg"
"The Incredible Hulk: Season 1","1978","688 mins","7.0","Action; Adventure; Drama; Science Fiction","Vudu","Yes","","No","C:\Users\natha\OneDrive\Documents\Movie Collector\Images\TheIncredibleHulkSeason156905_f.jpg"
"The Incredible Hulk: Season 2","1978","1111 mins","7.0","Action; Adventure; Drama; Science Fiction","Vudu","Yes","","No","C:\Users\natha\OneDrive\Documents\Movie Collector\Images\TheIncredibleHulkSeason256921_f.jpg"
"The Incredible Hulk: Season 3","1980","1970 mins","7.0","Action; Adventure; Drama; Science Fiction","Vudu","Yes","","No","C:\Users\natha\OneDrive\Documents\Movie Collector\Images\TheIncredibleHulkSeason356935_f.jpg"
"The Incredible Hulk: Season 4","1981","864 mins","7.0","Action; Adventure; Drama; Science Fiction","Vudu","Yes","","No","C:\Users\natha\OneDrive\Documents\Movie Collector\Images\TheIncredibleHulkSeason456941_f.jpg"
"Incredible Journey","1963","80 mins","7.0","Action; Adventure; Children; Family","Vudu","No","","No","C:\Users\natha\OneDrive\Documents\Movie Collector\Images\IncredibleJourney196350891_f.jpg"
"The Incredibles","2004","115 mins","8.0","Action; Animation; Comedy; Family","Vudu","No","2011","No","C:\Users\natha\OneDrive\Documents\Movie Collector\Images\TheIncrediblesVUDU200478247_f.jpg"
"The Incredibles 2","2018","118 mins","7.5","Action; Adventure; Animation; Comedy; Family; Science Fiction","Vudu","No","","No","C:\Users\natha\OneDrive\Documents\Movie Collector\Images\TheIncredibles2201875372_f.jpg"
"Indecent Proposal","1993","117 mins","6.0","Drama; Romance","Vudu","No","","No","C:\Users\natha\OneDrive\Documents\Movie Collector\Images\IndecentProposal199391938_f.jpg"
"Independence Day","1996","145 mins","7.0","Action; Science Fiction","Vudu","No","1996","No","C:\Users\natha\OneDrive\Documents\Movie Collector\Images\IndependenceDay199613779_f.jpg"
"Independence Day: Resurgence","2016","120 mins","5.2","Action; Adventure; Science Fiction","Vudu","No","","No","C:\Users\natha\OneDrive\Documents\Movie Collector\Images\IndependenceDayResurgence44518_f.jpg"
"Raiders of the Lost Ark","1981","115 mins","8.4","Action; Adventure","Vudu","No","","No","C:\Users\natha\OneDrive\Documents\Movie Collector\Images\RaidersoftheLostArk198131598_f.jpg"
"Indiana Jones and the Temple of Doom","1984","118 mins","7.5","Action; Adventure","Vudu","No","","No","C:\Users\natha\OneDrive\Documents\Movie Collector\Images\IndianaJonesandtheTempleo31585_f.jpg"
"Indiana Jones and the Last Crusade","1989","127 mins","8.2","Action; Adventure","Vudu","No","","No","C:\Users\natha\OneDrive\Documents\Movie Collector\Images\IndianaJonesandtheLastCru31617_f.jpg"
"Indiana Jones and the Kingdom of the Crystal Skull","2008","122 mins","6.2","Action; Adventure","Vudu","No","","No","C:\Users\natha\OneDrive\Documents\Movie Collector\Images\IndianaJonesandtheKingdom31608_f.jpg"
"Indiana Jones and the Dial of Destiny","2023","154 mins","6.5","Action; Adventure; Science Fiction","Vudu","No","","No","C:\Users\natha\OneDrive\Documents\Movie Collector\Images\IndianaJonesandtheDialof31568_f.jpg"
"Infidel","2019","107 mins","5.6","Action; Adventure; Thriller","Vudu","No","","No","C:\Users\natha\OneDrive\Documents\Movie Collector\Images\Infidel201916607_f.jpg"
"Inside Out","2015","95 mins","8.1","Adventure; Animation; Comedy; Drama; Family; Fantasy","Vudu","No","2015","No","C:\Users\natha\OneDrive\Documents\Movie Collector\Images\InsideOut201540648_f.jpg"
"Inside Out 2","2024","96 mins","7.5","Adventure; Animation; Comedy; Drama; Family; Fantasy","Vudu","No","","No","C:\Users\natha\OneDrive\Documents\Movie Collector\Images\InsideOut2202444572_f.jpg"
"Inspector Gadget: Season 1","1983","1487 mins","6.8","Action; Adventure; Animation; Comedy; Crime; Family; Mystery; Science Fiction","Vudu","Yes","","No","C:\Users\natha\OneDrive\Documents\Movie Collector\Images\InspectorGadgetSeason11950374_f.jpg"
"Instant Family","2018","118 mins","7.3","Comedy; Drama","Vudu","No","","No","C:\Users\natha\OneDrive\Documents\Movie Collector\Images\InstantFamily201813769_f.jpg"
"Interiors","1978","92 mins","7.3","Drama","Vudu","No","","No","C:\Users\natha\OneDrive\Documents\Movie Collector\Images\Interiors197813377_f.jpg"
"Interstellar","2014","169 mins","8.7","Adventure; Drama; Science Fiction; Thriller","Vudu","No","","No","C:\Users\natha\OneDrive\Documents\Movie Collector\Images\Interstellar201413791_f.jpg"
"Interview with the Vampire","1994","123 mins","7.5","Drama; Fantasy; Horror","Vudu","No","","No","C:\Users\natha\OneDrive\Documents\Movie Collector\Images\InterviewwiththeVampire1953739_f.jpg"
"Into the West","1992","97 mins","6.9","Adventure; Family; Fantasy","Vudu","No","","No","C:\Users\natha\OneDrive\Documents\Movie Collector\Images\IntotheWest19925009_f.jpg"
"Into the Wild","2007","148 mins","8.0","Adventure; Biography; Drama","Vudu","No","","No","C:\Users\natha\OneDrive\Documents\Movie Collector\Images\IntotheWild200714007_f.jpg"
"Into The Woods","2014","125 mins","5.9","Action; Adventure; Comedy; Drama; Family; Fantasy; Music; Musical","Vudu","No","","No","C:\Users\natha\OneDrive\Documents\Movie Collector\Images\IntoTheWoods201425183_f.jpg"
"Intolerable Cruelty","2003","100 mins","6.3","Comedy; Crime; Romance","Vudu","No","","No","C:\Users\natha\OneDrive\Documents\Movie Collector\Images\IntolerableCruelty200360631_f.jpg"
"Invasion of the Body Snatchers","1956","80 mins","7.7","Drama; Horror; Science Fiction","Vudu","No","","No","C:\Users\natha\OneDrive\Documents\Movie Collector\Images\InvasionoftheBodySnatchers63525_f.jpg"
"Invictus","2009","134 mins","7.3","Action; Adventure; Biography; Drama; History; Sports; Thriller","Vudu","No","","No","C:\Users\natha\OneDrive\Documents\Movie Collector\Images\Invictus200954037_f.jpg"
"Irma la Douce","1963","147 mins","7.3","Comedy; Romance","Vudu","No","","No","C:\Users\natha\OneDrive\Documents\Movie Collector\Images\IrmalaDouce196313958_f.jpg"
"Iron Eagle","1986","117 mins","5.6","Action; Thriller; War","Vudu","No","","No","C:\Users\natha\OneDrive\Documents\Movie Collector\Images\IronEagle198624893_f.jpg"
"Iron Eagle II","1988","105 mins","3.9","Action; Drama; Romance; War","Vudu","No","","No","C:\Users\natha\OneDrive\Documents\Movie Collector\Images\IronEagleII198837572_f.jpg"
"The Iron Giant","1999","86 mins","8.1","Action; Adventure; Animation; Comedy; Crime; Family; Science Fiction","Vudu","No","","No","C:\Users\natha\OneDrive\Documents\Movie Collector\Images\TheIronGiant199935142_f.jpg"
"Iron Man","2008","126 mins","7.9","Action; Adventure; Fantasy; Science Fiction; Thriller","Vudu","No","","No","C:\Users\natha\OneDrive\Documents\Movie Collector\Images\IronMan200825332_f.jpg"
"Iron Man 2","2010","124 mins","6.9","Action; Adventure; Science Fiction","Vudu","No","","No","C:\Users\natha\OneDrive\Documents\Movie Collector\Images\IronMan2201025339_f.jpg"
"Iron Man 3","2013","130 mins","7.1","Action; Adventure; Science Fiction","Vudu","No","2013","No","C:\Users\natha\OneDrive\Documents\Movie Collector\Images\IronMan3VUDU201338422_f.jpg"
"Iron Will","1994","109 mins","6.6","Adventure; Family","VHS; Vudu","No","","No","C:\Users\natha\OneDrive\Documents\Movie Collector\Images\IronWill199453422_f.jpg"
"The Island","2005","136 mins","6.8","Action; Science Fiction; Thriller","Vudu","No","2005","No","C:\Users\natha\OneDrive\Documents\Movie Collector\Images\TheIsland200513881_f.jpg"
"IT","2017","","7.3","Horror; Thriller","Vudu","No","","No","C:\Users\natha\OneDrive\Documents\Movie Collector\Images\IT201766828_f.jpg"
"It Came from Beneath the Sea","1955","79 mins","5.9","Horror; Science Fiction","Vudu","No","","No","C:\Users\natha\OneDrive\Documents\Movie Collector\Images\ItCamefromBeneaththeSea43786_f.jpg"
"It Could Happen to You","1994","101 mins","6.4","Comedy; Drama; Romance","Vudu","No","","No","C:\Users\natha\OneDrive\Documents\Movie Collector\Images\ItCouldHappentoYou199437632_f.jpg"
"It's a Mad Mad Mad Mad World","1963","161 mins","7.5","Action; Adventure; Comedy; Crime","Vudu","No","","No","C:\Users\natha\OneDrive\Documents\Movie Collector\Images\ItsaMadMadMadMadWorld13970_f.jpg"
"It's A Wonderful Life","1947","130 mins","8.6","Drama; Family; Fantasy","Vudu","No","","No","C:\Users\natha\OneDrive\Documents\Movie Collector\Images\ItsAWonderfulLife194772323_f.jpg"
"It's Complicated","2009","120 mins","6.6","Comedy; Drama; Romance","Vudu","No","","No","C:\Users\natha\OneDrive\Documents\Movie Collector\Images\ItsComplicated200960639_f.jpg"
"Jack Frost","1979","48 mins","6.8","Adventure; Animation; Comedy; Family; Fantasy; Musical; Romance","Vudu","No","","No","C:\Users\natha\OneDrive\Documents\Movie Collector\Images\JackFrost197981449_f.jpg"
"Jack Ryan: Shadow Recruit","2014","105 mins","6.2","Action; Drama; Thriller","Vudu","No","","No","C:\Users\natha\OneDrive\Documents\Movie Collector\Images\JackRyanShadowRecruit20113693_f.jpg"
"Jagged Edge","1985","108 mins","6.5","Drama; Mystery; Thriller","Vudu","No","","No","C:\Users\natha\OneDrive\Documents\Movie Collector\Images\JaggedEdge198513895_f.jpg"
"Jailhouse Rock","1957","96 mins","6.5","Crime; Musical","Vudu","No","1997","No","C:\Users\natha\OneDrive\Documents\Movie Collector\Images\JailhouseRock195753309_f.jpg"
"Dr. No","1962","110 mins","7.2","Action; Adventure; Thriller","Vudu","No","","No","C:\Users\natha\OneDrive\Documents\Movie Collector\Images\DrNo196231296_f.jpg"
"From Russia with Love","1963","115 mins","7.3","Action; Adventure; Thriller","Vudu","No","","No","C:\Users\natha\OneDrive\Documents\Movie Collector\Images\FromRussiawithLove196331435_f.jpg"
"Goldfinger","1964","","7.7","Action","Vudu","No","","No","C:\Users\natha\OneDrive\Documents\Movie Collector\Images\Goldfinger196466792_f.jpg"
"Thunderball","1965","130 mins","6.9","Action; Adventure; Thriller","Vudu","No","","No","C:\Users\natha\OneDrive\Documents\Movie Collector\Images\Thunderball196531445_f.jpg"
"You Only Live Twice","1967","117 mins","6.8","Action; Adventure; Thriller","Vudu","No","","No","C:\Users\natha\OneDrive\Documents\Movie Collector\Images\YouOnlyLiveTwice196731508_f.jpg"
"On Her Majesty's Secret Service","1969","142 mins","6.7","Action; Adventure; Thriller","Vudu","No","","No","C:\Users\natha\OneDrive\Documents\Movie Collector\Images\OnHerMajestysSecretServic31314_f.jpg"
"Diamonds Are Forever","1971","120 mins","6.5","Action; Adventure; Thriller","Vudu","No","","No","C:\Users\natha\OneDrive\Documents\Movie Collector\Images\DiamondsAreForever197131329_f.jpg"
"Live and Let Die","1973","121 mins","6.7","Action; Adventure; Thriller","Vudu","No","","No","C:\Users\natha\OneDrive\Documents\Movie Collector\Images\LiveandLetDie197331458_f.jpg"
"The Man with the Golden Gun","1974","125 mins","6.7","Action; Adventure; Thriller","Vudu","No","","No","C:\Users\natha\OneDrive\Documents\Movie Collector\Images\TheManwiththeGoldenGun131340_f.jpg"
"The Spy Who Loved Me","1977","125 mins","7.0","Action; Adventure; Thriller","Vudu","No","","No","C:\Users\natha\OneDrive\Documents\Movie Collector\Images\TheSpyWhoLovedMe197731351_f.jpg"
"Moonraker","1979","126 mins","6.3","Action; Adventure; Science Fiction; Thriller","Vudu","No","","No","C:\Users\natha\OneDrive\Documents\Movie Collector\Images\Moonraker197931363_f.jpg"
"For Your Eyes Only","1981","127 mins","6.7","Action; Adventure; Thriller","Vudu","No","","No","C:\Users\natha\OneDrive\Documents\Movie Collector\Images\ForYourEyesOnly198137461_f.jpg"
"Octopussy","1983","131 mins","6.5","Action; Adventure; Thriller","Vudu","No","","No","C:\Users\natha\OneDrive\Documents\Movie Collector\Images\Octopussy198331374_f.jpg"
"A View to a Kill","1985","131 mins","6.3","Action; Adventure; Thriller","Vudu","No","","No","C:\Users\natha\OneDrive\Documents\Movie Collector\Images\AViewtoaKill198537453_f.jpg"
"The Living Daylights","1987","130 mins","6.7","Action; Adventure; Thriller","Vudu","No","","No","C:\Users\natha\OneDrive\Documents\Movie Collector\Images\TheLivingDaylights198731468_f.jpg"
"Licence to Kill","1989","133 mins","6.7","Action; Adventure; Thriller","Vudu","No","","No","C:\Users\natha\OneDrive\Documents\Movie Collector\Images\LicencetoKill198931386_f.jpg"
"GoldenEye","1995","130 mins","7.2","Action; Adventure; Thriller","Vudu","No","","No","C:\Users\natha\OneDrive\Documents\Movie Collector\Images\GoldenEye199531399_f.jpg"
"Tomorrow Never Dies","1997","119 mins","6.5","Action; Adventure; Thriller","Vudu","No","","No","C:\Users\natha\OneDrive\Documents\Movie Collector\Images\TomorrowNeverDies199731475_f.jpg"
"The World Is Not Enough","1999","128 mins","6.4","Action; Adventure; Thriller","Vudu","No","","No","C:\Users\natha\OneDrive\Documents\Movie Collector\Images\TheWorldIsNotEnough199931485_f.jpg"
"Die Another Day","2002","133 mins","6.1","Action; Adventure; Thriller","Vudu","No","","No","C:\Users\natha\OneDrive\Documents\Movie Collector\Images\DieAnotherDay200231492_f.jpg"
"Casino Royale","2006","144 mins","8.0","Action; Adventure; Thriller","Vudu","No","","No","C:\Users\natha\OneDrive\Documents\Movie Collector\Images\CasinoRoyale200631502_f.jpg"
"Quantum of Solace","2008","106 mins","6.5","Action; Adventure; Thriller","Vudu","No","","No","C:\Users\natha\OneDrive\Documents\Movie Collector\Images\QuantumofSolace200831407_f.jpg"
"Skyfall","2012","143 mins","7.8","Action; Adventure; Thriller","Vudu","No","","No","C:\Users\natha\OneDrive\Documents\Movie Collector\Images\Skyfall201231416_f.jpg"
"Spectre","2015","148 mins","6.8","Action; Adventure; Thriller","Vudu","No","","No","C:\Users\natha\OneDrive\Documents\Movie Collector\Images\Spectre201531427_f.jpg"
"No Time to Die","2021","163 mins","7.3","Action; Adventure; Thriller","Vudu","No","","No","C:\Users\natha\OneDrive\Documents\Movie Collector\Images\NoTimetoDie202134310_f.jpg"
"Jason and the Argonauts","1963","104 mins","7.3","Action; Adventure; Family; Fantasy","Vudu","No","","No","C:\Users\natha\OneDrive\Documents\Movie Collector\Images\JasonandtheArgonauts19639786_f.jpg"
"Jaws","1975","124 mins","8.1","Adventure; Thriller","Vudu","No","","No","C:\Users\natha\OneDrive\Documents\Movie Collector\Images\Jaws197527592_f.jpg"
"Jaws 2","1978","116 mins","5.8","Adventure; Horror; Thriller","Vudu","No","","No","C:\Users\natha\OneDrive\Documents\Movie Collector\Images\Jaws2197872584_f.jpg"
"Jaws 3-D","1983","99 mins","3.7","Adventure; Horror; Thriller","Vudu","No","","No","C:\Users\natha\OneDrive\Documents\Movie Collector\Images\Jaws3D198381648_f.jpg"
"Jaws: The Revenge","1987","89 mins","3.1","Adventure; Horror; Thriller","Vudu","No","","No","C:\Users\natha\OneDrive\Documents\Movie Collector\Images\JawsTheRevenge198764045_f.jpg"
"The Jazz Singer","1927","88 mins","6.4","Drama; Music; Musical; Romance","DVD","No","","No","C:\Users\natha\OneDrive\Documents\Movie Collector\Images\TheJazzSinger192713642_f.jpg"
"Jerry and Marge Go Large","2022","90 mins","6.9","Biography; Comedy; Drama","Vudu","No","","No","C:\Users\natha\OneDrive\Documents\Movie Collector\Images\JerryandMargeGoLarge202272309_f.jpg"
"The Jesus Music","2021","109 mins","7.4","Documentary","Vudu","No","","No","C:\Users\natha\OneDrive\Documents\Movie Collector\Images\TheJesusMusic202170302_f.jpg"
"Jesus Revolution","2023","120 mins","7.1","Drama","Vudu","No","","No","C:\Users\natha\OneDrive\Documents\Movie Collector\Images\JesusRevolution202313821_f.jpg"
"The Jetsons: Season 1","1963","720 mins","7.0","Animation; Comedy; Family; Science Fiction","Vudu","Yes","","No","C:\Users\natha\OneDrive\Documents\Movie Collector\Images\TheJetsonsSeason1196350786_f.jpg"
"The Jetsons: Season 2","1985","1214 mins","7.0","Animation; Comedy; Family; Science Fiction","Vudu","Yes","","No","C:\Users\natha\OneDrive\Documents\Movie Collector\Images\TheJetsonsSeason2198550787_f.jpg"
"The Jetsons: Season 3","1987","300 mins","7.0","Animation; Comedy; Family; Science Fiction","Vudu","Yes","","No","C:\Users\natha\OneDrive\Documents\Movie Collector\Images\TheJetsonsSeason3198750793_f.jpg"
"Jetsons: The Movie","1990","82 mins","5.6","Animation; Comedy; Family; Musical; Science Fiction","Vudu","No","","No","C:\Users\natha\OneDrive\Documents\Movie Collector\Images\JetsonsTheMovie199034989_f.jpg"
"Jimmy Neutron: Boy Genius","2001","82 mins","6.1","Action; Adventure; Animation; Comedy; Family; Science Fiction","Vudu","No","","No","C:\Users\natha\OneDrive\Documents\Movie Collector\Images\JimmyNeutronBoyGenius20075444_f.jpg"
"Jingle All The Way","1996","89 mins","5.8","Adventure; Comedy; Family","Vudu","No","","No","C:\Users\natha\OneDrive\Documents\Movie Collector\Images\JingleAllTheWay199681572_f.jpg"
"Jingle All The Way 2","2014","93 mins","3.8","Comedy; Family","Vudu","No","","No","C:\Users\natha\OneDrive\Documents\Movie Collector\Images\JingleAllTheWay2201481554_f.jpg"
"Joe","2013","117 mins","6.8","Crime; Drama; Thriller","Vudu","No","","No","C:\Users\natha\OneDrive\Documents\Movie Collector\Images\Joe201363706_f.jpg"
"John Carter","2011","132 mins","6.6","Action; Adventure; Fantasy","Blu-ray","No","2012","No","C:\Users\natha\OneDrive\Documents\Movie Collector\Images\JohnCarter201175837_f.jpg"
"John Wick","2014","101 mins","7.5","Action; Crime; Thriller","Vudu","No","","No","C:\Users\natha\OneDrive\Documents\Movie Collector\Images\JohnWick20148653_f.jpg"
"John Wick: Chapter 2","2017","122 mins","7.4","Action; Crime; Thriller","Vudu","No","","No","C:\Users\natha\OneDrive\Documents\Movie Collector\Images\JohnWickChapter2201713844_f.jpg"
"John Wick: Chapter 3 - Parabellum","2019","130 mins","7.4","Action; Crime; Thriller","Vudu","No","","No","C:\Users\natha\OneDrive\Documents\Movie Collector\Images\JohnWickChapter3Parabel13857_f.jpg"
"John Wick: Chapter 4","2023","169 mins","7.6","Action; Crime; Thriller","Vudu","No","","No","C:\Users\natha\OneDrive\Documents\Movie Collector\Images\JohnWickChapter4202313870_f.jpg"
"Joker","2019","122 mins","8.3","Crime; Drama; Thriller","Vudu","No","","No","C:\Users\natha\OneDrive\Documents\Movie Collector\Images\Joker201913677_f.jpg"
"Joker: Folie À Deux","2024","138 mins","5.2","Drama; Musical; Thriller","Vudu","No","","No","C:\Users\natha\OneDrive\Documents\Movie Collector\Images\JokerFolieDeux202481599_f.jpg"
"Jonah: A Veggietales Movie","2002","83 mins","6.5","Animation; Comedy; Family","DVD; Vudu","No","2003","No","C:\Users\natha\OneDrive\Documents\Movie Collector\Images\JonahAVeggietalesMovie2087710_f.jpg"
"Jonas Brothers: The 3D Concert Experience","2009","76 mins","1.7","Documentary; Music","DVD","No","2009","No","C:\Users\natha\OneDrive\Documents\Movie Collector\Images\JonasBrothersThe3DConcert448_f.jpg"
"Journey 2: The Mysterious Island","2012","94 mins","5.7","Action; Adventure; Comedy; Family; Fantasy; Science Fiction","Vudu","No","","No","C:\Users\natha\OneDrive\Documents\Movie Collector\Images\Journey2TheMysteriousIsla744_f.jpg"
"The Journey Of Natty Gann","1985","101 mins","7.0","Adventure; Comedy; Family","Vudu","No","","No","C:\Users\natha\OneDrive\Documents\Movie Collector\Images\TheJourneyOfNattyGann19837486_f.jpg"
"Journey to Bethlehem","2023","99 mins","6.4","Adventure; Family; Musical","Vudu","No","","No","C:\Users\natha\OneDrive\Documents\Movie Collector\Images\JourneytoBethlehem202316628_f.jpg"
"Journey to the Center of the Earth","2008","93 mins","5.8","Action; Adventure; Family; Fantasy; Science Fiction","Vudu","No","","No","C:\Users\natha\OneDrive\Documents\Movie Collector\Images\JourneytotheCenteroftheE13663_f.jpg"
"Judas and the Black Messiah","2021","126 mins","7.4","Biography; Drama; History","Vudu","No","","No","C:\Users\natha\OneDrive\Documents\Movie Collector\Images\JudasandtheBlackMessiah253941_f.jpg"
"Judas Kiss","1998","98 mins","6.1","Crime; Drama; Thriller","Vudu","No","","No","C:\Users\natha\OneDrive\Documents\Movie Collector\Images\JudasKiss199856689_f.jpg"
"Judge Dredd","1995","96 mins","5.6","Action; Crime; Science Fiction; Thriller","Vudu","No","","No","C:\Users\natha\OneDrive\Documents\Movie Collector\Images\JudgeDredd199527834_f.jpg"
"Judgment at Nuremberg","1961","179 mins","8.3","Drama; War","Vudu","No","2014","No","C:\Users\natha\OneDrive\Documents\Movie Collector\Images\JudgmentatNuremberg196116575_f.jpg"
"Julie & Julia","2009","123 mins","7.0","Biography; Drama; Romance","Blu-ray","No","","No","C:\Users\natha\OneDrive\Documents\Movie Collector\Images\JulieJulia20099195_f.jpg"
"Jumanji","1995","104 mins","7.1","Action; Adventure; Family; Fantasy","Vudu","No","2000","No","C:\Users\natha\OneDrive\Documents\Movie Collector\Images\Jumanji199538252_f.jpg"
"Jumanji: Welcome To The Jungle","2017","119 mins","6.9","Action; Adventure; Comedy; Family; Fantasy","Vudu","No","","No","C:\Users\natha\OneDrive\Documents\Movie Collector\Images\JumanjiWelcomeToTheJungle34580_f.jpg"
"Jumanji: The Next Level","2019","123 mins","6.6","Action; Adventure; Comedy; Fantasy","Vudu","No","","No","C:\Users\natha\OneDrive\Documents\Movie Collector\Images\JumanjiTheNextLevel201934589_f.jpg"
"Jump In!","2007","85 mins","5.4","Comedy; Drama","DVD","No","2007","No","C:\Users\natha\OneDrive\Documents\Movie Collector\Images\JumpIn200737994_f.jpg"
"Jumper","2008","88 mins","6.1","Action; Adventure; Science Fiction; Thriller","Vudu","No","2008","No","C:\Users\natha\OneDrive\Documents\Movie Collector\Images\Jumper200853390_f.jpg"
"Jumping Jacks","1952","96 mins","6.2","Comedy; Musical","Vudu","No","","No","C:\Users\natha\OneDrive\Documents\Movie Collector\Images\JumpingJacks195214203_f.jpg"
"Jungle 2 Jungle","1997","101 mins","5.2","Comedy; Family","Vudu","No","1997","No","C:\Users\natha\OneDrive\Documents\Movie Collector\Images\Jungle2Jungle199781377_f.jpg"
"The Jungle Book (Live Action)","2016","105 mins","7.3","Adventure; Drama; Family; Fantasy","Vudu","No","","No","C:\Users\natha\OneDrive\Documents\Movie Collector\Images\TheJungleBookLiveAction72332_f.jpg"
"The Jungle Book","1967","78 mins","7.6","Animation; Family","Vudu","No","2014","No","C:\Users\natha\OneDrive\Documents\Movie Collector\Images\TheJungleBookVUDU196778367_f.jpg"
"The Jungle Book 2","2003","72 mins","5.3","Adventure; Animation; Family; Musical","DVD","No","2003","No","C:\Users\natha\OneDrive\Documents\Movie Collector\Images\TheJungleBook2200375915_f.jpg"
"Jungle Cruise","2021","90 mins","6.5","Action; Adventure; Comedy; Fantasy","Vudu","No","","No","C:\Users\natha\OneDrive\Documents\Movie Collector\Images\JungleCruise2021767_f.jpg"
"Jurassic Park","1993","127 mins","8.2","Action; Adventure; Science Fiction; Thriller","Vudu","No","","No","C:\Users\natha\OneDrive\Documents\Movie Collector\Images\JurassicPark199378812_f.jpg"
"The Lost World: Jurassic Park","1997","129 mins","6.6","Action; Adventure; Science Fiction","Vudu","No","","No","C:\Users\natha\OneDrive\Documents\Movie Collector\Images\TheLostWorldJurassicPark78815_f.jpg"
"Jurassic Park Iii","2001","92 mins","6.0","Action; Adventure; Science Fiction; Thriller","Vudu","No","","No","C:\Users\natha\OneDrive\Documents\Movie Collector\Images\JurassicParkIii200178819_f.jpg"
"Jurassic World","2015","124 mins","6.9","Action; Adventure; Science Fiction; Thriller","Vudu","No","2015","No","C:\Users\natha\OneDrive\Documents\Movie Collector\Images\JurassicWorld201578404_f.jpg"
"Jurassic World Dominion","2022","147 mins","5.6","Adventure","Vudu","No","","No","C:\Users\natha\OneDrive\Documents\Movie Collector\Images\JurassicWorldDominion202269677_f.jpg"
"Jurassic World: Fallen Kingdom","2018","128 mins","6.1","Action; Adventure; Drama; Horror; Science Fiction; Thriller","Vudu","No","","No","C:\Users\natha\OneDrive\Documents\Movie Collector\Images\JurassicWorldFallenKingdom69773_f.jpg"
"Jurassic World: Rebirth","2025","133 mins","5.9","Action; Adventure; Science Fiction; Thriller","Vudu","No","","No","C:\Users\natha\OneDrive\Documents\Movie Collector\Images\JurassicWorldRebirth202566934_f.jpg"
"Jury Duty","1995","88 mins","4.3","Comedy","Vudu","No","","No","C:\Users\natha\OneDrive\Documents\Movie Collector\Images\JuryDuty199541458_f.jpg"
"Just Go with It","2011","117 mins","6.4","Comedy; Romance","Vudu","No","","No","C:\Users\natha\OneDrive\Documents\Movie Collector\Images\JustGowithIt201116512_f.jpg"
"Just Married","2003","95 mins","5.5","Comedy; Romance","Vudu","No","2003","No","C:\Users\natha\OneDrive\Documents\Movie Collector\Images\JustMarried200314063_f.jpg"
"Just Mercy","2019","136 mins","7.6","Biography; Crime; Drama","Vudu","No","","No","C:\Users\natha\OneDrive\Documents\Movie Collector\Images\JustMercy20195129_f.jpg"
"Just One of the Guys","1985","100 mins","6.5","Comedy; Romance","Vudu","No","","No","C:\Users\natha\OneDrive\Documents\Movie Collector\Images\JustOneoftheGuys19859743_f.jpg"
"Justice League","2017","120 mins","6.0","Action; Adventure; Fantasy; Science Fiction","Vudu","No","","No","C:\Users\natha\OneDrive\Documents\Movie Collector\Images\JusticeLeague201714247_f.jpg"
"Justice League: Starcrossed","1949","","0","Animation; Children; Family; Fantasy","DVD","No","2004","No","C:\Users\natha\OneDrive\Documents\Movie Collector\Images\JusticeLeagueStarcrossed138092_f.jpg"
"Justice League: The Brave And The Bold","2006","87 mins","8.5","Action; Adventure; Animation; Family","DVD","No","2004","No","C:\Users\natha\OneDrive\Documents\Movie Collector\Images\JusticeLeagueTheBraveAnd44730_f.jpg"
"Justice League: Warworld","2023","89 mins","5.3","Action; Adventure; Animation; Fantasy; Science Fiction","Vudu","No","","No","C:\Users\natha\OneDrive\Documents\Movie Collector\Images\JusticeLeagueWarworld202364154_f.jpg"
"The Karate Kid","1984","126 mins","7.3","Action; Adventure; Drama; Family","Vudu","No","","No","C:\Users\natha\OneDrive\Documents\Movie Collector\Images\TheKarateKid198472542_f.jpg"
"The Karate Kid","2010","140 mins","6.3","Action; Drama; Family; Sports","Vudu","No","","No","C:\Users\natha\OneDrive\Documents\Movie Collector\Images\TheKarateKid201056959_f.jpg"
"The Karate Kid Part III","1989","112 mins","5.4","Action; Drama; Family; Sports","Vudu","No","","No","C:\Users\natha\OneDrive\Documents\Movie Collector\Images\TheKarateKidPartIII198924962_f.jpg"
"The Karate Kid Part II","1986","113 mins","6.2","Action; Family; Sports","Vudu","No","","No","C:\Users\natha\OneDrive\Documents\Movie Collector\Images\TheKarateKidPartII198624944_f.jpg"
"Karate Kid: Legends","2025","94 mins","6.3","Action; Drama; Family; Sports","Vudu","No","","No","C:\Users\natha\OneDrive\Documents\Movie Collector\Images\KarateKidLegends202564255_f.jpg"
"Kelly's Heroes","1970","144 mins","7.6","Adventure; Comedy; War","Vudu","No","","No","C:\Users\natha\OneDrive\Documents\Movie Collector\Images\KellysHeroes197057010_f.png"
"The Kentuckian","1955","104 mins","6.2","Drama; Western","Vudu","No","","No","C:\Users\natha\OneDrive\Documents\Movie Collector\Images\TheKentuckian195516590_f.jpg"
"Key Largo","1948","100 mins","7.7","Action; Crime; Drama; Film Noir; Thriller","Vudu","No","","No","C:\Users\natha\OneDrive\Documents\Movie Collector\Images\KeyLargo194853600_f.jpg"
"Kick-Ass","2010","117 mins","7.6","Action; Comedy; Crime","Vudu","No","","No","C:\Users\natha\OneDrive\Documents\Movie Collector\Images\KickAss201063639_f.jpg"
"Kickboxer","1989","97 mins","6.4","Action; Sports; Thriller","Vudu","No","","No","C:\Users\natha\OneDrive\Documents\Movie Collector\Images\Kickboxer198924870_f.jpg"
"The Kid","2019","100 mins","5.9","Biography; Drama; Western","Vudu","No","","No","C:\Users\natha\OneDrive\Documents\Movie Collector\Images\TheKid201993237_f.jpg"
"The Kid","2010","111 mins","6.8","Drama","Vudu","No","","No","C:\Users\natha\OneDrive\Documents\Movie Collector\Images\TheKid201093225_f.jpg"
"Kidnapped","1960","97 mins","6.5","Action; Adventure; Drama; Family","DVD; Vudu","No","1998","No","C:\Users\natha\OneDrive\Documents\Movie Collector\Images\Kidnapped196014045_f.jpg"
"Kill Bill: Vol. 1","2003","111 mins","8.2","Action; Crime; Drama; Thriller","Vudu","No","2004","No","C:\Users\natha\OneDrive\Documents\Movie Collector\Images\KillBillVol1200334680_f.jpg"
"Kill Bill: Vol. 2","2004","137 mins","8.0","Action; Crime; Thriller","Vudu","No","","No","C:\Users\natha\OneDrive\Documents\Movie Collector\Images\KillBillVol2200454101_f.jpg"
"The Killing","1956","84 mins","7.9","Crime; Drama; Film Noir; Thriller","Vudu","No","","No","C:\Users\natha\OneDrive\Documents\Movie Collector\Images\TheKilling195616651_f.jpg"
"Kimi","2022","89 mins","6.3","Crime; Drama; Mystery; Thriller","Vudu","No","","No","C:\Users\natha\OneDrive\Documents\Movie Collector\Images\Kimi202287748UB5T_f.jpg"
"Kindergarten Cop","1990","111 mins","6.3","Action; Comedy; Crime","Vudu","No","","No","C:\Users\natha\OneDrive\Documents\Movie Collector\Images\KindergartenCop199072352_f.jpg"
"King Cobra","1999","93 mins","3.3","Action; Adventure; Horror; Science Fiction; Thriller","Vudu","No","","No","C:\Users\natha\OneDrive\Documents\Movie Collector\Images\KingCobra199987459_f.jpg"
"King Kong","2005","187 mins","7.2","Action; Adventure; Romance","Vudu","No","","No","C:\Users\natha\OneDrive\Documents\Movie Collector\Images\KingKong200516558_f.jpg"
"King Kong","1933","100 mins","7.9","Adventure; Horror","Vudu","No","","No","C:\Users\natha\OneDrive\Documents\Movie Collector\Images\KingKong193353719_f.jpg"
"The King of Kings","2025","103 mins","6.8","Animation; Family","Vudu","No","","No","C:\Users\natha\OneDrive\Documents\Movie Collector\Images\TheKingofKings202566481_f.jpg"
"The King Of Queens: Season 2","1999","550 mins","7.4","Comedy","DVD","Yes","2004","No","C:\Users\natha\OneDrive\Documents\Movie Collector\Images\TheKingOfQueensSeason244788_f.jpg"
"The King Of Queens: Season 6","2003","576 mins","7.4","Comedy; Family","DVD","Yes","2006","No","C:\Users\natha\OneDrive\Documents\Movie Collector\Images\TheKingOfQueensSeason644805_f.jpg"
"King Tweety","2022","81 mins","5.2","Adventure; Animation; Comedy; Family; Fantasy; Mystery","Vudu","No","","No","C:\Users\natha\OneDrive\Documents\Movie Collector\Images\KingTweety202267345SLVK_f.jpg"
"Kingdom of the Planet of the Apes","2024","145 mins","6.8","Action; Adventure; Drama; Science Fiction; Thriller","Vudu","No","","No","C:\Users\natha\OneDrive\Documents\Movie Collector\Images\KingdomofthePlanetoftheA41276_f.jpg"
"The King's Man","2021","131 mins","6.3","Action; Adventure; Thriller","Vudu","No","","No","C:\Users\natha\OneDrive\Documents\Movie Collector\Images\TheKingsMan202144528_f.jpg"
"The King's Speech","2010","118 mins","8.0","Biography; Drama; History","Vudu","No","2011","No","C:\Users\natha\OneDrive\Documents\Movie Collector\Images\TheKingsSpeech201066537_f.jpg"
"Kingsman: The Golden Circle","2017","141 mins","6.7","Action; Adventure; Comedy; Crime; Thriller","Vudu","No","","No","C:\Users\natha\OneDrive\Documents\Movie Collector\Images\KingsmanTheGoldenCircle214217_f.jpg"
"Kingsman: The Secret Service","2014","129 mins","7.7","Action; Adventure; Comedy; Thriller","Vudu","No","","No","C:\Users\natha\OneDrive\Documents\Movie Collector\Images\KingsmanTheSecretService14236_f.jpg"
"Kite","2014","90 mins","4.4","Action; Crime; Thriller","Vudu","No","","No","C:\Users\natha\OneDrive\Documents\Movie Collector\Images\Kite201490966XAPY_f.jpg"
"The Kite Runner","2007","128 mins","7.6","Drama","Vudu","No","","No","C:\Users\natha\OneDrive\Documents\Movie Collector\Images\TheKiteRunner200716711_f.jpg"
"Knight Rider","2000","80 mins","0","Action; Crime; Science Fiction; Thriller","Vudu","No","","No","C:\Users\natha\OneDrive\Documents\Movie Collector\Images\KnightRider200014152_f.jpg"
"Knight Rider: Season 1","1982","990 mins","6.9","Action; Crime; Drama; Science Fiction","Vudu","Yes","","No","C:\Users\natha\OneDrive\Documents\Movie Collector\Images\KnightRiderSeason1198247436_f.jpg"
"Knight Rider: Season 2","1983","1440 mins","6.9","Action; Crime; Drama; Science Fiction","Vudu","Yes","","No","C:\Users\natha\OneDrive\Documents\Movie Collector\Images\KnightRiderSeason2198347451_f.jpg"
"Knight Rider: Season 3","1984","1320 mins","6.9","Action; Crime; Drama; Science Fiction","Vudu","Yes","","No","C:\Users\natha\OneDrive\Documents\Movie Collector\Images\KnightRiderSeason3198447462_f.jpg"
"Knight Rider: Season 4","1985","1029 mins","6.9","Action; Crime; Drama; Science Fiction","Vudu","Yes","","No","C:\Users\natha\OneDrive\Documents\Movie Collector\Images\KnightRiderSeason4198547470_f.jpg"
"A Knight's Tale","2001","132 mins","7.0","Action; Adventure; Romance","Vudu","No","","No","C:\Users\natha\OneDrive\Documents\Movie Collector\Images\AKnightsTale200116497_f.jpg"
"Knives Out","2019","130 mins","7.9","Comedy; Crime; Drama; Mystery; Thriller","Vudu","No","","No","C:\Users\natha\OneDrive\Documents\Movie Collector\Images\KnivesOut201972327_f.jpg"
"Knocked Up","2007","129 mins","6.9","Comedy; Romance","Vudu","No","","No","C:\Users\natha\OneDrive\Documents\Movie Collector\Images\KnockedUp200760644_f.jpg"
"Knowing","2009","121 mins","6.2","Action; Drama; Science Fiction; Thriller","Vudu","No","","No","C:\Users\natha\OneDrive\Documents\Movie Collector\Images\Knowing20095226_f.jpg"
"Kong: Skull Island","2017","118 mins","6.7","Action; Adventure; Fantasy; Science Fiction","Vudu","No","","No","C:\Users\natha\OneDrive\Documents\Movie Collector\Images\KongSkullIsland201716731_f.jpg"
"Kronk's New Groove","2005","75 mins","5.8","Animation; Comedy; Family","Vudu","No","2005","No","C:\Users\natha\OneDrive\Documents\Movie Collector\Images\KronksNewGroove200576008_f.jpg"
"Krull","1983","116 mins","6.1","Action; Adventure; Fantasy; Science Fiction","Vudu","No","","No","C:\Users\natha\OneDrive\Documents\Movie Collector\Images\Krull198316525_f.jpg"
"Kubo And The Two Strings","2016","101 mins","7.7","Action; Adventure; Animation; Family; Fantasy","Vudu","No","","No","C:\Users\natha\OneDrive\Documents\Movie Collector\Images\KuboAndTheTwoStrings201675775_f.jpg"
"Kung Fu Panda","2008","92 mins","7.6","Action; Adventure; Animation; Comedy","Vudu","No","","No","C:\Users\natha\OneDrive\Documents\Movie Collector\Images\KungFuPanda200875543_f.jpg"
"Kung Fu Panda 2","2011","90 mins","7.3","Action; Adventure; Animation; Comedy; Family; Fantasy","Vudu","No","","No","C:\Users\natha\OneDrive\Documents\Movie Collector\Images\KungFuPanda2201173083_f.jpg"
"Kung Fu Panda 3","2016","95 mins","7.1","Action; Adventure; Animation; Comedy; Family","Vudu","No","","No","C:\Users\natha\OneDrive\Documents\Movie Collector\Images\KungFuPanda3201675689_f.jpg"
"Kung Fu Panda 4","2024","94 mins","6.3","Action; Adventure; Animation; Comedy; Family; Fantasy","Vudu","No","","No","C:\Users\natha\OneDrive\Documents\Movie Collector\Images\KungFuPanda4202475789_f.jpg"
"The Ladies Man","1961","95 mins","6.3","Comedy","Vudu","No","","No","C:\Users\natha\OneDrive\Documents\Movie Collector\Images\TheLadiesMan196114138_f.jpg"
"Lady And The Tramp","1955","76 mins","7.3","Animation; Comedy; Family; Romance","Vudu","No","2012","No","C:\Users\natha\OneDrive\Documents\Movie Collector\Images\LadyAndTheTramp195576016_f.jpg"
"Lady And The Tramp 2: Scamp's Adventure","2001","69 mins","5.7","Animation; Drama; Family; Musical","Vudu","No","2003","No","C:\Users\natha\OneDrive\Documents\Movie Collector\Images\LadyAndTheTramp2Scamps38014_f.jpg"
"The Lady from Shanghai","1947","87 mins","7.5","Crime; Drama; Film Noir; Mystery; Thriller","Vudu","No","","No","C:\Users\natha\OneDrive\Documents\Movie Collector\Images\TheLadyfromShanghai194710197_f.png"
"The Lake House","2006","99 mins","6.8","Drama; Fantasy; Romance","Vudu","No","2006","No","C:\Users\natha\OneDrive\Documents\Movie Collector\Images\TheLakeHouse200616463_f.jpg"
"Lake Placid vs. Anaconda","2015","92 mins","3.2","Action; Adventure; Comedy; Horror; Science Fiction; Thriller","","No","","No","C:\Users\natha\OneDrive\Documents\Movie Collector\Images\LakePlacidvsAnaconda201594664_f.jpg"
"Lakeview Terrace","2008","110 mins","6.2","Crime; Drama; Thriller","DVD; Vudu","No","2009","No","C:\Users\natha\OneDrive\Documents\Movie Collector\Images\LakeviewTerrace200814080_f.jpg"
"Land of the Lost","2009","102 mins","5.3","Action; Adventure; Comedy; Science Fiction","Vudu","No","","No","C:\Users\natha\OneDrive\Documents\Movie Collector\Images\LandoftheLost200914121_f.jpg"
"Land Of The Lost: Season 1","1974","391 mins","7.1","Adventure; Family; Fantasy; Science Fiction","Vudu","Yes","","No","C:\Users\natha\OneDrive\Documents\Movie Collector\Images\LandOfTheLostSeason11950458_f.jpg"
"Land Of The Lost: Season 2","1975","390 mins","7.1","Adventure; Family; Fantasy; Science Fiction","Vudu","Yes","","No","C:\Users\natha\OneDrive\Documents\Movie Collector\Images\LandOfTheLostSeason21950480_f.jpg"
"Land Of The Lost: Season 3","1976","390 mins","7.1","Adventure; Family; Fantasy; Science Fiction","Vudu","Yes","","No","C:\Users\natha\OneDrive\Documents\Movie Collector\Images\LandOfTheLostSeason31950490_f.jpg"
"Lara Croft Tomb Raider: The Cradle of Life","2003","117 mins","5.5","Action; Adventure; Fantasy","Vudu","No","","No","C:\Users\natha\OneDrive\Documents\Movie Collector\Images\LaraCroftTombRaiderTheCr27694_f.jpg"
"Lara Croft: Tomb Raider","2001","100 mins","5.8","Action; Adventure; Fantasy; Thriller","Vudu","No","","No","C:\Users\natha\OneDrive\Documents\Movie Collector\Images\LaraCroftTombRaider200125007_f.jpg"
"Lassie: 50th Television Anniversary Edition","1954","528 mins","6.6","Adventure; Drama; Family","DVD","Yes","2004","No","C:\Users\natha\OneDrive\Documents\Movie Collector\Images\Lassie50thTelevisionAnnive44639_f.jpg"
"Last Action Hero","1993","131 mins","6.5","Action; Adventure; Comedy; Fantasy","Vudu","No","","No","C:\Users\natha\OneDrive\Documents\Movie Collector\Images\LastActionHero199325051_f.jpg"
"The Last Detail","1973","104 mins","7.5","Comedy; Drama","Vudu","No","","No","C:\Users\natha\OneDrive\Documents\Movie Collector\Images\TheLastDetail197316542_f.jpg"
"The Last Dragon","1985","109 mins","6.8","Action; Comedy; Drama; Music; Sports","Vudu","No","","No","C:\Users\natha\OneDrive\Documents\Movie Collector\Images\TheLastDragon198543893_f.jpg"
"Last Knights","2015","115 mins","6.2","Action; Drama; History; War","Vudu","No","","No","C:\Users\natha\OneDrive\Documents\Movie Collector\Images\LastKnights201557303_f.jpg"
"Last Man Standing: Season 1","2011","542 mins","7.5","Comedy","Vudu","Yes","","No","C:\Users\natha\OneDrive\Documents\Movie Collector\Images\LastManStandingSeason1260378_f.jpg"
"Last Man Standing: Season 2","2012","394 mins","7.5","Comedy","Vudu","Yes","","No","C:\Users\natha\OneDrive\Documents\Movie Collector\Images\LastManStandingSeason2260389_f.jpg"
"Last Man Standing: Season 3","2013","625 mins","7.5","Comedy","Vudu","Yes","","No","C:\Users\natha\OneDrive\Documents\Movie Collector\Images\LastManStandingSeason3260398_f.jpg"
"Last Man Standing: Season 4","2014","483 mins","7.5","Comedy","Vudu","Yes","","No","C:\Users\natha\OneDrive\Documents\Movie Collector\Images\LastManStandingSeason4260402_f.jpg"
"Last Man Standing: Season 5","2015","465 mins","7.5","Comedy","Vudu","Yes","","No","C:\Users\natha\OneDrive\Documents\Movie Collector\Images\LastManStandingSeason5260405_f.jpg"
"Last Man Standing: Season 6","2016","462 mins","7.5","Comedy","Vudu","Yes","","No","C:\Users\natha\OneDrive\Documents\Movie Collector\Images\LastManStandingSeason6260407_f.jpg"
"Last Man Standing: Season 7","2019","483 mins","7.5","Comedy","Vudu","Yes","","No","C:\Users\natha\OneDrive\Documents\Movie Collector\Images\LastManStandingSeason7260413_f.jpg"
"Last Man Standing: Season 8","2020","462 mins","7.5","Comedy","Vudu","Yes","","No","C:\Users\natha\OneDrive\Documents\Movie Collector\Images\LastManStandingSeason8260332_f.jpg"
"Last Man Standing: Season 9","2021","176 mins","7.5","Comedy","Vudu","Yes","","No","C:\Users\natha\OneDrive\Documents\Movie Collector\Images\LastManStandingSeason9260415_f.jpg"
"The Last of Us: Season 1","2023","521 mins","8.5","Action; Adventure; Drama; Horror; Science Fiction; Thriller","Vudu","Yes","","No","C:\Users\natha\OneDrive\Documents\Movie Collector\Images\TheLastofUsSeason1202350434_f.jpg"
"Last Scene Alive: An Aurora Teagarden Mystery","2018","85 mins","6.8","","","No","","No","C:\Users\natha\OneDrive\Documents\Movie Collector\Images\LastSceneAliveAnAuroraTe94774_f.jpg"
"The Last Stand","2013","107 mins","6.3","Action; Thriller; Western","Vudu","No","","No","C:\Users\natha\OneDrive\Documents\Movie Collector\Images\TheLastStand20138875_f.jpg"
"The Last Waltz","1978","117 mins","8.1","Biography; Documentary; Music","Vudu","No","","No","C:\Users\natha\OneDrive\Documents\Movie Collector\Images\TheLastWaltz197813392_f.jpg"
"Law Abiding Citizen","2009","109 mins","7.4","Action; Crime; Drama; Thriller","Vudu","No","2010","No","C:\Users\natha\OneDrive\Documents\Movie Collector\Images\LawAbidingCitizen200916483_f.jpg"
"Lawless","2012","116 mins","7.2","Biography; Crime; Drama; Thriller","Vudu","No","","No","C:\Users\natha\OneDrive\Documents\Movie Collector\Images\Lawless201293265_f.jpg"
"The League of Extraordinary Gentlemen","2003","110 mins","5.8","Action; Adventure; Fantasy; Science Fiction","Vudu","No","2003","No","C:\Users\natha\OneDrive\Documents\Movie Collector\Images\TheLeagueofExtraordinaryGe53401_f.jpg"
"Lean On Me","1989","104 mins","7.4","Drama; Family","Vudu","No","","No","C:\Users\natha\OneDrive\Documents\Movie Collector\Images\LeanOnMe198925199_f.jpg"
"Leap Year","2010","100 mins","6.4","Comedy; Romance","Vudu","No","","No","C:\Users\natha\OneDrive\Documents\Movie Collector\Images\LeapYear201060649_f.jpg"
"Left Behind","2014","110 mins","3.1","Action; Fantasy; Science Fiction; Thriller","Vudu","No","","No","C:\Users\natha\OneDrive\Documents\Movie Collector\Images\LeftBehind201463844_f.jpg"
"Left Behind","2000","96 mins","4.4","Adventure; Drama; Thriller","Vudu","No","2001","No","C:\Users\natha\OneDrive\Documents\Movie Collector\Images\LeftBehind200025079_f.jpg"
"Left Behind 2: Tribulation Force","2002","94 mins","4.8","Action; Drama; Family; Fantasy","Vudu","No","2002","No","C:\Users\natha\OneDrive\Documents\Movie Collector\Images\LeftBehind2TribulationFor25100_f.jpg"
"Left Behind: World At War","2005","95 mins","4.4","Drama; Family; Thriller","Vudu","No","2005","No","C:\Users\natha\OneDrive\Documents\Movie Collector\Images\LeftBehindWorldAtWar20066580_f.jpg"
"Legally Blonde","2001","96 mins","6.5","Comedy; Romance","Vudu","No","","No","C:\Users\natha\OneDrive\Documents\Movie Collector\Images\LegallyBlonde200125036_f.jpg"
"Legally Blonde 2: Red, White & Blonde","2003","95 mins","4.8","Comedy","Vudu","No","2003","No","C:\Users\natha\OneDrive\Documents\Movie Collector\Images\LegallyBlonde2RedWhite27777_f.jpg"
"Legend of Frosty the Snowman","2005","75 mins","4.3","Animation; Comedy; Family; Fantasy","Vudu","No","","No","C:\Users\natha\OneDrive\Documents\Movie Collector\Images\LegendofFrostytheSnowman73129_f.jpg"
"The Legend of Zorro","2005","129 mins","6.0","Action; Adventure; Romance; Thriller; Western","Vudu","No","","No","C:\Users\natha\OneDrive\Documents\Movie Collector\Images\TheLegendofZorro200514251_f.jpg"
"Legends of the Fall","1994","128 mins","7.5","Drama; Romance; War; Western","Vudu","No","","No","C:\Users\natha\OneDrive\Documents\Movie Collector\Images\LegendsoftheFall19948987_f.jpg"
"The Lego Batman Movie","2017","104 mins","7.3","Action; Adventure; Animation; Comedy; Family; Fantasy","Vudu","No","","No","C:\Users\natha\OneDrive\Documents\Movie Collector\Images\TheLegoBatmanMovie201775693_f.jpg"
"Lego Batman: The Movie - DC Superheroes Unite","2013","71 mins","6.4","Action; Adventure; Animation; Children; Family","Vudu","No","2013","No","C:\Users\natha\OneDrive\Documents\Movie Collector\Images\LegoBatmanTheMovieDCSu66632_f.jpg"
"Lego DC Comics Super Heroes: Justice League Vs. Bizarro League","2015","49 mins","5.8","Action; Adventure; Animation; Comedy; Family","Vudu","No","","No","C:\Users\natha\OneDrive\Documents\Movie Collector\Images\LegoDCComicsSuperHeroesJ37693_f.jpg"
"The Lego Movie","2014","100 mins","7.7","Adventure; Animation; Comedy; Family; Fantasy","Vudu","No","2014","No","C:\Users\natha\OneDrive\Documents\Movie Collector\Images\TheLegoMovieVUDU201478770_f.jpg"
"The Lego Movie 2: The Second Part","2019","107 mins","6.5","Action; Adventure; Animation; Comedy; Family; Fantasy; Musical; Science Fiction","Vudu","No","","No","C:\Users\natha\OneDrive\Documents\Movie Collector\Images\TheLegoMovie2TheSecondP75787_f.jpg"
"The Lego Ninjago Movie","2017","101 mins","6.1","Action; Adventure; Animation; Comedy; Family","Vudu","No","","No","C:\Users\natha\OneDrive\Documents\Movie Collector\Images\TheLegoNinjagoMovie201775700_f.jpg"
"Lego Scooby-Doo!: Haunted Hollywood","2016","75 mins","5.8","Adventure; Animation; Comedy; Family","Vudu","No","","No","C:\Users\natha\OneDrive\Documents\Movie Collector\Images\LegoScoobyDooHauntedHoll35382_f.jpg"
"Lego Star Wars: The Padawan Menace","2011","22 mins","7.0","Animation; Children; Family","Blu-ray","No","2011","No","C:\Users\natha\OneDrive\Documents\Movie Collector\Images\LegoStarWarsThePadawanMe41322_f.jpg"
"Lego: Adventures Of Clutch Powers","2000","78 mins","5.9","Action; Adventure; Animation; Family","Vudu","No","2010","No","C:\Users\natha\OneDrive\Documents\Movie Collector\Images\LegoAdventuresOfClutchPow40862_f.jpg"
"Lego: Hero Planet: Savage Planet","2011","88 mins","0","Adventure; Animation; Children","DVD","No","2011","No","C:\Users\natha\OneDrive\Documents\Movie Collector\Images\LegoHeroPlanetSavagePlan38029_f.jpg"
"Lemony Snicket's A Series of Unfortunate Events","2004","108 mins","6.8","Adventure; Comedy; Family; Fantasy","Vudu","No","","No","C:\Users\natha\OneDrive\Documents\Movie Collector\Images\LemonySnicketsASeriesofU14099_f.jpg"
"Lenny","1974","111 mins","7.5","Biography; Drama","Vudu","No","","No","C:\Users\natha\OneDrive\Documents\Movie Collector\Images\Lenny197416664_f.jpg"
"Leroy & Stitch","2006","73 mins","6.1","Adventure; Animation; Children","Vudu","No","2006","No","C:\Users\natha\OneDrive\Documents\Movie Collector\Images\LeroyStitch200641115_f.jpg"
"Lethal Weapon","1987","109 mins","7.6","Action; Crime; Thriller","Vudu","No","","No","C:\Users\natha\OneDrive\Documents\Movie Collector\Images\LethalWeapon198728143_f.jpg"
"Lethal Weapon 2","1989","114 mins","7.3","Action; Crime; Thriller","Vudu","No","","No","C:\Users\natha\OneDrive\Documents\Movie Collector\Images\LethalWeapon2198928159_f.jpg"
"Lethal Weapon 3","1992","118 mins","6.7","Action; Crime; Thriller","Vudu","No","","No","C:\Users\natha\OneDrive\Documents\Movie Collector\Images\LethalWeapon3199228167_f.jpg"
"Lethal Weapon 4","1998","127 mins","6.6","Action; Crime; Thriller","Vudu","No","","No","C:\Users\natha\OneDrive\Documents\Movie Collector\Images\LethalWeapon4199828173_f.jpg"
"Letters from Iwo Jima","2006","141 mins","7.8","Action; Adventure; Drama; History; War","Vudu","No","","No","C:\Users\natha\OneDrive\Documents\Movie Collector\Images\LettersfromIwoJima200616436_f.jpg"
"Liar Liar","1997","86 mins","6.9","Comedy; Fantasy","Vudu","No","","No","C:\Users\natha\OneDrive\Documents\Movie Collector\Images\LiarLiar199728710_f.jpg"
"Like Father Like Son","1987","100 mins","5.2","Comedy; Fantasy","Vudu","No","","No","C:\Users\natha\OneDrive\Documents\Movie Collector\Images\LikeFatherLikeSon198743759_f.jpg"
"Lilo & Stitch","2025","108 mins","6.7","Action; Adventure; Comedy; Drama; Family; Fantasy; Science Fiction","Vudu","No","","No","C:\Users\natha\OneDrive\Documents\Movie Collector\Images\LiloStitch202567060_f.jpg"
"Lilo & Stitch","2002","85 mins","7.4","Adventure; Animation; Comedy; Drama; Family; Fantasy; Science Fiction","Vudu","No","","No","C:\Users\natha\OneDrive\Documents\Movie Collector\Images\LiloStitch200272937_f.jpg"
"The Lion King","1994","88 mins","8.5","Adventure; Animation; Drama; Family; Fantasy; Musical","Vudu","No","","No","C:\Users\natha\OneDrive\Documents\Movie Collector\Images\TheLionKing199441167_f.jpg"
"The Lion King 1½","2004","77 mins","6.5","Adventure; Animation; Comedy; Family; Musical","Vudu","No","","No","C:\Users\natha\OneDrive\Documents\Movie Collector\Images\TheLionKing1200441186_f.jpg"
"The Lion King II: Simba's Pride","1998","81 mins","6.4","Adventure; Animation; Drama; Family; Musical; Romance","Vudu","No","","No","C:\Users\natha\OneDrive\Documents\Movie Collector\Images\TheLionKingIISimbasPrid41178_f.jpg"
"Lions for Lambs","2007","92 mins","6.2","Crime; Drama; Mystery; Thriller; War","Vudu","No","","No","C:\Users\natha\OneDrive\Documents\Movie Collector\Images\LionsforLambs200716684_f.jpg"
"The Little Colonel","1935","81 mins","7.0","Comedy; Family; Musical; Romance","Vudu","No","","No","C:\Users\natha\OneDrive\Documents\Movie Collector\Images\TheLittleColonel193513576_f.jpg"
"Little Fockers","2011","98 mins","5.5","Comedy","Vudu","No","2011","No","C:\Users\natha\OneDrive\Documents\Movie Collector\Images\LittleFockers201178774_f.jpg"
"The Little Foxes","1941","116 mins","7.9","Drama; Romance","","No","","No","C:\Users\natha\OneDrive\Documents\Movie Collector\Images\TheLittleFoxes194193951_f.jpg"
"Little Heroes","1999","92 mins","4.9","Family","DVD","No","","No","C:\Users\natha\OneDrive\Documents\Movie Collector\Images\LittleHeroes19994760_f.jpg"
"Little House On The Prairie: Season 1","1974","1080 mins","7.5","Drama; Family; Romance; Western","Vudu","Yes","","No","C:\Users\natha\OneDrive\Documents\Movie Collector\Images\LittleHouseOnThePrairieS81166_f.jpg"
"Little House On The Prairie: Season 2","1975","999 mins","7.5","Drama; Family; Romance; Western","Vudu","Yes","","No","C:\Users\natha\OneDrive\Documents\Movie Collector\Images\LittleHouseOnThePrairieS78987_f.jpg"
"Little House On The Prairie: Season 3","1976","1080 mins","7.5","Drama; Family; Romance; Western","Vudu","Yes","","No","C:\Users\natha\OneDrive\Documents\Movie Collector\Images\LittleHouseOnThePrairieS81172_f.jpg"
"Little House On The Prairie: Season 4","1977","1080 mins","7.5","Drama; Family; Romance; Western","Vudu","Yes","","No","C:\Users\natha\OneDrive\Documents\Movie Collector\Images\LittleHouseOnThePrairieS81173_f.jpg"
"Little House On The Prairie: Season 5","1978","1260 mins","7.5","Drama; Family; Romance; Western","Vudu","Yes","","No","C:\Users\natha\OneDrive\Documents\Movie Collector\Images\LittleHouseOnThePrairieS81177_f.jpg"
"Little House On The Prairie: Season 6","1979","1200 mins","7.5","Drama; Family; Romance; Western","Vudu","Yes","","No","C:\Users\natha\OneDrive\Documents\Movie Collector\Images\LittleHouseOnThePrairieS81180_f.jpg"
"Little House On The Prairie: Season 7","1980","1020 mins","7.5","Drama; Family; Romance; Western","Vudu","Yes","","No","C:\Users\natha\OneDrive\Documents\Movie Collector\Images\LittleHouseOnThePrairieS81182_f.jpg"
"Little House On The Prairie: Season 8","1981","1080 mins","7.5","Drama; Family; Romance; Western","Vudu","Yes","","No","C:\Users\natha\OneDrive\Documents\Movie Collector\Images\LittleHouseOnThePrairieS81184_f.jpg"
"Little House On The Prairie: Season 9","1974","1020 mins","7.5","Drama; Family; Romance; Western","Vudu","Yes","","No","C:\Users\natha\OneDrive\Documents\Movie Collector\Images\LittleHouseOnThePrairieS81189_f.jpg"
"Little House on the Prairie: Specials","1974","180 mins","7.5","Drama; Family; Romance; Western","DVD","Yes","","No","C:\Users\natha\OneDrive\Documents\Movie Collector\Images\LittleHouseonthePrairieS81316_f.jpg"
"The Little Mermaid","2023","135 mins","7.2","Adventure; Family; Fantasy; Musical; Romance","Vudu","No","","No","C:\Users\natha\OneDrive\Documents\Movie Collector\Images\TheLittleMermaid202372342_f.jpg"
"The Little Mermaid","1989","83 mins","7.6","Animation; Comedy; Family; Romance","Vudu","No","1999","No","C:\Users\natha\OneDrive\Documents\Movie Collector\Images\TheLittleMermaidVUDU19881364_f.jpg"
"The Little Mermaid II: Return To The Sea","2000","75 mins","5.5","Adventure; Animation; Family; Fantasy; Musical","Vudu","No","2000","No","C:\Users\natha\OneDrive\Documents\Movie Collector\Images\TheLittleMermaidIIReturn38062_f.jpg"
"Little Miss Marker","1934","80 mins","6.9","Adventure; Comedy; Drama; Music","DVD","No","","No","C:\Users\natha\OneDrive\Documents\Movie Collector\Images\LittleMissMarker193414026_f.jpg"
"Little Nicky","2000","90 mins","5.3","Comedy; Fantasy","Vudu","No","","No","C:\Users\natha\OneDrive\Documents\Movie Collector\Images\LittleNicky200060171_f.jpg"
"Little Nikita","1988","98 mins","5.9","Drama; Thriller","Vudu","No","","No","C:\Users\natha\OneDrive\Documents\Movie Collector\Images\LittleNikita198837855_f.jpg"
"Little Shop of Horrors","1986","94 mins","7.1","Comedy; Horror; Musical; Romance; Science Fiction","Vudu","No","","No","C:\Users\natha\OneDrive\Documents\Movie Collector\Images\LittleShopofHorrors198637412_f.jpg"
"The Little Whirlwind","1941","8 mins","6.6","Animation; Comedy; Family; Romance","Vudu","No","","No","C:\Users\natha\OneDrive\Documents\Movie Collector\Images\TheLittleWhirlwind194116458_f.jpg"
"Littlest Light On The Christmas Tree","2004","45 mins","0","Family","DVD","No","","No","C:\Users\natha\OneDrive\Documents\Movie Collector\Images\LittlestLightOnTheChristma34849_f.jpg"
"The Littlest Rebel","1935","73 mins","6.7","Comedy; Drama; Family; Musical; War","Vudu","No","","No","C:\Users\natha\OneDrive\Documents\Movie Collector\Images\TheLittlestRebel193516699_f.jpg"
"Live Die Repeat and Repeat","2000","","0","Action; Adventure; Science Fiction","Vudu","No","","No","C:\Users\natha\OneDrive\Documents\Movie Collector\Images\LiveDieRepeatandRepeat2014114_f.jpg"
"Living It Up","1954","95 mins","6.5","Comedy; Musical","Vudu","No","","No","C:\Users\natha\OneDrive\Documents\Movie Collector\Images\LivingItUp19545837_f.jpg"
"Lock Up","1989","109 mins","6.4","Action; Adventure; Crime; Thriller","Vudu","No","","No","C:\Users\natha\OneDrive\Documents\Movie Collector\Images\LockUp198928490_f.jpg"
"Logan","2017","137 mins","8.1","Action; Drama; Science Fiction; Thriller","Vudu","No","","No","C:\Users\natha\OneDrive\Documents\Movie Collector\Images\Logan201790312_f.jpg"
"London Has Fallen","2016","99 mins","5.9","Action; Thriller","Vudu","No","","No","C:\Users\natha\OneDrive\Documents\Movie Collector\Images\LondonHasFallen201628409_f.jpg"
"Lone Survivor","2013","121 mins","7.5","Action; Biography; Drama; Thriller; War","Vudu","No","2014","No","C:\Users\natha\OneDrive\Documents\Movie Collector\Images\LoneSurvivorVUDU201340667_f.jpg"
"The Long Goodbye","1973","112 mins","7.5","Comedy; Crime; Drama; Mystery; Thriller","Vudu","No","","No","C:\Users\natha\OneDrive\Documents\Movie Collector\Images\TheLongGoodbye197324167_f.jpg"
"Long Lost Family (US): Season 1","2015","","8.1","Documentary; Drama","Vudu","Yes","","No","C:\Users\natha\OneDrive\Documents\Movie Collector\Images\LongLostFamilyUSSeason880627IG4_f.jpg"
"Long Lost Family (US): Season 2","2016","","8.1","Documentary; Drama","Vudu","Yes","","No","C:\Users\natha\OneDrive\Documents\Movie Collector\Images\LongLostFamilyUSSeason88071_f.jpg"
"Long Lost Family (US): Season 3","2016","","8.1","Documentary; Drama","Vudu","Yes","","No","C:\Users\natha\OneDrive\Documents\Movie Collector\Images\LongLostFamilyUSSeason88077QXWK_f.jpg"
"Long Lost Family (US): Season 4","2016","","8.1","Documentary; Drama","Vudu","Yes","","No","C:\Users\natha\OneDrive\Documents\Movie Collector\Images\LongLostFamilyUSSeason88078AGRS_f.jpg"
"Long Lost Family (US): Season 5","2016","","8.1","Documentary; Drama","Vudu","Yes","","No","C:\Users\natha\OneDrive\Documents\Movie Collector\Images\LongLostFamilyUSSeason88079TMEN_f.jpg"
"Long Lost Family (US): Season 6","2015","","8.1","Documentary; Drama","Vudu","Yes","","No","C:\Users\natha\OneDrive\Documents\Movie Collector\Images\LongLostFamilyUSSeason88081AIQN_f.jpg"
"The Long Riders","1980","100 mins","6.9","Biography; Crime; Western","Vudu","No","","No","C:\Users\natha\OneDrive\Documents\Movie Collector\Images\TheLongRiders198024182_f.jpg"
"The Long Walk","2025","108 mins","6.8","Horror; Science Fiction; Thriller","Vudu","No","","No","C:\Users\natha\OneDrive\Documents\Movie Collector\Images\TheLongWalk202592022_f.jpg"
"The Longest Yard","1974","121 mins","7.1","Comedy; Crime; Drama; Sports","Vudu","No","","No","C:\Users\natha\OneDrive\Documents\Movie Collector\Images\TheLongestYard197463591_f.jpg"
"The Longshots","2008","94 mins","5.6","Biography; Comedy; Drama; Family; Sports","DVD","No","2008","No","C:\Users\natha\OneDrive\Documents\Movie Collector\Images\TheLongshots200821373_f.jpg"
"Look Who's Talking","1989","93 mins","6.0","Comedy","Vudu","No","","No","C:\Users\natha\OneDrive\Documents\Movie Collector\Images\LookWhosTalking198972681_f.jpg"
"Looking Glass","2018","103 mins","4.7","Mystery; Thriller","Vudu","No","","No","C:\Users\natha\OneDrive\Documents\Movie Collector\Images\LookingGlass201863903_f.jpg"
"Looney Tunes: Back in Action","2003","91 mins","5.8","Adventure; Animation; Comedy; Family","Vudu","No","","No","C:\Users\natha\OneDrive\Documents\Movie Collector\Images\LooneyTunesBackinAction6944539KA_f.jpg"
"Looney Tunes: Rabbits Run","2015","74 mins","5.7","Adventure; Animation; Comedy; Family; Musical","Vudu","No","","No","C:\Users\natha\OneDrive\Documents\Movie Collector\Images\LooneyTunesRabbitsRun20167334OZR2_f.jpg"
"The Looney, Looney, Looney Bugs Bunny Movie","1981","79 mins","7.1","Animation; Comedy; Crime; Family; Music; Western","Vudu","No","","No","C:\Users\natha\OneDrive\Documents\Movie Collector\Images\TheLooneyLooneyLooneyBug69453A3B7_f.jpg"
"Looper","2012","119 mins","7.4","Action; Drama; Science Fiction; Thriller","Vudu","No","2012","No","C:\Users\natha\OneDrive\Documents\Movie Collector\Images\Looper201234760_f.jpg"
"The Lorax","2012","86 mins","6.4","Animation; Children; Family","Blu-ray","No","2012","No","C:\Users\natha\OneDrive\Documents\Movie Collector\Images\TheLoraxVUDU201275926_f.jpg"
"The Lord of the Rings: The Fellowship of the Ring","2001","178 mins","8.9","Action; Adventure; Drama; Fantasy","Vudu","No","","No","C:\Users\natha\OneDrive\Documents\Movie Collector\Images\TheLordoftheRingsTheFel41146_f.jpg"
"The Lord of the Rings: The Two Towers","2002","179 mins","8.8","Action; Adventure; Drama; Fantasy","Vudu","No","","No","C:\Users\natha\OneDrive\Documents\Movie Collector\Images\TheLordoftheRingsTheTwo37553_f.jpg"
"The Lord of the Rings: The Return of the King","2003","201 mins","9.0","Action; Adventure; Drama; Fantasy","Vudu","No","","No","C:\Users\natha\OneDrive\Documents\Movie Collector\Images\TheLordoftheRingsTheRet41148_f.jpg"
"Lord Of War","2005","122 mins","7.6","Crime; Drama","Vudu","No","","No","C:\Users\natha\OneDrive\Documents\Movie Collector\Images\LordOfWar200563649_f.jpg"
"Losin' It","1982","100 mins","5.0","Comedy; Drama","DVD","No","","No","C:\Users\natha\OneDrive\Documents\Movie Collector\Images\LosinIt198221355_f.jpg"
"The Lost City","2022","92 mins","6.1","Action; Adventure; Comedy; Romance","Vudu","No","","No","C:\Users\natha\OneDrive\Documents\Movie Collector\Images\TheLostCity2022854_f.jpg"
"Lost Horizon","1937","132 mins","7.6","Adventure; Drama; Fantasy; Mystery","Vudu","No","","No","C:\Users\natha\OneDrive\Documents\Movie Collector\Images\LostHorizon193724095_f.jpg"
"Lost in Space","1998","130 mins","5.2","Action; Adventure; Family; Science Fiction; Thriller","Vudu","No","","No","C:\Users\natha\OneDrive\Documents\Movie Collector\Images\LostinSpace19984967_f.jpg"
"Lost In Space: Season 1","1965","1421 mins","7.3","Adventure; Comedy; Family; Fantasy; Science Fiction","Vudu","Yes","","No","C:\Users\natha\OneDrive\Documents\Movie Collector\Images\LostInSpaceSeason1196547620_f.jpg"
"Lost In Space: Season 2","1966","1800 mins","7.3","Adventure; Comedy; Family; Fantasy; Science Fiction","Vudu","Yes","","No","C:\Users\natha\OneDrive\Documents\Movie Collector\Images\LostInSpaceSeason2196647636_f.jpg"
"Lost In Space: Season 3","1967","1440 mins","7.3","Adventure; Comedy; Family; Fantasy; Science Fiction","Vudu","Yes","","No","C:\Users\natha\OneDrive\Documents\Movie Collector\Images\LostInSpaceSeason3196747645_f.jpg"
"Love Actually","2003","135 mins","7.5","Comedy; Drama; Romance","Vudu","No","","No","C:\Users\natha\OneDrive\Documents\Movie Collector\Images\LoveActually200360662_f.jpg"
"The Love Bug","1968","108 mins","6.5","Action; Adventure; Family","Vudu","No","2003","No","C:\Users\natha\OneDrive\Documents\Movie Collector\Images\TheLoveBug196840856_f.jpg"
"Love Story","1970","100 mins","6.9","Drama; Romance","Vudu","No","","No","C:\Users\natha\OneDrive\Documents\Movie Collector\Images\LoveStory197091959_f.jpg"
"The Lovely Bones","2009","135 mins","6.6","Drama; Fantasy; Thriller","Vudu","No","","No","C:\Users\natha\OneDrive\Documents\Movie Collector\Images\TheLovelyBones200963346_f.jpg"
"Luca","2021","95 mins","7.4","Adventure; Animation; Comedy; Family; Fantasy","Vudu","No","","No","C:\Users\natha\OneDrive\Documents\Movie Collector\Images\Luca202173043_f.jpg"
"Lucy","2014","90 mins","6.4","Action; Science Fiction; Thriller","Vudu","No","","No","C:\Users\natha\OneDrive\Documents\Movie Collector\Images\Lucy201428253_f.jpg"
"Lust for Gold","1949","90 mins","6.8","Romance; Western","Vudu","No","","No","C:\Users\natha\OneDrive\Documents\Movie Collector\Images\LustforGold194944276_f.jpg"
"Lyle, Lyle, Crocodile","2022","80 mins","6.1","Adventure; Animation; Comedy; Family; Fantasy; Musical","Vudu","No","","No","C:\Users\natha\OneDrive\Documents\Movie Collector\Images\LyleLyleCrocodile202228388_f.jpg"
"M3GAN","2022","102 mins","6.3","Horror; Science Fiction; Thriller","Vudu","No","","No","C:\Users\natha\OneDrive\Documents\Movie Collector\Images\M3GAN202272671_f.jpg"
"Mad Max","1979","88 mins","6.8","Action; Adventure; Science Fiction; Thriller","Vudu","No","","No","C:\Users\natha\OneDrive\Documents\Movie Collector\Images\MadMax197913442_f.jpg"
"Mad Max Beyond Thunderdome","1985","107 mins","6.2","Action; Adventure; Science Fiction","Vudu","No","","No","C:\Users\natha\OneDrive\Documents\Movie Collector\Images\MadMaxBeyondThunderdome1913750_f.jpg"
"Mad Max: Fury Road","2015","120 mins","8.1","Action; Adventure; Science Fiction; Thriller","Vudu","No","","No","C:\Users\natha\OneDrive\Documents\Movie Collector\Images\MadMaxFuryRoad201569659_f.jpg"
"Madagascar","2005","86 mins","6.9","Adventure; Animation; Comedy","Vudu","No","2005","No","C:\Users\natha\OneDrive\Documents\Movie Collector\Images\Madagascar200578552_f.jpg"
"Madagascar: Escape 2 Africa","2008","89 mins","6.7","Adventure; Animation; Comedy; Family","Vudu","No","","No","C:\Users\natha\OneDrive\Documents\Movie Collector\Images\MadagascarEscape2Africa275536_f.jpg"
"Madagascar 3","2012","93 mins","6.8","Adventure; Animation; Comedy; Family","Vudu","No","2012","No","C:\Users\natha\OneDrive\Documents\Movie Collector\Images\Madagascar3201278778_f.jpg"
"Made","2001","95 mins","6.3","Comedy; Crime; Drama","Vudu","No","","No","C:\Users\natha\OneDrive\Documents\Movie Collector\Images\Made200156626_f.jpg"
"Made of Honor","2008","101 mins","5.8","Comedy; Romance","Vudu","No","","No","C:\Users\natha\OneDrive\Documents\Movie Collector\Images\MadeofHonor200843924_f.jpg"
"A Madea Family Funeral","2019","109 mins","4.7","Comedy; Drama","Vudu","No","","No","C:\Users\natha\OneDrive\Documents\Movie Collector\Images\AMadeaFamilyFuneral201913496_f.jpg"
"Madea Goes to Jail","2009","103 mins","4.6","Comedy; Crime; Drama","Vudu","No","","No","C:\Users\natha\OneDrive\Documents\Movie Collector\Images\MadeaGoestoJail200924415_f.jpg"
"Madea's Big Happy Family","2011","106 mins","4.9","Comedy; Drama","Vudu","No","","No","C:\Users\natha\OneDrive\Documents\Movie Collector\Images\MadeasBigHappyFamily201124424_f.jpg"
"Madea's Family Reunion","2006","107 mins","5.3","Comedy; Drama; Romance","Vudu","No","","No","C:\Users\natha\OneDrive\Documents\Movie Collector\Images\MadeasFamilyReunion200624436_f.jpg"
"Madea's Witness Protection","2012","114 mins","5.0","Comedy; Crime; Drama","Vudu","No","","No","C:\Users\natha\OneDrive\Documents\Movie Collector\Images\MadeasWitnessProtection2024447_f.jpg"
"Major League","1989","107 mins","7.2","Comedy; Sports","Vudu","No","","No","C:\Users\natha\OneDrive\Documents\Movie Collector\Images\MajorLeague198963278_f.jpg"
"Major Payne","1995","95 mins","6.3","Comedy; Family","Vudu","No","","No","C:\Users\natha\OneDrive\Documents\Movie Collector\Images\MajorPayne199528671_f.jpg"
"Maleficent","2013","97 mins","6.9","Action; Adventure; Family; Fantasy; Romance","Vudu","No","2014","No","C:\Users\natha\OneDrive\Documents\Movie Collector\Images\MaleficentVUDU201378335_f.jpg"
"The Maltese Falcon","1941","100 mins","7.9","Crime; Film Noir; Mystery; Romance","Vudu","No","","No","C:\Users\natha\OneDrive\Documents\Movie Collector\Images\TheMalteseFalcon194153642_f.jpg"
"Mama's Family: Season 1","1983","390 mins","7.3","Comedy","Vudu","Yes","","No","C:\Users\natha\OneDrive\Documents\Movie Collector\Images\MamasFamilySeason1198366947_f.jpg"
"Mama's Family: Season 2","1984","660 mins","7.3","Comedy","Vudu","Yes","","No","C:\Users\natha\OneDrive\Documents\Movie Collector\Images\MamasFamilySeason2198466955_f.jpg"
"Mama's Family: Season 3","1986","750 mins","7.3","Comedy","Vudu","Yes","","No","C:\Users\natha\OneDrive\Documents\Movie Collector\Images\MamasFamilySeason3198666838_f.jpg"
"Mama's Family: Season 4","1988","750 mins","7.3","Comedy","Vudu","Yes","","No","C:\Users\natha\OneDrive\Documents\Movie Collector\Images\MamasFamilySeason4198866851_f.jpg"
"Mama's Family: Season 5","1989","750 mins","7.3","Comedy","Vudu","Yes","","No","C:\Users\natha\OneDrive\Documents\Movie Collector\Images\MamasFamilySeason5198966863_f.jpg"
"Mama's Family: Season 6","1989","600 mins","7.3","Comedy","Vudu","Yes","","No","C:\Users\natha\OneDrive\Documents\Movie Collector\Images\MamasFamilySeason6198966866_f.jpg"
"A Man Called Otto","2022","126 mins","7.5","Comedy; Drama","Vudu","No","","No","C:\Users\natha\OneDrive\Documents\Movie Collector\Images\AManCalledOtto202228421_f.jpg"
"A Man for All Seasons","1966","120 mins","7.7","Biography; Drama; History","Vudu","No","","No","C:\Users\natha\OneDrive\Documents\Movie Collector\Images\AManforAllSeasons196624058_f.jpg"
"The Man from Laramie","1955","103 mins","7.3","Western","Vudu","No","","No","C:\Users\natha\OneDrive\Documents\Movie Collector\Images\TheManfromLaramie195524107_f.jpg"
"The Man From U.N.C.L.E.","2015","116 mins","7.2","Action; Adventure; Comedy","Vudu","No","","No","C:\Users\natha\OneDrive\Documents\Movie Collector\Images\TheManFromUNCLE201560161_f.jpg"
"The Man in the Iron Mask","1998","132 mins","6.5","Action; Adventure; Drama","Vudu","No","1998","No","C:\Users\natha\OneDrive\Documents\Movie Collector\Images\TheManintheIronMask199821692_f.jpg"
"The Man in the Moon","1991","99 mins","7.2","Drama; Romance","Vudu","No","","No","C:\Users\natha\OneDrive\Documents\Movie Collector\Images\TheManintheMoon199124199_f.jpg"
"Man of the West","1958","100 mins","7.0","Western","Vudu","No","","No","C:\Users\natha\OneDrive\Documents\Movie Collector\Images\ManoftheWest195813412_f.jpg"
"Man on Fire","2004","146 mins","7.7","Action; Crime; Drama; Thriller","Vudu","No","2004","No","C:\Users\natha\OneDrive\Documents\Movie Collector\Images\ManonFire200453413_f.jpg"
"The Man Who Knew Too Much","1956","120 mins","7.4","Drama; Thriller","Vudu","No","","No","C:\Users\natha\OneDrive\Documents\Movie Collector\Images\TheManWhoKnewTooMuch19521452_f.jpg"
"The Man Who Loved Women","1983","110 mins","5.3","Comedy; Drama; Romance","Vudu","No","","No","C:\Users\natha\OneDrive\Documents\Movie Collector\Images\TheManWhoLovedWomen198344204_f.jpg"
"The Man Who Shot Liberty Valance","1962","123 mins","8.1","Action; Adventure; Western","VHS; Vudu","No","","No","C:\Users\natha\OneDrive\Documents\Movie Collector\Images\TheManWhoShotLibertyValan56885_f.jpg"
"The Man with Nine Lives","1940","74 mins","6.5","Horror; Mystery; Science Fiction","Vudu","No","","No","C:\Users\natha\OneDrive\Documents\Movie Collector\Images\TheManwithNineLives194044302_f.jpg"
"The Man with the Iron Fists","2012","95 mins","5.4","Action","Vudu","No","","No","C:\Users\natha\OneDrive\Documents\Movie Collector\Images\TheManwiththeIronFists263232_f.jpg"
"Maneater","2022","87 mins","3.1","Action; Horror; Thriller","Vudu","No","","No","C:\Users\natha\OneDrive\Documents\Movie Collector\Images\Maneater202223985_f.jpg"
"The Many Adventures Of Winnie The Pooh","1977","74 mins","7.5","Animation; Family; Musical","Vudu","No","1996","No","C:\Users\natha\OneDrive\Documents\Movie Collector\Images\TheManyAdventuresOfWinnie81398_f.jpg"
"Marathon Man","1976","125 mins","7.4","Crime; Drama; Thriller","Vudu","No","","No","C:\Users\natha\OneDrive\Documents\Movie Collector\Images\MarathonMan197663569_f.jpg"
"March Of The Penguins","2005","85 mins","7.5","Documentary; Family","Vudu","No","2005","No","C:\Users\natha\OneDrive\Documents\Movie Collector\Images\MarchOfThePenguinsVUDU78556_f.jpg"
"Margin Call","2011","107 mins","7.1","Drama; Thriller","Vudu","No","","No","C:\Users\natha\OneDrive\Documents\Movie Collector\Images\MarginCall201154331_f.jpg"
"El Mariachi","1992","81 mins","6.8","Action; Crime; Thriller","Vudu","No","","No","C:\Users\natha\OneDrive\Documents\Movie Collector\Images\ElMariachi199244074_f.jpg"
"The Marine","2006","92 mins","4.8","Action; Comedy; Drama; Thriller","Vudu","No","","No","C:\Users\natha\OneDrive\Documents\Movie Collector\Images\TheMarine200691180885N_f.jpg"
"The Marine 2","2009","95 mins","4.9","Action; Drama; Thriller","Vudu","No","","No","C:\Users\natha\OneDrive\Documents\Movie Collector\Images\TheMarine2200991198PAOZ_f.jpg"
"The Marine 3: Homefront","2013","86 mins","4.8","Action; Thriller","Vudu","No","","No","C:\Users\natha\OneDrive\Documents\Movie Collector\Images\TheMarine3Homefront201391212HZ6U_f.jpg"
"The Marine 4: Moving Target","2015","90 mins","5.2","Action; Crime; Drama; Thriller","Vudu","No","","No","C:\Users\natha\OneDrive\Documents\Movie Collector\Images\TheMarine4MovingTarget291227QO4R_f.jpg"
"Marley & Me","2008","115 mins","7.0","Comedy; Drama; Family","Vudu","No","","No","C:\Users\natha\OneDrive\Documents\Movie Collector\Images\MarleyMe200878861_f.jpg"
"Marnie","1964","130 mins","7.1","Crime; Drama; Mystery; Romance; Thriller","Vudu","No","","No","C:\Users\natha\OneDrive\Documents\Movie Collector\Images\Marnie196421469_f.jpg"
"Marry Me","2022","112 mins","6.1","Comedy; Music; Romance","Vudu","No","","No","C:\Users\natha\OneDrive\Documents\Movie Collector\Images\MarryMe202260665_f.jpg"
"Mars Attacks!","1996","106 mins","6.4","Comedy; Science Fiction","Vudu","No","","No","C:\Users\natha\OneDrive\Documents\Movie Collector\Images\MarsAttacks199691123P4Q6_f.jpg"
"The Martian","2015","144 mins","8.0","Adventure; Drama; Science Fiction","Vudu","No","","No","C:\Users\natha\OneDrive\Documents\Movie Collector\Images\TheMartian201572647_f.jpg"
"Marty","1955","90 mins","7.6","Drama; Romance","Vudu","No","","No","C:\Users\natha\OneDrive\Documents\Movie Collector\Images\Marty195524215_f.jpg"
"Mary Poppins","1965","139 mins","7.8","Comedy; Family; Musical","Vudu","No","2013","No","C:\Users\natha\OneDrive\Documents\Movie Collector\Images\MaryPoppinsVUDU196578782_f.jpg"
"The Mask","1994","101 mins","7.0","Action; Comedy; Crime; Fantasy","Vudu","No","","No","C:\Users\natha\OneDrive\Documents\Movie Collector\Images\TheMask199472662_f.jpg"
"The Mask of Zorro","1998","136 mins","6.8","Action; Adventure; Comedy; Romance; Thriller; Western","Vudu","No","","No","C:\Users\natha\OneDrive\Documents\Movie Collector\Images\TheMaskofZorro199841401_f.jpg"
"Master And Commander","2003","138 mins","7.5","Action; Adventure; Drama; History; War","DVD","No","2004","No","C:\Users\natha\OneDrive\Documents\Movie Collector\Images\MasterAndCommander200321267_f.jpg"
"Mater's Tall Tales","2010","38 mins","6.8","Adventure; Animation; Children; Comedy; Family","Blu-ray","No","2010","No","C:\Users\natha\OneDrive\Documents\Movie Collector\Images\MatersTallTales201081318_f.jpg"
"The Matrix","1999","136 mins","8.7","Action; Science Fiction","Vudu","No","","No","C:\Users\natha\OneDrive\Documents\Movie Collector\Images\TheMatrix199941149_f.jpg"
"The Matrix Reloaded","2003","138 mins","7.2","Action; Science Fiction","Vudu","No","","No","C:\Users\natha\OneDrive\Documents\Movie Collector\Images\TheMatrixReloaded200341161_f.jpg"
"The Matrix Revolutions","2003","129 mins","6.7","Action; Science Fiction","Vudu","No","","No","C:\Users\natha\OneDrive\Documents\Movie Collector\Images\TheMatrixRevolutions200341166_f.jpg"
"The Matrix Resurrections","2021","148 mins","5.6","Action; Science Fiction","Vudu","No","","No","C:\Users\natha\OneDrive\Documents\Movie Collector\Images\TheMatrixResurrections202134435_f.jpg"
"Max Payne","2008","100 mins","5.3","Action; Crime; Drama; Thriller","DVD; Vudu","No","2009","No","C:\Users\natha\OneDrive\Documents\Movie Collector\Images\MaxPayne200844560_f.jpg"
"Maximum Risk","1996","101 mins","5.6","Action; Crime; Thriller","Vudu","No","","No","C:\Users\natha\OneDrive\Documents\Movie Collector\Images\MaximumRisk199660252_f.jpg"
"The Maze Runner","2014","113 mins","6.8","Action; Mystery; Science Fiction; Thriller","Vudu","No","2014","No","C:\Users\natha\OneDrive\Documents\Movie Collector\Images\TheMazeRunnerVUDU201478784_f.jpg"
"The Maze Runner: The Death Cure","2018","143 mins","6.3","Action; Adventure; Fantasy; Mystery; Science Fiction; Thriller","Vudu","No","","No","C:\Users\natha\OneDrive\Documents\Movie Collector\Images\TheMazeRunnerTheDeathCur72379_f.jpg"
"Me, Myself & Irene","2000","116 mins","6.6","Comedy","Vudu","No","2006","No","C:\Users\natha\OneDrive\Documents\Movie Collector\Images\MeMyselfIrene200031088_f.jpg"
"Mean Girls","2004","97 mins","7.1","Comedy","Vudu","No","","No","C:\Users\natha\OneDrive\Documents\Movie Collector\Images\MeanGirls200492059_f.jpg"
"Meatballs Part II","1984","87 mins","3.8","Comedy","Vudu","No","","No","C:\Users\natha\OneDrive\Documents\Movie Collector\Images\MeatballsPartII198437821_f.jpg"
"The Mechanic","2011","93 mins","6.5","Action; Crime; Thriller","Vudu","No","","No","C:\Users\natha\OneDrive\Documents\Movie Collector\Images\TheMechanic20118859_f.jpg"
"Mechanic: Resurrection","2016","98 mins","5.7","Action; Adventure; Thriller","Vudu","No","","No","C:\Users\natha\OneDrive\Documents\Movie Collector\Images\MechanicResurrection201687812BG7B_f.jpg"
"Meet Me in St. Louis","1944","113 mins","7.5","Comedy; Drama; Family; Musical; Romance","Vudu","No","","No","C:\Users\natha\OneDrive\Documents\Movie Collector\Images\MeetMeinStLouis194421718_f.jpg"
"Meet The Fockers","2004","115 mins","6.4","Comedy","Vudu","No","2005","No","C:\Users\natha\OneDrive\Documents\Movie Collector\Images\MeetTheFockers200440881_f.jpg"
"Meet The Muppets","1994","35 mins","0","Comedy; Musical","DVD","No","1993","No","C:\Users\natha\OneDrive\Documents\Movie Collector\Images\MeetTheMuppets199469736_f.jpg"
"Meet The Parents","2000","108 mins","7.0","Comedy","Vudu","No","2001","No","C:\Users\natha\OneDrive\Documents\Movie Collector\Images\MeetTheParents200040891_f.jpg"
"Meet The Robinsons","2007","102 mins","6.8","Animation; Comedy; Science Fiction","Vudu","No","2007","No","C:\Users\natha\OneDrive\Documents\Movie Collector\Images\MeetTheRobinsons200778576_f.jpg"
"The Meg","2018","113 mins","5.7","Action; Horror; Science Fiction; Thriller","Vudu","No","","No","C:\Users\natha\OneDrive\Documents\Movie Collector\Images\TheMeg201821561_f.jpg"
"Meg 2: The Trench","2023","116 mins","5.0","Action; Adventure; Horror; Science Fiction; Thriller","Vudu","No","","No","C:\Users\natha\OneDrive\Documents\Movie Collector\Images\Meg2TheTrench202321706_f.jpg"
"Megamind","2010","95 mins","7.3","Animation; Comedy; Family","Vudu","No","2011","No","C:\Users\natha\OneDrive\Documents\Movie Collector\Images\Megamind201041129_f.jpg"
"Megan 2.0","2024","13 mins","6.0","Horror; Science Fiction","Vudu","No","","No","C:\Users\natha\OneDrive\Documents\Movie Collector\Images\Megan20202464230_f.jpg"
"Men In Black","1997","98 mins","7.3","Action; Comedy; Science Fiction","Vudu","No","","No","C:\Users\natha\OneDrive\Documents\Movie Collector\Images\MenInBlack199734350_f.jpg"
"Men In Black II","2002","88 mins","6.2","Action; Comedy; Science Fiction","Vudu","No","2002","No","C:\Users\natha\OneDrive\Documents\Movie Collector\Images\MenInBlackII200241140_f.jpg"
"Men In Black 3","2012","106 mins","6.8","Action; Comedy; Science Fiction","Vudu","No","2012","No","C:\Users\natha\OneDrive\Documents\Movie Collector\Images\MenInBlack3VUDU201234361_f.jpg"
"Men In Black: International","2019","114 mins","5.6","Action; Adventure; Comedy; Science Fiction","Vudu","No","","No","C:\Users\natha\OneDrive\Documents\Movie Collector\Images\MenInBlackInternational234454_f.jpg"
"Mercury Rising","1998","111 mins","6.1","Action; Crime; Drama; Thriller","Vudu","No","","No","C:\Users\natha\OneDrive\Documents\Movie Collector\Images\MercuryRising199821681_f.jpg"
"The Mexican","2001","123 mins","6.1","Adventure; Comedy; Crime; Romance","Vudu","No","","No","C:\Users\natha\OneDrive\Documents\Movie Collector\Images\TheMexican200121655_f.jpg"
"Miami Vice","2006","132 mins","6.1","Action; Crime; Thriller","Vudu","No","2006","No","C:\Users\natha\OneDrive\Documents\Movie Collector\Images\MiamiVice20069529_f.jpg"
"Michael Clayton","2007","119 mins","7.2","Crime; Drama; Mystery; Thriller","Vudu","No","","No","C:\Users\natha\OneDrive\Documents\Movie Collector\Images\MichaelClayton200737534_f.jpg"
"Michael W. Smith: Live In Concert: A 20 Year Celebration","2004","100 mins","0","Music","DVD","No","2004","No","C:\Users\natha\OneDrive\Documents\Movie Collector\Images\MichaelWSmithLiveInConc69726_f.jpg"
"Michael W. Smith: Worship","2001","66 mins","0","Music","DVD","No","2002","No","C:\Users\natha\OneDrive\Documents\Movie Collector\Images\MichaelWSmithWorship20069732_f.jpg"
"Mickey Mouse Clubhouse: Mickey Saves Santa","2006","60 mins","5.8","Animation","DVD","No","2006","No","C:\Users\natha\OneDrive\Documents\Movie Collector\Images\MickeyMouseClubhouseMickey78934_f.jpg"
"Mickey, Donald, Goofy: The Three Musketeers","2004","68 mins","6.4","Adventure; Animation; Comedy; Family; Musical; Romance","Vudu","No","","No","C:\Users\natha\OneDrive\Documents\Movie Collector\Images\MickeyDonaldGoofyTheThr34954_f.jpg"
"Mickey's Christmas Carol","1983","25 mins","8.0","Animation; Family; Fantasy","Vudu","No","","No","C:\Users\natha\OneDrive\Documents\Movie Collector\Images\MickeysChristmasCarol198375387_f.jpg"
"Mickey's Delayed Date","1947","7 mins","6.5","Animation; Comedy; Family; Romance","Vudu","No","","No","C:\Users\natha\OneDrive\Documents\Movie Collector\Images\MickeysDelayedDate194735307_f.jpg"
"Mickey's Great Clubhouse Hunt","2007","71 mins","5.8","Animation; Children; Family","DVD","No","2007","No","C:\Users\natha\OneDrive\Documents\Movie Collector\Images\MickeysGreatClubhouseHunt75843_f.jpg"
"Mickey's Magical Christmas: Snowed In At The House Of Mouse","2001","65 mins","6.6","Adventure; Animation; Comedy; Family; Fantasy; Music","Vudu","No","","No","C:\Users\natha\OneDrive\Documents\Movie Collector\Images\MickeysMagicalChristmasSn60421_f.jpg"
"Mickey's Once Upon a Christmas","1999","66 mins","7.0","Animation; Comedy; Family; Fantasy","DVD; Vudu","No","2000","No","C:\Users\natha\OneDrive\Documents\Movie Collector\Images\MickeysOnceUponaChristmas72780_f.jpg"
"Mickey's Twice Upon a Christmas","2004","68 mins","6.4","Animation; Comedy; Family; Fantasy","","No","","No","C:\Users\natha\OneDrive\Documents\Movie Collector\Images\MickeysTwiceUponaChristma94048_f.jpg"
"Midnight Cowboy","1969","113 mins","7.8","Drama","Vudu","No","","No","C:\Users\natha\OneDrive\Documents\Movie Collector\Images\MidnightCowboy196924151_f.jpg"
"Midnight Express","1978","121 mins","7.5","Biography; Crime; Drama; Thriller","Vudu","No","","No","C:\Users\natha\OneDrive\Documents\Movie Collector\Images\MidnightExpress197823968_f.jpg"
"The Midnight Meat Train","2008","100 mins","6.0","Horror; Mystery; Thriller","Vudu","No","","No","C:\Users\natha\OneDrive\Documents\Movie Collector\Images\TheMidnightMeatTrain200856586_f.jpg"
"Midnight Run","1988","126 mins","7.5","Action; Comedy; Crime; Thriller","Vudu","No","","No","C:\Users\natha\OneDrive\Documents\Movie Collector\Images\MidnightRun198860914_f.jpg"
"Midway","2019","138 mins","6.7","Action; Drama; History; War","Vudu","No","","No","C:\Users\natha\OneDrive\Documents\Movie Collector\Images\Midway201957032_f.jpg"
"Mighty Morphin Power Rangers: The Movie","1995","95 mins","5.3","Action; Adventure; Family","DVD","No","2003","No","C:\Users\natha\OneDrive\Documents\Movie Collector\Images\MightyMorphinPowerRangers75850_f.jpg"
"Migration","2023","83 mins","6.6","Adventure; Animation; Comedy; Family","Vudu","No","","No","C:\Users\natha\OneDrive\Documents\Movie Collector\Images\Migration202337376_f.jpg"
"Mildred Pierce","1945","111 mins","7.9","Crime; Drama; Film Noir; Mystery; Romance","Vudu","No","","No","C:\Users\natha\OneDrive\Documents\Movie Collector\Images\MildredPierce194553818_f.jpg"
"Million Dollar Arm","2014","124 mins","7.0","Biography; Drama; Sports","Blu-ray","No","2014","No","C:\Users\natha\OneDrive\Documents\Movie Collector\Images\MillionDollarArm201424459_f.jpg"
"Million Dollar Baby","2004","132 mins","8.1","Drama; Sports","Vudu","No","","No","C:\Users\natha\OneDrive\Documents\Movie Collector\Images\MillionDollarBaby200421390_f.jpg"
"The Million Dollar Duck","1971","89 mins","5.8","Comedy; Family; Science Fiction","Vudu","No","","No","C:\Users\natha\OneDrive\Documents\Movie Collector\Images\TheMillionDollarDuck197141376_f.jpg"
"A Minecraft Movie","2025","101 mins","5.6","Action; Adventure; Comedy; Family; Fantasy","Vudu","No","","No","C:\Users\natha\OneDrive\Documents\Movie Collector\Images\AMinecraftMovie202564098_f.jpg"
"Minions","2015","90 mins","6.4","Adventure; Animation; Comedy; Family; Fantasy","Vudu","No","2015","No","C:\Users\natha\OneDrive\Documents\Movie Collector\Images\Minions201578400_f.jpg"
"Minions: The Rise of Gru","2022","87 mins","6.5","Adventure; Animation; Comedy; Crime; Family; Science Fiction","Vudu","No","","No","C:\Users\natha\OneDrive\Documents\Movie Collector\Images\MinionsTheRiseofGru202273123_f.jpg"
"The Ministry Of Ungentlemanly Warfare","2024","120 mins","6.8","Action; Comedy; War","Vudu","No","","No","C:\Users\natha\OneDrive\Documents\Movie Collector\Images\TheMinistryOfUngentlemanly41247_f.jpg"
"Minority Report","2002","145 mins","7.6","Action; Crime; Mystery; Science Fiction; Thriller","","No","","No","C:\Users\natha\OneDrive\Documents\Movie Collector\Images\MinorityReport200294691_f.jpg"
"Miracle On 34th Street","1947","96 mins","7.9","Comedy; Drama; Family","Vudu","No","","No","C:\Users\natha\OneDrive\Documents\Movie Collector\Images\MiracleOn34thStreet194772395_f.jpg"
"The Miracle Worker","1962","106 mins","8.1","Biography; Drama","Vudu","No","","No","C:\Users\natha\OneDrive\Documents\Movie Collector\Images\TheMiracleWorker196224228_f.jpg"
"Les Misérables","2012","158 mins","7.5","Drama; History; Musical; Romance; War","Vudu","No","","No","C:\Users\natha\OneDrive\Documents\Movie Collector\Images\LesMisrables201221576_f.jpg"
"The Misfits","1961","125 mins","7.2","Drama; Romance; Western","Vudu","No","","No","C:\Users\natha\OneDrive\Documents\Movie Collector\Images\TheMisfits196113426_f.jpg"
"Miss Congeniality","2000","111 mins","6.3","Action; Comedy; Romance","Vudu","No","2001","No","C:\Users\natha\OneDrive\Documents\Movie Collector\Images\MissCongeniality200040903_f.jpg"
"Miss Congeniality 2: Armed & Fabulous","2005","115 mins","5.2","Action; Comedy; Crime","Vudu","No","","No","C:\Users\natha\OneDrive\Documents\Movie Collector\Images\MissCongeniality2ArmedF24355_f.jpg"
"Missing","2023","111 mins","7.1","Drama; Thriller","Vudu","No","","No","C:\Users\natha\OneDrive\Documents\Movie Collector\Images\Missing202369704_f.jpg"
"Mission: Impossible","1996","110 mins","7.2","Action; Adventure; Thriller","Vudu","No","","No","C:\Users\natha\OneDrive\Documents\Movie Collector\Images\MissionImpossible199634371_f.jpg"
"Mission: Impossible II","2000","123 mins","6.1","Action; Adventure; Thriller","Vudu","No","2002","No","C:\Users\natha\OneDrive\Documents\Movie Collector\Images\MissionImpossibleII200034463_f.jpg"
"Mission: Impossible III","2006","126 mins","6.9","Action; Adventure; Thriller","Vudu","No","2006","No","C:\Users\natha\OneDrive\Documents\Movie Collector\Images\MissionImpossibleIII200634475_f.jpg"
"Mission: Impossible - Ghost Protocol","2011","132 mins","7.4","Action; Adventure; Thriller","Vudu","No","","No","C:\Users\natha\OneDrive\Documents\Movie Collector\Images\MissionImpossibleGhostPr34381_f.png"
"Mission: Impossible - Rogue Nation","2015","131 mins","7.4","Action; Adventure; Thriller","Vudu","No","","No","C:\Users\natha\OneDrive\Documents\Movie Collector\Images\MissionImpossibleRogueNa34396_f.png"
"Mission: Impossible - Fallout","2018","147 mins","7.7","Action; Adventure; Thriller","Vudu","No","","No","C:\Users\natha\OneDrive\Documents\Movie Collector\Images\MissionImpossibleFallout34391_f.jpg"
"Mission: Impossible - Dead Reckoning Part One","2023","163 mins","7.6","Action; Adventure; Thriller","Vudu","No","","No","C:\Users\natha\OneDrive\Documents\Movie Collector\Images\MissionImpossibleDeadRec34342_f.jpg"
"Mission: Impossible - The Final Reckoning","2025","169 mins","7.2","Action; Adventure; Thriller","Vudu","No","","No","C:\Users\natha\OneDrive\Documents\Movie Collector\Images\MissionImpossibleTheFina67027_f.jpg"
"Mission: Impossible: Season 1","1966","1680 mins","7.9","Action; Adventure; Crime; Drama; Thriller","Vudu","Yes","","No","C:\Users\natha\OneDrive\Documents\Movie Collector\Images\MissionImpossibleSeason150283_f.jpg"
"Mission: Impossible: Season 2","1967","1500 mins","7.9","Action; Adventure; Crime; Drama; Thriller","Vudu","Yes","","No","C:\Users\natha\OneDrive\Documents\Movie Collector\Images\MissionImpossibleSeason250301_f.jpg"
"Mission: Impossible: Season 3","1968","1500 mins","7.9","Action; Adventure; Crime; Drama; Thriller","Vudu","Yes","","No","C:\Users\natha\OneDrive\Documents\Movie Collector\Images\MissionImpossibleSeason350313_f.jpg"
"Mission: Impossible: Season 4","1969","1550 mins","7.9","Action; Adventure; Crime; Drama; Thriller","Vudu","Yes","","No","C:\Users\natha\OneDrive\Documents\Movie Collector\Images\MissionImpossibleSeason450323_f.jpg"
"Mission: Impossible: Season 5","1970","1380 mins","7.9","Action; Adventure; Crime; Drama; Thriller","Vudu","Yes","","No","C:\Users\natha\OneDrive\Documents\Movie Collector\Images\MissionImpossibleSeason550332_f.jpg"
"Mission: Impossible: Season 6","1971","1320 mins","7.9","Action; Adventure; Crime; Drama; Thriller","Vudu","Yes","","No","C:\Users\natha\OneDrive\Documents\Movie Collector\Images\MissionImpossibleSeason650338_f.jpg"
"Mission: Impossible: Season 7","1972","2620 mins","7.9","Action; Adventure; Crime; Drama; Thriller","Vudu","Yes","","No","C:\Users\natha\OneDrive\Documents\Movie Collector\Images\MissionImpossibleSeason750344_f.jpg"
"Moana","2016","107 mins","7.6","Adventure; Animation; Comedy; Family; Fantasy; Musical","Vudu","No","","No","C:\Users\natha\OneDrive\Documents\Movie Collector\Images\Moana201675327_f.jpg"
"Moana 2","2024","100 mins","6.3","Adventure; Animation; Comedy; Family; Fantasy; Musical","Vudu","No","","No","C:\Users\natha\OneDrive\Documents\Movie Collector\Images\Moana2202460114_f.jpg"
"Modern Family: Season 1","2009","506 mins","8.5","Comedy; Drama; Romance","Vudu","Yes","","No","C:\Users\natha\OneDrive\Documents\Movie Collector\Images\ModernFamilySeason1200960347_f.jpg"
"Modern Family: Season 2","2010","720 mins","8.5","Comedy; Drama; Romance","Vudu","Yes","","No","C:\Users\natha\OneDrive\Documents\Movie Collector\Images\ModernFamilySeason2201060306_f.jpg"
"Modern Family: Season 3","2011","508 mins","8.5","Comedy; Drama; Romance","Vudu","Yes","","No","C:\Users\natha\OneDrive\Documents\Movie Collector\Images\ModernFamilySeason3201160354_f.jpg"
"Modern Family: Season 4","2012","526 mins","8.5","Comedy; Drama; Romance","Vudu","Yes","","No","C:\Users\natha\OneDrive\Documents\Movie Collector\Images\ModernFamilySeason4201260356_f.jpg"
"Modern Family: Season 5","2013","513 mins","8.5","Comedy; Drama; Romance","Vudu","Yes","","No","C:\Users\natha\OneDrive\Documents\Movie Collector\Images\ModernFamilySeason5201360323_f.jpg"
"Modern Family: Season 6","2014","517 mins","8.5","Comedy; Drama; Romance","Vudu","Yes","","No","C:\Users\natha\OneDrive\Documents\Movie Collector\Images\ModernFamilySeason6201460358_f.jpg"
"Modern Family: Season 7","2015","467 mins","8.5","Comedy; Drama; Romance","Vudu","Yes","","No","C:\Users\natha\OneDrive\Documents\Movie Collector\Images\ModernFamilySeason7201560360_f.jpg"
"Modern Family: Season 8","2016","461 mins","8.5","Comedy; Drama; Romance","Vudu","Yes","","No","C:\Users\natha\OneDrive\Documents\Movie Collector\Images\ModernFamilySeason8201660365_f.jpg"
"Modern Family: Season 9","2017","462 mins","8.5","Comedy; Drama; Romance","Vudu","Yes","","No","C:\Users\natha\OneDrive\Documents\Movie Collector\Images\ModernFamilySeason9201760367_f.jpg"
"Modern Family: Season 10","2018","462 mins","8.5","Comedy; Drama; Romance","Vudu","Yes","","No","C:\Users\natha\OneDrive\Documents\Movie Collector\Images\ModernFamilySeason10201860373_f.jpg"
"Modern Family: Season 11","2020","397 mins","8.5","Comedy; Drama; Romance","Vudu","Yes","","No","C:\Users\natha\OneDrive\Documents\Movie Collector\Images\ModernFamilySeason11202060376_f.jpg"
"Modern Romance","1981","93 mins","7.0","Comedy; Romance","Vudu","No","","No","C:\Users\natha\OneDrive\Documents\Movie Collector\Images\ModernRomance198124131_f.jpg"
"Mom And Dad","2017","86 mins","5.6","Comedy; Horror; Thriller","Vudu","No","","No","C:\Users\natha\OneDrive\Documents\Movie Collector\Images\MomAndDad201763856_f.jpg"
"Moms' Night Out","2014","98 mins","5.3","Comedy","Vudu","No","","No","C:\Users\natha\OneDrive\Documents\Movie Collector\Images\MomsNightOut201472653_f.jpg"
"Money from Home","1953","100 mins","6.1","Comedy; Musical; Romance","Vudu","No","","No","C:\Users\natha\OneDrive\Documents\Movie Collector\Images\MoneyfromHome19535856_f.jpg"
"The Money Pit","1986","91 mins","6.4","Comedy","Vudu","No","","No","C:\Users\natha\OneDrive\Documents\Movie Collector\Images\TheMoneyPit198628131_f.jpg"
"Money Train","1995","105 mins","5.7","Action; Comedy; Crime; Drama; Thriller","Vudu","No","","No","C:\Users\natha\OneDrive\Documents\Movie Collector\Images\MoneyTrain199524046_f.jpg"
"Mongolian Death Worm","2010","90 mins","3.4","Action; Adventure; Comedy; Horror; Science Fiction; Thriller","Vudu","No","","No","C:\Users\natha\OneDrive\Documents\Movie Collector\Images\MongolianDeathWorm201087477ISHF_f.jpg"
"Monster House","2006","86 mins","6.7","Adventure; Animation; Family","Vudu","No","2006","No","C:\Users\natha\OneDrive\Documents\Movie Collector\Images\MonsterHouse200675547_f.jpg"
"Monster Trucks","2016","104 mins","5.7","Action; Adventure; Animation; Comedy; Family; Science Fiction","Vudu","No","","No","C:\Users\natha\OneDrive\Documents\Movie Collector\Images\MonsterTrucks201621547_f.jpg"
"Monsters Resurrected","2009","258 mins","5.7","Documentary","DVD","Yes","2010","No","C:\Users\natha\OneDrive\Documents\Movie Collector\Images\MonstersResurrected200944661_f.jpg"
"Monsters University","2013","104 mins","7.2","Adventure; Animation; Comedy; Family; Fantasy","Vudu","No","2013","No","C:\Users\natha\OneDrive\Documents\Movie Collector\Images\MonstersUniversityVUDU2078794_f.jpg"
"Monsters Vs. Aliens","2009","94 mins","6.4","Animation; Science Fiction","Vudu","No","2009","No","C:\Users\natha\OneDrive\Documents\Movie Collector\Images\MonstersVsAliensVUDU2078798_f.jpg"
"Monsters, Inc.","2001","92 mins","8.1","Animation; Comedy; Family","Vudu","No","2010","No","C:\Users\natha\OneDrive\Documents\Movie Collector\Images\MonstersInc200178803_f.jpg"
"Monty Python and the Holy Grail","1975","91 mins","8.2","Adventure; Comedy; Fantasy","DVD","No","2001","No","C:\Users\natha\OneDrive\Documents\Movie Collector\Images\MontyPythonandtheHolyGrai31021_f.jpg"
"The Monuments Men","2014","118 mins","6.1","Comedy; Drama; War","Vudu","No","","No","C:\Users\natha\OneDrive\Documents\Movie Collector\Images\TheMonumentsMen201441468_f.jpg"
"Moonfall","2022","120 mins","5.2","Action; Adventure; Science Fiction","Vudu","No","","No","C:\Users\natha\OneDrive\Documents\Movie Collector\Images\Moonfall202269667_f.jpg"
"Moonstruck","1987","102 mins","7.2","Comedy; Drama; Romance","Vudu","No","","No","C:\Users\natha\OneDrive\Documents\Movie Collector\Images\Moonstruck198712680_f.jpg"
"Morbius","2022","104 mins","5.1","Action; Adventure; Horror; Science Fiction; Thriller","Vudu","No","","No","C:\Users\natha\OneDrive\Documents\Movie Collector\Images\Morbius20225391_f.jpg"
"The More the Merrier","1943","104 mins","7.6","Comedy","Vudu","No","","No","C:\Users\natha\OneDrive\Documents\Movie Collector\Images\TheMoretheMerrier194324118_f.jpg"
"Mortal Kombat","1995","101 mins","5.8","Action; Adventure; Fantasy","Vudu","No","","No","C:\Users\natha\OneDrive\Documents\Movie Collector\Images\MortalKombat199528595_f.jpg"
"Moscow on the Hudson","1984","115 mins","6.5","Comedy; Drama; Romance","Vudu","No","","No","C:\Users\natha\OneDrive\Documents\Movie Collector\Images\MoscowontheHudson198424075_f.jpg"
"Mr. & Mrs. Smith","2005","120 mins","6.5","Action; Comedy; Crime; Thriller","Vudu","No","","No","C:\Users\natha\OneDrive\Documents\Movie Collector\Images\MrMrsSmith200528191_f.jpg"
"Mr. Deeds Goes to Town","1936","115 mins","7.8","Comedy; Drama; Romance","Vudu","No","","No","C:\Users\natha\OneDrive\Documents\Movie Collector\Images\MrDeedsGoestoTown193643749_f.jpg"
"Mr. Holland's Opus","1995","143 mins","7.4","Drama; Music","Vudu","No","","No","C:\Users\natha\OneDrive\Documents\Movie Collector\Images\MrHollandsOpus199521401_f.jpg"
"Mr. Magorium's Wonder Emporium","2007","93 mins","6.2","Comedy; Family; Fantasy","DVD","No","","No","C:\Users\natha\OneDrive\Documents\Movie Collector\Images\MrMagoriumsWonderEmporium21338_f.jpg"
"Mr. Mouse Takes a Trip","1940","8 mins","7.0","Adventure; Animation; Comedy; Family","Vudu","No","","No","C:\Users\natha\OneDrive\Documents\Movie Collector\Images\MrMouseTakesaTrip194035309_f.jpg"
"Mr. Peabody And Sherman","2014","93 mins","6.7","Adventure; Animation; Family","Vudu","No","2015","No","C:\Users\natha\OneDrive\Documents\Movie Collector\Images\MrPeabodyAndShermanVUDU35118_f.jpg"
"Mr. Popper's Penguins","2011","94 mins","6.0","Comedy; Family; Fantasy","Vudu","No","","No","C:\Users\natha\OneDrive\Documents\Movie Collector\Images\MrPoppersPenguins201164056_f.jpg"
"Mr. Smith Goes to Washington","1939","129 mins","8.1","Comedy; Drama","Vudu","No","","No","C:\Users\natha\OneDrive\Documents\Movie Collector\Images\MrSmithGoestoWashington24005_f.jpg"
"Mr. Toad's Wild Ride","1996","","0","Adventure; Animation; Comedy; Family","DVD","No","","No","C:\Users\natha\OneDrive\Documents\Movie Collector\Images\MrToadsWildRide19968986_f.jpg"
"Mrs. Doubtfire","1993","125 mins","7.1","Comedy; Drama; Family","Vudu","No","","No","C:\Users\natha\OneDrive\Documents\Movie Collector\Images\MrsDoubtfire199331011_f.jpg"
"Mud","2012","130 mins","7.4","Adventure; Drama","Vudu","No","","No","C:\Users\natha\OneDrive\Documents\Movie Collector\Images\Mud201254183_f.jpg"
"Mufasa: The Lion King","2024","118 mins","6.6","Adventure; Animation; Drama; Family; Fantasy; Musical","Vudu","No","","No","C:\Users\natha\OneDrive\Documents\Movie Collector\Images\MufasaTheLionKing202460485_f.jpg"
"Mulan","2020","120 mins","5.8","Action; Adventure; Drama; Family; Fantasy","Vudu","No","","No","C:\Users\natha\OneDrive\Documents\Movie Collector\Images\Mulan202072927_f.jpg"
"Mulan","1998","167 mins","0","Adventure; Animation; Comedy; Drama; Family; Musical","Vudu","No","2013","No","C:\Users\natha\OneDrive\Documents\Movie Collector\Images\Mulan199876029_f.jpg"
"Mulan","1998","88 mins","7.7","Adventure; Animation; Family; Fantasy; Musical; War","Vudu","No","","No","C:\Users\natha\OneDrive\Documents\Movie Collector\Images\Mulan199872946_f.jpg"
"Mulberry St","2006","84 mins","5.5","Horror; Science Fiction; Thriller","DVD","No","","No","C:\Users\natha\OneDrive\Documents\Movie Collector\Images\MulberrySt200621287_f.jpg"
"The Muppet Christmas Carol","1992","85 mins","7.8","Family; Fantasy; Musical","Vudu","No","2012","No","C:\Users\natha\OneDrive\Documents\Movie Collector\Images\TheMuppetChristmasCarolV78255_f.jpg"
"It's A Very Merry Muppet Christmas Movie","2002","100 mins","6.2","Adventure; Comedy; Family; Fantasy; Musical","Vudu","No","","No","C:\Users\natha\OneDrive\Documents\Movie Collector\Images\ItsAVeryMerryMuppetChris72757_f.jpg"
"The Muppet Movie","1979","95 mins","7.6","Comedy; Family; Musical","Vudu","No","","No","C:\Users\natha\OneDrive\Documents\Movie Collector\Images\TheMuppetMovie197934415_f.jpg"
"The Muppets Take Manhattan","1984","94 mins","6.8","Comedy; Family; Musical","Vudu","No","2011","No","C:\Users\natha\OneDrive\Documents\Movie Collector\Images\TheMuppetsTakeManhattan1938352_f.jpg"
"The Muppet Show: Season 1","1976","604 mins","8.4","Comedy","DVD","Yes","2005","No","C:\Users\natha\OneDrive\Documents\Movie Collector\Images\TheMuppetShowSeason119744814_f.jpg"
"The Muppet Show: Season 2","1977","612 mins","8.4","Comedy; Family","DVD","Yes","2007","No","C:\Users\natha\OneDrive\Documents\Movie Collector\Images\TheMuppetShowSeason219744822_f.jpg"
"The Muppet Show: Season 3","1978","612 mins","8.4","Children; Comedy; Family","DVD","Yes","2008","No","C:\Users\natha\OneDrive\Documents\Movie Collector\Images\TheMuppetShowSeason319744825_f.jpg"
"Muppet Treasure Island","1996","99 mins","6.9","Action; Adventure; Comedy; Family; Musical; Romance","Vudu","No","","No","C:\Users\natha\OneDrive\Documents\Movie Collector\Images\MuppetTreasureIsland199621413_f.jpg"
"The Muppets","2011","103 mins","7.1","Comedy; Family; Musical","Vudu","No","2012","No","C:\Users\natha\OneDrive\Documents\Movie Collector\Images\TheMuppets201138350_f.jpg"
"Muppets Most Wanted","2014","107 mins","6.4","Adventure; Comedy; Crime; Family; Musical","Vudu","No","","No","C:\Users\natha\OneDrive\Documents\Movie Collector\Images\MuppetsMostWanted201434403_f.jpg"
"A Muppets Christmas: Letters to Santa","2008","60 mins","6.3","Comedy; Family; Music","Vudu","No","","No","C:\Users\natha\OneDrive\Documents\Movie Collector\Images\AMuppetsChristmasLetterst72363_f.jpg"
"Muppets From Space","1999","87 mins","6.3","Adventure; Comedy; Family","Vudu","No","2011","No","C:\Users\natha\OneDrive\Documents\Movie Collector\Images\MuppetsFromSpace199938264_f.jpg"
"The Muppets' Wizard of Oz","2005","120 mins","5.2","Adventure; Comedy; Family; Fantasy; Musical","Vudu","No","","No","C:\Users\natha\OneDrive\Documents\Movie Collector\Images\TheMuppetsWizardofOz20021480_f.jpg"
"The Muppets: Season 1","2015","350 mins","7.4","Comedy; Family","Vudu","Yes","","No","C:\Users\natha\OneDrive\Documents\Movie Collector\Images\TheMuppetsSeason1201547554_f.jpg"
"Murder by Death","1976","95 mins","7.2","Comedy; Crime; Mystery; Thriller","Vudu","No","","No","C:\Users\natha\OneDrive\Documents\Movie Collector\Images\MurderbyDeath197624014_f.jpg"
"Murder by Numbers","2002","115 mins","6.2","Crime; Mystery; Thriller","Vudu","No","","No","C:\Users\natha\OneDrive\Documents\Movie Collector\Images\MurderbyNumbers200272420_f.jpg"
"Murder On The Orient Express","2017","114 mins","6.5","Crime; Drama; Mystery; Thriller","Vudu","No","","No","C:\Users\natha\OneDrive\Documents\Movie Collector\Images\MurderOnTheOrientExpress53505_f.jpg"
"The Music Man","1962","151 mins","7.7","Comedy; Family; Musical; Romance","Vudu","No","","No","C:\Users\natha\OneDrive\Documents\Movie Collector\Images\TheMusicMan196224827_f.jpg"
"Mutiny on the Bounty","1962","178 mins","7.2","Adventure; Drama; History; Romance","Vudu","No","","No","C:\Users\natha\OneDrive\Documents\Movie Collector\Images\MutinyontheBounty196253780_f.jpg"
"My Big Fat Greek Wedding","2002","95 mins","6.6","Comedy; Drama; Romance","Vudu","No","","No","C:\Users\natha\OneDrive\Documents\Movie Collector\Images\MyBigFatGreekWedding200272408_f.jpg"
"My Big Fat Greek Wedding 2","2016","94 mins","6.0","Comedy; Romance","Vudu","No","","No","C:\Users\natha\OneDrive\Documents\Movie Collector\Images\MyBigFatGreekWedding22069883_f.jpg"
"My Big Fat Greek Wedding 3","2023","92 mins","5.2","Comedy; Drama; Romance","Vudu","No","","No","C:\Users\natha\OneDrive\Documents\Movie Collector\Images\MyBigFatGreekWedding32069867_f.jpg"
"My Fair Lady","1964","170 mins","7.7","Drama; Family; Musical; Romance","Vudu","No","","No","C:\Users\natha\OneDrive\Documents\Movie Collector\Images\MyFairLady196421624_f.jpg"
"My Girl","1991","102 mins","6.9","Comedy; Drama; Family; Romance","Vudu","No","","No","C:\Users\natha\OneDrive\Documents\Movie Collector\Images\MyGirl1991610_f.jpg"
"My Wife And Kids: Season 1","2001","241 mins","6.9","Comedy; Family","Vudu","Yes","","No","C:\Users\natha\OneDrive\Documents\Movie Collector\Images\MyWifeAndKidsSeason12087863_f.jpg"
"My Wife and Kids: Season 2","2002","870 mins","6.9","Comedy; Family","Vudu","Yes","","No","C:\Users\natha\OneDrive\Documents\Movie Collector\Images\MyWifeandKidsSeason22087876_f.jpg"
"My Wife and Kids: Season 3","2002","810 mins","6.9","Comedy; Family","Vudu","Yes","","No","C:\Users\natha\OneDrive\Documents\Movie Collector\Images\MyWifeandKidsSeason32087883_f.jpg"
"My Wife and Kids: Season 4","2004","900 mins","6.9","Comedy; Family","Vudu","Yes","","No","C:\Users\natha\OneDrive\Documents\Movie Collector\Images\MyWifeandKidsSeason42087892_f.jpg"
"My Wife and Kids: Season 5","2004","780 mins","6.9","Comedy; Family","Vudu","Yes","","No","C:\Users\natha\OneDrive\Documents\Movie Collector\Images\MyWifeandKidsSeason52087899_f.jpg"
"Mystic River","2003","138 mins","7.9","Crime; Drama; Mystery; Thriller","Vudu","No","","No","C:\Users\natha\OneDrive\Documents\Movie Collector\Images\MysticRiver200324385_f.jpg"
"Nacho Libre","2006","92 mins","5.9","Comedy; Family; Sports","Vudu","No","","No","C:\Users\natha\OneDrive\Documents\Movie Collector\Images\NachoLibre200621593_f.jpg"
"The Naked Gun","2025","85 mins","6.4","Action; Comedy; Crime","Vudu","No","","No","C:\Users\natha\OneDrive\Documents\Movie Collector\Images\TheNakedGun202567314PCXA_f.jpg"
"The Naked Gun 2½: The Smell of Fear","1991","85 mins","6.9","Comedy; Crime","Vudu","No","","No","C:\Users\natha\OneDrive\Documents\Movie Collector\Images\TheNakedGun2TheSmellof28286_f.jpg"
"Naked Gun 33 1/3: The Final Insult","1994","83 mins","6.5","Comedy; Crime","Vudu","No","","No","C:\Users\natha\OneDrive\Documents\Movie Collector\Images\NakedGun3313TheFinalIn28296_f.jpg"
"The Naked Gun: From the Files of Police Squad!","1988","85 mins","7.6","Comedy; Crime","Vudu","No","","No","C:\Users\natha\OneDrive\Documents\Movie Collector\Images\TheNakedGunFromtheFiles28268_f.jpg"
"Nanny McPhee","2005","97 mins","6.6","Comedy; Family; Fantasy","Vudu","No","","No","C:\Users\natha\OneDrive\Documents\Movie Collector\Images\NannyMcPhee200521638_f.jpg"
"Napoleon Dynamite","2004","94 mins","7.0","Comedy","Vudu","No","2009","No","C:\Users\natha\OneDrive\Documents\Movie Collector\Images\NapoleonDynamite200476030_f.jpg"
"Nashville","1975","160 mins","7.6","Comedy; Drama; Music","Vudu","No","","No","C:\Users\natha\OneDrive\Documents\Movie Collector\Images\Nashville197592185_f.jpg"
"Nate Bargatze: Full Time Magic","2015","64 mins","7.7","Comedy","Vudu","No","","No","C:\Users\natha\OneDrive\Documents\Movie Collector\Images\NateBargatzeFullTimeMagic72725_f.jpg"
"National Geographic Kids: Really Wild Animals: Deep Sea Dive","1994","45 mins","0","Children; Family","DVD","No","2005","No","C:\Users\natha\OneDrive\Documents\Movie Collector\Images\NationalGeographicKidsReal317_f.jpg"
"National Lampoon's Christmas Vacation","1989","97 mins","7.5","Comedy","Vudu","No","","No","C:\Users\natha\OneDrive\Documents\Movie Collector\Images\NationalLampoonsChristmasV21613_f.jpg"
"National Treasure","2004","131 mins","6.9","Action; Adventure; Mystery; Thriller","Vudu","No","","No","C:\Users\natha\OneDrive\Documents\Movie Collector\Images\NationalTreasure200444517_f.jpg"
"National Treasure: Book Of Secrets","2007","124 mins","6.5","Action; Adventure; Mystery; Thriller","Vudu","No","","No","C:\Users\natha\OneDrive\Documents\Movie Collector\Images\NationalTreasureBookOfSec28735_f.jpg"
"The Nativity Story","2006","101 mins","6.8","Drama; Family","Vudu","No","2007","No","C:\Users\natha\OneDrive\Documents\Movie Collector\Images\TheNativityStory200640910_f.jpg"
"The Natural","1984","138 mins","7.4","Drama; Sports","Vudu","No","","No","C:\Users\natha\OneDrive\Documents\Movie Collector\Images\TheNatural198421516_f.jpg"
"Natural Born Killers","1994","119 mins","7.2","Action; Crime; Romance","Vudu","No","","No","C:\Users\natha\OneDrive\Documents\Movie Collector\Images\NaturalBornKillers199453751_f.jpg"
"Need For Speed","2014","130 mins","6.4","Action; Crime; Drama; Thriller","Vudu","No","2014","No","C:\Users\natha\OneDrive\Documents\Movie Collector\Images\NeedForSpeed201428542_f.jpg"
"The Negotiator","1998","134 mins","7.3","Action; Mystery; Thriller","Vudu","No","1998","No","C:\Users\natha\OneDrive\Documents\Movie Collector\Images\TheNegotiator199840920_f.jpg"
"Neighbors","1981","94 mins","5.5","Comedy","Vudu","No","","No","C:\Users\natha\OneDrive\Documents\Movie Collector\Images\Neighbors198143772_f.jpg"
"Nerve","2016","96 mins","6.5","Action; Adventure; Crime; Drama; Thriller","Vudu","No","","No","C:\Users\natha\OneDrive\Documents\Movie Collector\Images\Nerve201654198_f.jpg"
"The Net","1995","114 mins","6.0","Action; Crime; Drama; Mystery; Thriller","Vudu","No","1997","No","C:\Users\natha\OneDrive\Documents\Movie Collector\Images\TheNet199540928_f.jpg"
"The Net 2.0","2006","93 mins","4.6","Crime; Drama; Mystery; Thriller","Vudu","No","","No","C:\Users\natha\OneDrive\Documents\Movie Collector\Images\TheNet20200641226_f.jpg"
"The Neverending Story","1984","102 mins","7.3","Adventure; Drama; Family; Fantasy","Vudu","No","","No","C:\Users\natha\OneDrive\Documents\Movie Collector\Images\TheNeverendingStory198478839_f.jpg"
"The New Mutants","2020","94 mins","5.3","Action; Horror; Mystery; Science Fiction","Vudu","No","2020","No","C:\Users\natha\OneDrive\Documents\Movie Collector\Images\TheNewMutants202090325_f.jpg"
"Newsboys: Shine: The Hits Live: One Night In Pennsylvania","2000","90 mins","0","Music","DVD","No","2001","No","C:\Users\natha\OneDrive\Documents\Movie Collector\Images\NewsboysShineTheHitsLive69733_f.jpg"
"The Next Karate Kid","1994","107 mins","4.6","Action; Drama; Family; Romance; Sports","Vudu","No","","No","C:\Users\natha\OneDrive\Documents\Movie Collector\Images\TheNextKarateKid199453467_f.jpg"
"The Next Three Days","2010","133 mins","7.3","Action; Crime; Drama; Romance; Thriller","Vudu","No","","No","C:\Users\natha\OneDrive\Documents\Movie Collector\Images\TheNextThreeDays201057465_f.jpg"
"The Nice Guys","2016","116 mins","7.4","Action; Comedy; Crime; Thriller","Vudu","No","","No","C:\Users\natha\OneDrive\Documents\Movie Collector\Images\TheNiceGuys201687738R2QG_f.jpg"
"Nicholas Nickleby","2002","132 mins","7.1","Adventure; Drama; Romance","Vudu","No","","No","C:\Users\natha\OneDrive\Documents\Movie Collector\Images\NicholasNickleby200224249_f.jpg"
"Nicktoons: Christmas: Tales Of Good Tidings","2002","","0","Animation","DVD","No","2003","No","C:\Users\natha\OneDrive\Documents\Movie Collector\Images\NicktoonsChristmasTalesOf72818_f.jpg"
"Night At The Museum","2006","108 mins","6.5","Action; Comedy; Family; Fantasy","Vudu","No","2007","No","C:\Users\natha\OneDrive\Documents\Movie Collector\Images\NightAtTheMuseum200640940_f.jpg"
"Night At The Museum: Secret Of The Tomb","2014","98 mins","6.2","Adventure; Comedy; Family; Fantasy","Vudu","No","","No","C:\Users\natha\OneDrive\Documents\Movie Collector\Images\NightAtTheMuseumSecretOf28532_f.jpg"
"Night At The Museum: Battle Of The Smithsonian","2009","105 mins","6.0","Action; Adventure; Comedy","Vudu","No","2009","No","C:\Users\natha\OneDrive\Documents\Movie Collector\Images\NightAtTheMuseumBattleOf40944_f.jpg"
"Night Crossing","1982","107 mins","6.5","Drama; Family; History; Thriller","Vudu","No","","No","C:\Users\natha\OneDrive\Documents\Movie Collector\Images\NightCrossing198264084_f.jpg"
"Night of the Creeps","1986","88 mins","6.7","Comedy; Horror; Science Fiction","Vudu","No","","No","C:\Users\natha\OneDrive\Documents\Movie Collector\Images\NightoftheCreeps198643996_f.jpg"
"The Night of the Hunter","1955","92 mins","8.0","Crime; Drama; Film Noir; Thriller","Vudu","No","","No","C:\Users\natha\OneDrive\Documents\Movie Collector\Images\TheNightoftheHunter195524264_f.jpg"
"The Nightmare Before Christmas","1993","76 mins","7.9","Animation; Fantasy; Musical","Vudu","No","2010","No","C:\Users\natha\OneDrive\Documents\Movie Collector\Images\TheNightmareBeforeChristmas78264_f.jpg"
"A Nightmare on Elm Street","1984","91 mins","7.4","Horror","Vudu","No","","No","C:\Users\natha\OneDrive\Documents\Movie Collector\Images\ANightmareonElmStreet19853681_f.jpg"
"No Country For Old Men","2007","122 mins","8.2","Crime; Drama; Thriller","Vudu","No","","No","C:\Users\natha\OneDrive\Documents\Movie Collector\Images\NoCountryForOldMen200757125_f.jpg"
"Nobody 2","2025","89 mins","6.3","Action; Comedy; Crime; Thriller","Vudu","No","","No","C:\Users\natha\OneDrive\Documents\Movie Collector\Images\Nobody2202590273_f.jpg"
"Norm Of The North","2016","90 mins","3.4","Adventure; Animation; Comedy; Drama; Family","Vudu","No","","No","C:\Users\natha\OneDrive\Documents\Movie Collector\Images\NormOfTheNorth201675285_f.jpg"
"The Northman","2022","137 mins","7.0","Action; Adventure; Drama; Fantasy; History; Thriller","Vudu","No","","No","C:\Users\natha\OneDrive\Documents\Movie Collector\Images\TheNorthman202260763_f.jpg"
"The Notebook","2004","123 mins","7.8","Drama; Romance","Vudu","No","2005","No","C:\Users\natha\OneDrive\Documents\Movie Collector\Images\TheNotebook200478589_f.jpg"
"Notting Hill","1999","124 mins","7.2","Comedy; Drama; Romance","Vudu","No","","No","C:\Users\natha\OneDrive\Documents\Movie Collector\Images\NottingHill199960680_f.jpg"
"Nova: Why The Towers Fell","2002","56 mins","8.7","Documentary","DVD","No","2002","No","C:\Users\natha\OneDrive\Documents\Movie Collector\Images\NovaWhyTheTowersFell20078941_f.jpg"
"Now and Forever","1934","81 mins","6.5","Drama; Music; Romance","DVD","No","","No","C:\Users\natha\OneDrive\Documents\Movie Collector\Images\NowandForever193421232_f.jpg"
"Now You See Him, Now You Don't","1972","88 mins","6.2","Comedy; Family; Science Fiction","DVD","No","","No","C:\Users\natha\OneDrive\Documents\Movie Collector\Images\NowYouSeeHimNowYouDont21332_f.jpg"
"Now You See Me","2013","115 mins","7.2","Crime; Mystery; Thriller","Vudu","No","","No","C:\Users\natha\OneDrive\Documents\Movie Collector\Images\NowYouSeeMe201328692_f.jpg"
"Now You See Me 2","2016","129 mins","6.4","Action; Adventure; Comedy; Crime; Mystery; Thriller","Vudu","No","","No","C:\Users\natha\OneDrive\Documents\Movie Collector\Images\NowYouSeeMe2201628701_f.jpg"
"Now You See Me: Now You Don't","2025","113 mins","6.0","Crime; Thriller","","No","","No","C:\Users\natha\OneDrive\Documents\Movie Collector\Images\NowYouSeeMeNowYouDont94584_f.jpg"
"Anthem of a Teenage Prophet","2018","102 mins","5.4","Drama","Blu-ray","No","2018","No","C:\Users\natha\OneDrive\Documents\Movie Collector\Images\AnthemofaTeenageProphet221310_f.jpg"
"The Nun","2018","96 mins","5.4","Horror; Mystery; Thriller","Vudu","No","","No","C:\Users\natha\OneDrive\Documents\Movie Collector\Images\TheNun20186067_f.jpg"
"The Nutcracker in 3D","2010","110 mins","4.1","Action; Family; Fantasy; Musical","DVD","No","2016","No","C:\Users\natha\OneDrive\Documents\Movie Collector\Images\TheNutcrackerin3D201034860_f.jpg"
"The Nutty Professor","1963","107 mins","6.6","Comedy; Romance; Science Fiction","Vudu","No","","No","C:\Users\natha\OneDrive\Documents\Movie Collector\Images\TheNuttyProfessor196321444_f.jpg"
"The Nutty Professor","1996","95 mins","5.7","Comedy; Romance; Science Fiction","Vudu","No","1998","No","C:\Users\natha\OneDrive\Documents\Movie Collector\Images\TheNuttyProfessor199678604_f.jpg"
"O Brother, Where Art Thou?","2000","107 mins","7.7","Adventure; Comedy; Crime; Music","Vudu","No","2001","No","C:\Users\natha\OneDrive\Documents\Movie Collector\Images\OBrotherWhereArtThou2037500_f.jpg"
"The Object of Beauty","1991","103 mins","5.6","Comedy; Crime; Drama","Vudu","No","","No","C:\Users\natha\OneDrive\Documents\Movie Collector\Images\TheObjectofBeauty199156674_f.jpg"
"Ocean's 8","2018","110 mins","6.3","Action; Comedy; Crime; Thriller","Vudu","No","","No","C:\Users\natha\OneDrive\Documents\Movie Collector\Images\Oceans8201828053_f.jpg"
"Ocean's Eleven","2001","116 mins","7.7","Crime; Thriller","Vudu","No","","No","C:\Users\natha\OneDrive\Documents\Movie Collector\Images\OceansEleven200128067_f.jpg"
"Ocean's Twelve","2004","125 mins","6.5","Crime; Thriller","Vudu","No","","No","C:\Users\natha\OneDrive\Documents\Movie Collector\Images\OceansTwelve200428082_f.jpg"
"Ocean's Thirteen","2007","122 mins","6.9","Action; Crime; Thriller","Vudu","No","","No","C:\Users\natha\OneDrive\Documents\Movie Collector\Images\OceansThirteen200728092_f.jpg"
"Odds Against Tomorrow","1959","96 mins","7.4","Crime; Drama; Thriller","Vudu","No","","No","C:\Users\natha\OneDrive\Documents\Movie Collector\Images\OddsAgainstTomorrow195924283_f.jpg"
"Of Mice and Men","1992","115 mins","7.4","Drama; Western","Vudu","No","","No","C:\Users\natha\OneDrive\Documents\Movie Collector\Images\OfMiceandMen199224297_f.jpg"
"The Office: Season 1","2005","135 mins","9.0","Comedy","Vudu","Yes","","No","C:\Users\natha\OneDrive\Documents\Movie Collector\Images\TheOfficeSeason1200547706_f.jpg"
"The Office: Season 2","2005","477 mins","9.0","Comedy","Vudu","Yes","","No","C:\Users\natha\OneDrive\Documents\Movie Collector\Images\TheOfficeSeason2200547715_f.jpg"
"The Office: Season 3","2006","574 mins","9.0","Comedy","Vudu","Yes","","No","C:\Users\natha\OneDrive\Documents\Movie Collector\Images\TheOfficeSeason3200647719_f.jpg"
"The Office: Season 4","2007","404 mins","9.0","Comedy","Vudu","Yes","","No","C:\Users\natha\OneDrive\Documents\Movie Collector\Images\TheOfficeSeason4200747722_f.jpg"
"The Office: Season 5","2008","586 mins","9.0","Comedy","Vudu","Yes","","No","C:\Users\natha\OneDrive\Documents\Movie Collector\Images\TheOfficeSeason5200847725_f.jpg"
"The Office: Season 6","2009","604 mins","9.0","Comedy","Vudu","Yes","","No","C:\Users\natha\OneDrive\Documents\Movie Collector\Images\TheOfficeSeason6200947728_f.jpg"
"The Office: Season 7","2010","586 mins","9.0","Comedy","Vudu","Yes","","No","C:\Users\natha\OneDrive\Documents\Movie Collector\Images\TheOfficeSeason7201047730_f.jpg"
"The Office: Season 8","2011","530 mins","9.0","Comedy","Vudu","Yes","","No","C:\Users\natha\OneDrive\Documents\Movie Collector\Images\TheOfficeSeason8201147736_f.jpg"
"The Office: Season 9","2012","595 mins","9.0","Comedy","Vudu","Yes","","No","C:\Users\natha\OneDrive\Documents\Movie Collector\Images\TheOfficeSeason9201247741_f.jpg"
"Office Space","1999","90 mins","7.6","Comedy","Vudu","No","2009","No","C:\Users\natha\OneDrive\Documents\Movie Collector\Images\OfficeSpace199921531_f.jpg"
"An Officer and a Gentleman","1982","124 mins","7.1","Drama; Romance","Vudu","No","","No","C:\Users\natha\OneDrive\Documents\Movie Collector\Images\AnOfficerandaGentleman1921667_f.jpg"
"Old No. 587: The Great Train Robbery","2000","80 mins","5.4","Comedy; Drama; Family","DVD","No","","No","C:\Users\natha\OneDrive\Documents\Movie Collector\Images\OldNo587TheGreatTrainR21250_f.jpg"
"The Old Way","2023","95 mins","5.6","Action; Drama; Western","Vudu","No","","No","C:\Users\natha\OneDrive\Documents\Movie Collector\Images\TheOldWay202363670_f.jpg"
"Old Yeller","1957","84 mins","7.2","Adventure; Drama; Family; Western","Vudu","No","","No","C:\Users\natha\OneDrive\Documents\Movie Collector\Images\OldYeller195753276_f.jpg"
"Oliver & Company","1988","74 mins","6.6","Adventure; Animation; Comedy; Family; Musical","Vudu","No","1996","No","C:\Users\natha\OneDrive\Documents\Movie Collector\Images\OliverCompany198881386_f.jpg"
"Olympus Has Fallen","2013","119 mins","6.5","Action; Crime; Thriller","Vudu","No","2013","No","C:\Users\natha\OneDrive\Documents\Movie Collector\Images\OlympusHasFallenVUDU20140640_f.jpg"
"On Ice","1935","8 mins","7.2","Adventure; Animation; Comedy; Family","Vudu","No","","No","C:\Users\natha\OneDrive\Documents\Movie Collector\Images\OnIce193535313_f.jpg"
"Once Upon a Time in the West","1968","166 mins","8.5","Drama; Western","Vudu","No","","No","C:\Users\natha\OneDrive\Documents\Movie Collector\Images\OnceUponaTimeintheWest92241_f.jpg"
"The One","2001","87 mins","5.9","Action; Science Fiction; Thriller","Vudu","No","","No","C:\Users\natha\OneDrive\Documents\Movie Collector\Images\TheOne200160265_f.jpg"
"One And Only, Genuine, Original Family Band","1968","110 mins","6.3","Family","DVD; Vudu","No","2006","No","C:\Users\natha\OneDrive\Documents\Movie Collector\Images\OneAndOnlyGenuineOrigina34942_f.jpg"
"The One And Only, Genuine, Original Family Band","1968","110 mins","6.3","Comedy; Drama; Family; Musical; Western","Vudu","No","","No","C:\Users\natha\OneDrive\Documents\Movie Collector\Images\TheOneAndOnlyGenuineOri66698_f.jpg"
"One Flew Over the Cuckoo's Nest","1975","133 mins","8.6","Drama","Vudu","No","","No","C:\Users\natha\OneDrive\Documents\Movie Collector\Images\OneFlewOvertheCuckoosNes53887_f.jpg"
"Onward","2020","102 mins","7.4","Adventure; Animation; Comedy; Family; Fantasy","Vudu","No","","No","C:\Users\natha\OneDrive\Documents\Movie Collector\Images\Onward202035175_f.jpg"
"Open Season","2006","86 mins","6.1","Adventure; Animation; Comedy; Family","Vudu","No","","No","C:\Users\natha\OneDrive\Documents\Movie Collector\Images\OpenSeason200681532_f.jpg"
"Open Season 2","2008","76 mins","5.5","Adventure; Animation; Comedy; Family","Vudu","No","2009","No","C:\Users\natha\OneDrive\Documents\Movie Collector\Images\OpenSeason2200875556_f.jpg"
"Open Season 3","2010","75 mins","5.0","Adventure; Animation; Comedy; Family","Vudu","No","","No","C:\Users\natha\OneDrive\Documents\Movie Collector\Images\OpenSeason3201081525_f.jpg"
"Open Water","2003","79 mins","5.8","Adventure; Drama; Horror; Thriller","Vudu","No","","No","C:\Users\natha\OneDrive\Documents\Movie Collector\Images\OpenWater200387350JQ39_f.jpg"
"Operation Fortune: Ruse de Guerre","2023","114 mins","6.3","Action; Comedy; Thriller","Vudu","No","","No","C:\Users\natha\OneDrive\Documents\Movie Collector\Images\OperationFortuneRusedeGue878265OF5_f.jpg"
"Oppenheimer","2023","180 mins","8.3","Biography; Drama; History","Vudu","No","","No","C:\Users\natha\OneDrive\Documents\Movie Collector\Images\Oppenheimer20231073_f.jpg"
"Ordinary Angels","2024","118 mins","7.4","Drama","Vudu","No","","No","C:\Users\natha\OneDrive\Documents\Movie Collector\Images\OrdinaryAngels202424393_f.jpg"
"The Original Christmas Classics","1969","290 mins","8.4","Animation; Family","Blu-ray","No","2010","No","C:\Users\natha\OneDrive\Documents\Movie Collector\Images\TheOriginalChristmasClassic44829_f.jpg"
"The Original Kings of Comedy","2000","115 mins","6.8","Comedy","DVD","No","2001","No","C:\Users\natha\OneDrive\Documents\Movie Collector\Images\TheOriginalKingsofComedy66565_f.jpg"
"Oscar","1991","109 mins","6.5","Comedy; Crime","Vudu","No","","No","C:\Users\natha\OneDrive\Documents\Movie Collector\Images\Oscar199128768_f.jpg"
"Our Brand Is Crisis","2015","107 mins","6.1","Comedy; Drama","Vudu","No","","No","C:\Users\natha\OneDrive\Documents\Movie Collector\Images\OurBrandIsCrisis201587726HQYD_f.jpg"
"Out of Time","2003","105 mins","6.5","Crime; Drama; Mystery; Thriller","Vudu","No","","No","C:\Users\natha\OneDrive\Documents\Movie Collector\Images\OutofTime200324308_f.jpg"
"Outbreak","1995","127 mins","6.6","Action; Adventure; Drama; Thriller","Vudu","No","2008","No","C:\Users\natha\OneDrive\Documents\Movie Collector\Images\Outbreak199538271_f.jpg"
"Outcast","2014","99 mins","4.6","Action; Adventure; Thriller","Vudu","No","","No","C:\Users\natha\OneDrive\Documents\Movie Collector\Images\Outcast201463889_f.jpg"
"The Outsiders","1983","91 mins","7.0","Crime; Drama","Vudu","No","","No","C:\Users\natha\OneDrive\Documents\Movie Collector\Images\TheOutsiders198372385_f.jpg"
"Over The Hedge","2006","83 mins","6.7","Animation; Comedy; Drama; Family","Vudu","No","2006","No","C:\Users\natha\OneDrive\Documents\Movie Collector\Images\OverTheHedge200675568_f.jpg"
"Over The Top","1987","93 mins","5.8","Action; Adventure","Vudu","No","2009","No","C:\Users\natha\OneDrive\Documents\Movie Collector\Images\OverTheTop198776043_f.jpg"
"Overboard","2018","112 mins","6.0","Comedy; Romance","Vudu","No","","No","C:\Users\natha\OneDrive\Documents\Movie Collector\Images\Overboard201854158_f.jpg"
"Ozzy and Jack's World Detour: Season 1","2016","419 mins","8.4","Reality","Vudu","Yes","","No","C:\Users\natha\OneDrive\Documents\Movie Collector\Images\OzzyandJacksWorldDetour88082_f.jpg"
"Ozzy and Jack's World Detour: Season 2","2017","417 mins","8.4","Reality","Vudu","Yes","","No","C:\Users\natha\OneDrive\Documents\Movie Collector\Images\OzzyandJacksWorldDetour88093_f.jpg"
"Ozzy and Jack's World Detour: Season 3","2018","335 mins","8.4","Reality","Vudu","Yes","","No","C:\Users\natha\OneDrive\Documents\Movie Collector\Images\OzzyandJacksWorldDetour88097_f.jpg"
"Pacific Rim","2013","131 mins","6.9","Action; Adventure; Science Fiction","Vudu","No","2013","No","C:\Users\natha\OneDrive\Documents\Movie Collector\Images\PacificRim201372372_f.jpg"
"Pacific Rim: Uprising","2018","111 mins","5.6","Action; Adventure; Fantasy; Science Fiction","Vudu","No","","No","C:\Users\natha\OneDrive\Documents\Movie Collector\Images\PacificRimUprising201869764_f.jpg"
"Paddington","2014","95 mins","7.3","Animation; Children; Comedy; Family","Vudu","No","","No","C:\Users\natha\OneDrive\Documents\Movie Collector\Images\Paddington201469748_f.jpg"
"Paddington 2","2018","103 mins","7.8","Adventure; Animation; Comedy; Family; Fantasy","Vudu","No","","No","C:\Users\natha\OneDrive\Documents\Movie Collector\Images\Paddington2201872381_f.jpg"
"Paddington in Peru","2024","106 mins","6.6","Adventure; Animation; Comedy; Family; Mystery","Vudu","No","","No","C:\Users\natha\OneDrive\Documents\Movie Collector\Images\PaddingtoninPeru202464191_f.jpg"
"Pal Joey","1957","111 mins","6.6","Drama; Musical; Romance","Vudu","No","","No","C:\Users\natha\OneDrive\Documents\Movie Collector\Images\PalJoey195710239_f.jpg"
"Pan","2015","111 mins","5.7","Adventure; Comedy; Family; Fantasy","Blu-ray","No","2015","No","C:\Users\natha\OneDrive\Documents\Movie Collector\Images\Pan20155089_f.jpg"
"Pan's Labyrinth","2006","118 mins","8.2","Drama; Fantasy; War","Vudu","No","","No","C:\Users\natha\OneDrive\Documents\Movie Collector\Images\PansLabyrinth200624365_f.jpg"
"Paper Moon","1973","102 mins","8.1","Comedy; Crime; Drama","Vudu","No","","No","C:\Users\natha\OneDrive\Documents\Movie Collector\Images\PaperMoon197392159_f.jpg"
"Paper Towns","2015","109 mins","6.2","Adventure; Comedy; Drama; Mystery; Romance","Blu-ray","No","","No","C:\Users\natha\OneDrive\Documents\Movie Collector\Images\PaperTowns20155469_f.jpg"
"Paranormal Activity","2007","86 mins","6.3","Horror; Mystery","Vudu","No","","No","C:\Users\natha\OneDrive\Documents\Movie Collector\Images\ParanormalActivity200792069_f.jpg"
"Paranorman","2012","92 mins","7.0","Adventure; Animation; Comedy; Family; Fantasy; Mystery","Vudu","No","","No","C:\Users\natha\OneDrive\Documents\Movie Collector\Images\Paranorman201275754_f.jpg"
"Pardners","1956","90 mins","6.1","Comedy; Western","Vudu","No","","No","C:\Users\natha\OneDrive\Documents\Movie Collector\Images\Pardners195621505_f.jpg"
"The Parent Trap","1961","129 mins","7.2","Comedy; Family; Romance","Vudu","No","","No","C:\Users\natha\OneDrive\Documents\Movie Collector\Images\TheParentTrap196153176_f.jpg"
"Paris When It Sizzles","1964","110 mins","6.3","Comedy; Romance","Vudu","No","","No","C:\Users\natha\OneDrive\Documents\Movie Collector\Images\ParisWhenItSizzles19645427_f.jpg"
"Parks and Recreation: Season 1","2009","126 mins","8.6","Comedy","Vudu","Yes","","No","C:\Users\natha\OneDrive\Documents\Movie Collector\Images\ParksandRecreationSeason147296_f.jpg"
"Parks and Recreation: Season 2","2009","513 mins","8.6","Comedy","Vudu","Yes","","No","C:\Users\natha\OneDrive\Documents\Movie Collector\Images\ParksandRecreationSeason247311_f.jpg"
"Parks and Recreation: Season 3","2011","336 mins","8.6","Comedy","Vudu","Yes","","No","C:\Users\natha\OneDrive\Documents\Movie Collector\Images\ParksandRecreationSeason347323_f.jpg"
"Parks and Recreation: Season 4","2011","473 mins","8.6","Comedy","Vudu","Yes","","No","C:\Users\natha\OneDrive\Documents\Movie Collector\Images\ParksandRecreationSeason447330_f.jpg"
"Parks and Recreation: Season 5","2012","484 mins","8.6","Comedy","Vudu","Yes","","No","C:\Users\natha\OneDrive\Documents\Movie Collector\Images\ParksandRecreationSeason547336_f.jpg"
"Parks and Recreation: Season 6","2013","480 mins","8.6","Comedy","Vudu","Yes","","No","C:\Users\natha\OneDrive\Documents\Movie Collector\Images\ParksandRecreationSeason647343_f.jpg"
"Parks and Recreation: Season 7","2015","284 mins","8.6","Comedy","Vudu","Yes","","No","C:\Users\natha\OneDrive\Documents\Movie Collector\Images\ParksandRecreationSeason747347_f.jpg"
"The Party","1968","99 mins","7.4","Comedy","Vudu","No","","No","C:\Users\natha\OneDrive\Documents\Movie Collector\Images\TheParty196824324_f.jpg"
"A Passage to India","1984","164 mins","7.3","Adventure; Drama; History","Vudu","No","","No","C:\Users\natha\OneDrive\Documents\Movie Collector\Images\APassagetoIndia198437906_f.jpg"
"Passengers","2016","116 mins","7.0","Drama; Romance; Science Fiction; Thriller","Vudu","No","","No","C:\Users\natha\OneDrive\Documents\Movie Collector\Images\Passengers201643843_f.jpg"
"The Passion Of The Christ","2004","127 mins","7.3","Drama; History","Vudu","No","2004","No","C:\Users\natha\OneDrive\Documents\Movie Collector\Images\ThePassionOfTheChrist20078612_f.jpg"
"Pastime","1990","94 mins","6.6","Drama; Sports","DVD","No","","No","C:\Users\natha\OneDrive\Documents\Movie Collector\Images\Pastime199016836_f.jpg"
"Pathfinder","2007","99 mins","5.4","Action; Adventure; Drama; Thriller; War","Vudu","No","2007","No","C:\Users\natha\OneDrive\Documents\Movie Collector\Images\Pathfinder200753374_f.jpg"
"Paths of Glory","1957","88 mins","8.4","Drama; War","Vudu","No","","No","C:\Users\natha\OneDrive\Documents\Movie Collector\Images\PathsofGlory195724339_f.jpg"
"Patriot Games","1992","117 mins","6.9","Action; Thriller","Vudu","No","","No","C:\Users\natha\OneDrive\Documents\Movie Collector\Images\PatriotGames199231835_f.jpg"
"Patriots Day","2016","133 mins","7.3","Action; Crime; Drama; History; Thriller","Vudu","No","","No","C:\Users\natha\OneDrive\Documents\Movie Collector\Images\PatriotsDay201621429_f.jpg"
"Paul Blart: Mall Cop","2009","91 mins","5.3","Action; Comedy; Crime","Vudu","No","","No","C:\Users\natha\OneDrive\Documents\Movie Collector\Images\PaulBlartMallCop200928452_f.jpg"
"Paw Patrol: Season 1","2013","66 mins","6.1","Animation; Children; Family","DVD","Yes","2014","No","C:\Users\natha\OneDrive\Documents\Movie Collector\Images\PawPatrolSeason1201378960_f.jpg"
"PAW Patrol: The Movie","2021","88 mins","6.1","Adventure; Animation; Comedy; Family; Fantasy","Vudu","No","","No","C:\Users\natha\OneDrive\Documents\Movie Collector\Images\PAWPatrolTheMovie202172991_f.jpg"
"PAW Patrol: The Mighty Movie","2023","92 mins","5.9","Animation; Children","Vudu","No","","No","C:\Users\natha\OneDrive\Documents\Movie Collector\Images\PAWPatrolTheMightyMovie75603_f.jpg"
"The Peacemaker","1997","124 mins","6.0","Action; Drama; Thriller","Vudu","No","","No","C:\Users\natha\OneDrive\Documents\Movie Collector\Images\ThePeacemaker199741334_f.jpg"
"The Peanuts Movie","2015","88 mins","7.0","Adventure; Animation; Comedy; Family","Vudu","No","","No","C:\Users\natha\OneDrive\Documents\Movie Collector\Images\ThePeanutsMovie201575298_f.jpg"
"Peanuts: Be My Valentine, Charlie Brown","1975","30 mins","7.3","Animation","DVD","No","2002","No","C:\Users\natha\OneDrive\Documents\Movie Collector\Images\PeanutsBeMyValentineChar72790_f.jpg"
"It's The Great Pumpkin, Charlie Brown","1966","25 mins","8.1","Animation; Children; Family","Blu-ray","No","2010","No","C:\Users\natha\OneDrive\Documents\Movie Collector\Images\ItsTheGreatPumpkinCharli75833_f.jpg"
"Peggy Sue Got Married","1986","103 mins","6.4","Comedy; Drama; Fantasy; Romance","Vudu","No","","No","C:\Users\natha\OneDrive\Documents\Movie Collector\Images\PeggySueGotMarried198641449_f.jpg"
"Penguins Of Madagascar","2014","92 mins","6.6","Adventure; Animation; Comedy; Family","Vudu","No","2015","No","C:\Users\natha\OneDrive\Documents\Movie Collector\Images\PenguinsOfMadagascar201475241_f.jpg"
"The People vs. Larry Flynt","1996","130 mins","7.3","Biography; Drama","Vudu","No","","No","C:\Users\natha\OneDrive\Documents\Movie Collector\Images\ThePeoplevsLarryFlynt1924032_f.jpg"
"Percy Jackson & The Olympians: The Lightning Thief","2010","118 mins","5.9","Adventure; Comedy; Family; Fantasy","Vudu","No","2010","No","C:\Users\natha\OneDrive\Documents\Movie Collector\Images\PercyJacksonTheOlympians38427_f.jpg"
"Percy Jackson: Sea of Monsters","2013","106 mins","5.7","Adventure; Family; Fantasy","Vudu","No","","No","C:\Users\natha\OneDrive\Documents\Movie Collector\Images\PercyJacksonSeaofMonsters832_f.jpg"
"Perfect Game","2000","97 mins","4.8","Comedy; Family","Vudu","No","","No","C:\Users\natha\OneDrive\Documents\Movie Collector\Images\PerfectGame200031277_f.jpg"
"The Perfect Man","2005","100 mins","5.5","Comedy; Family; Romance","Vudu","No","","No","C:\Users\natha\OneDrive\Documents\Movie Collector\Images\ThePerfectMan200560688_f.jpg"
"The Perfect Storm","2000","130 mins","6.5","Action; Adventure; Drama; Thriller","Vudu","No","","No","C:\Users\natha\OneDrive\Documents\Movie Collector\Images\ThePerfectStorm200028341_f.jpg"
"Pet Sematary","2019","101 mins","5.7","Horror; Mystery; Thriller","Vudu","No","","No","C:\Users\natha\OneDrive\Documents\Movie Collector\Images\PetSematary201916858_f.jpg"
"Peter Pan","1953","77 mins","7.3","Animation; Family; Fantasy; Musical","Vudu","No","2013","No","C:\Users\natha\OneDrive\Documents\Movie Collector\Images\PeterPanVUDU195376056_f.jpg"
"Peter Rabbit","2018","95 mins","6.6","Action; Adventure; Animation; Family","Vudu","No","","No","C:\Users\natha\OneDrive\Documents\Movie Collector\Images\PeterRabbit201872700_f.jpg"
"Peter Rabbit 2: The Runaway","2021","93 mins","6.2","Adventure; Animation; Comedy; Crime; Drama; Family; Fantasy","Vudu","No","","No","C:\Users\natha\OneDrive\Documents\Movie Collector\Images\PeterRabbit2TheRunaway272638_f.jpg"
"Pete's Dragon","2016","102 mins","6.7","Adventure; Family; Fantasy","Vudu","No","","No","C:\Users\natha\OneDrive\Documents\Movie Collector\Images\PetesDragon20162222_f.jpg"
"Pete's Dragon","1977","88 mins","6.3","Animation; Family; Fantasy","Vudu","No","2012","No","C:\Users\natha\OneDrive\Documents\Movie Collector\Images\PetesDragon197738281_f.jpg"
"Pets to the Rescue","2002","95 mins","5.0","Comedy; Family","DVD","No","","No","C:\Users\natha\OneDrive\Documents\Movie Collector\Images\PetstotheRescue200217086_f.jpg"
"The Phantom Of The Opera","2004","143 mins","7.2","Drama; Musical; Romance","Vudu","No","2006","No","C:\Users\natha\OneDrive\Documents\Movie Collector\Images\ThePhantomOfTheOpera200438359_f.jpg"
"The Phantom Of The Opera At The Royal Albert Hall","2011","137 mins","8.8","Drama; Musical; Romance; Thriller","Vudu","No","","No","C:\Users\natha\OneDrive\Documents\Movie Collector\Images\ThePhantomOfTheOperaAtTh72484_f.jpg"
"Phineas And Ferb: The Movie","2011","77 mins","7.4","Adventure; Animation; Children; Comedy; Family","Vudu","No","2011","No","C:\Users\natha\OneDrive\Documents\Movie Collector\Images\PhineasAndFerbTheMovie275867_f.jpg"
"Phineas And Ferb: The Perry Files","2012","154 mins","0","Animation","DVD","No","2012","No","C:\Users\natha\OneDrive\Documents\Movie Collector\Images\PhineasAndFerbThePerryFi75882_f.jpg"
"Phone Booth","2002","81 mins","7.1","Crime; Thriller","Vudu","No","","No","C:\Users\natha\OneDrive\Documents\Movie Collector\Images\PhoneBooth200228304_f.jpg"
"Picnic","1955","115 mins","7.0","Drama; Romance","Vudu","No","","No","C:\Users\natha\OneDrive\Documents\Movie Collector\Images\Picnic195517028_f.jpg"
"Picture Perfect","1997","101 mins","5.5","Comedy; Drama; Romance","Vudu","No","","No","C:\Users\natha\OneDrive\Documents\Movie Collector\Images\PicturePerfect199764071_f.jpg"
"Piece By Piece","2024","93 mins","6.9","Animation; Biography; Comedy; Family; Musical","Vudu","No","","No","C:\Users\natha\OneDrive\Documents\Movie Collector\Images\PieceByPiece202481512_f.jpg"
"The Pink Panther: Season 1","1969","","0","Animation; Comedy; Family","Vudu","Yes","","No","C:\Users\natha\OneDrive\Documents\Movie Collector\Images\ThePinkPantherSeason11947537_f.jpg"
"The Pink Panther: Season 2","1969","","7.6","Animation; Comedy; Family","Vudu","Yes","","No","C:\Users\natha\OneDrive\Documents\Movie Collector\Images\ThePinkPantherSeason21947227_f.jpg"
"The Pink Panther: Season 3","1969","","7.8","Animation; Comedy; Family","Vudu","Yes","","No","C:\Users\natha\OneDrive\Documents\Movie Collector\Images\ThePinkPantherSeason31947237_f.jpg"
"The Pink Panther: Season 4","1969","","7.8","Animation; Comedy; Family","Vudu","Yes","","No","C:\Users\natha\OneDrive\Documents\Movie Collector\Images\ThePinkPantherSeason41947239_f.jpg"
"Pinocchio","2002","108 mins","4.3","Comedy; Family; Fantasy","DVD","No","","No","C:\Users\natha\OneDrive\Documents\Movie Collector\Images\Pinocchio200216746_f.jpg"
"Pinocchio","1940","88 mins","7.5","Action; Adventure; Animation; Family; Fantasy; Musical","Vudu","No","2009","No","C:\Users\natha\OneDrive\Documents\Movie Collector\Images\Pinocchio194076065_f.jpg"
"Pinocchio","2022","105 mins","5.1","Adventure; Comedy; Drama; Family; Fantasy; Musical","Vudu","No","","No","C:\Users\natha\OneDrive\Documents\Movie Collector\Images\Pinocchio202216885_f.jpg"
"Piranha 3D","2010","88 mins","5.5","Comedy; Horror","Vudu","No","","No","C:\Users\natha\OneDrive\Documents\Movie Collector\Images\Piranha3D2010875161UCO_f.jpg"
"Piranha 3DD","2012","83 mins","3.8","Comedy; Horror; Science Fiction; Thriller","Vudu","No","","No","C:\Users\natha\OneDrive\Documents\Movie Collector\Images\Piranha3DD20128752816O8_f.jpg"
"Pirates of Silicon Valley","1999","95 mins","7.2","Biography; Drama; History","DVD","No","2005","No","C:\Users\natha\OneDrive\Documents\Movie Collector\Images\PiratesofSiliconValley19972603_f.jpg"
"Pirates Of The Caribbean: The Curse Of The Black Pearl","2003","143 mins","8.1","Action; Adventure; Fantasy","Vudu","No","","No","C:\Users\natha\OneDrive\Documents\Movie Collector\Images\PiratesOfTheCaribbeanThe34317_f.jpg"
"Pirates Of The Caribbean: Dead Man's Chest","2006","151 mins","7.4","Action; Adventure; Fantasy","Vudu","No","","No","C:\Users\natha\OneDrive\Documents\Movie Collector\Images\PiratesOfTheCaribbeanDead34327_f.jpg"
"Pirates Of The Caribbean: At World's End","2007","169 mins","7.1","Action; Adventure; Fantasy","Vudu","No","","No","C:\Users\natha\OneDrive\Documents\Movie Collector\Images\PiratesOfTheCaribbeanAtW34330_f.jpg"
"Pirates Of The Caribbean: On Stranger Tides","2011","136 mins","6.6","Action; Adventure; Fantasy","Vudu","No","","No","C:\Users\natha\OneDrive\Documents\Movie Collector\Images\PiratesOfTheCaribbeanOnS34331_f.jpg"
"Pirates Of The Caribbean: Dead Men Tell No Tales","2017","129 mins","6.5","Action; Adventure; Fantasy","Vudu","No","","No","C:\Users\natha\OneDrive\Documents\Movie Collector\Images\PiratesOfTheCaribbeanDead34336_f.jpg"
"The Pirates! Band of Misfits","2012","88 mins","6.7","Adventure; Animation; Comedy; Family","Blu-ray","No","2012","No","C:\Users\natha\OneDrive\Documents\Movie Collector\Images\ThePiratesBandofMisfits34874_f.jpg"
"Pitch Perfect","2012","112 mins","7.1","Comedy; Music; Romance","Vudu","No","","No","C:\Users\natha\OneDrive\Documents\Movie Collector\Images\PitchPerfect201228556_f.jpg"
"Pitch Perfect 2","2015","115 mins","6.4","Comedy; Music","Vudu","No","2015","No","C:\Users\natha\OneDrive\Documents\Movie Collector\Images\PitchPerfect2201540662_f.jpg"
"Pitch Perfect 3","2017","93 mins","5.8","Comedy; Music","Vudu","No","","No","C:\Users\natha\OneDrive\Documents\Movie Collector\Images\PitchPerfect3201728614_f.jpg"
"Pixar Short Films Collection: Volume 1","2004","55 mins","8.1","Animation; Comedy","Blu-ray","No","2007","No","C:\Users\natha\OneDrive\Documents\Movie Collector\Images\PixarShortFilmsCollection75884_f.jpg"
"Pixar Short Films Collection: Volume 2","2012","75 mins","8.1","Animation; Comedy; Family","Blu-ray","No","2012","No","C:\Users\natha\OneDrive\Documents\Movie Collector\Images\PixarShortFilmsCollection75890_f.jpg"
"Pixar Short Films Collection: Volume 3","2018","76 mins","8.2","Adventure; Animation; Comedy; Family; Fantasy","Vudu","No","","No","C:\Users\natha\OneDrive\Documents\Movie Collector\Images\PixarShortFilmsCollection66686_f.jpg"
"Pixels","2015","106 mins","5.6","Action; Comedy; Family; Fantasy; Science Fiction","Vudu","No","","No","C:\Users\natha\OneDrive\Documents\Movie Collector\Images\Pixels20154511_f.jpg"
"A Place in the Sun","1951","122 mins","7.7","Drama; Romance","Vudu","No","","No","C:\Users\natha\OneDrive\Documents\Movie Collector\Images\APlaceintheSun195192277_f.jpg"
"Plane","2023","107 mins","6.5","Action; Adventure; Thriller","Vudu","No","","No","C:\Users\natha\OneDrive\Documents\Movie Collector\Images\Plane202378826_f.jpg"
"Planes","2013","91 mins","5.7","Adventure; Animation; Comedy; Family","Vudu","No","2013","No","C:\Users\natha\OneDrive\Documents\Movie Collector\Images\PlanesVUDU201378383_f.jpg"
"Planes, Trains & Automobiles","1987","93 mins","7.6","Comedy; Drama","Vudu","No","","No","C:\Users\natha\OneDrive\Documents\Movie Collector\Images\PlanesTrainsAutomobiles21494_f.jpg"
"Planes: Fire & Rescue","2014","83 mins","5.9","Adventure; Animation; Comedy; Family","Vudu","No","2014","No","C:\Users\natha\OneDrive\Documents\Movie Collector\Images\PlanesFireRescueVUDU78345_f.jpg"
"Planet of the Apes","1968","112 mins","8.0","Adventure; Science Fiction","Vudu","No","","No","C:\Users\natha\OneDrive\Documents\Movie Collector\Images\PlanetoftheApes196816903_f.jpg"
"Rise Of The Planet Of The Apes","2011","105 mins","7.6","Action; Drama; Horror; Science Fiction","Vudu","No","2014","No","C:\Users\natha\OneDrive\Documents\Movie Collector\Images\RiseOfThePlanetOfTheApes38431_f.jpg"
"Dawn Of The Planet Of The Apes","2014","130 mins","7.6","Action; Drama; Science Fiction; Thriller","Vudu","No","2014","No","C:\Users\natha\OneDrive\Documents\Movie Collector\Images\DawnOfThePlanetOfTheApes38438_f.jpg"
"War For The Planet Of The Apes","2017","140 mins","7.4","Action; Adventure; Drama; Science Fiction; Thriller; War","Vudu","No","","No","C:\Users\natha\OneDrive\Documents\Movie Collector\Images\WarForThePlanetOfTheApes31881_f.jpg"
"Playing with Fire","2019","96 mins","5.2","Comedy; Family","Vudu","No","","No","C:\Users\natha\OneDrive\Documents\Movie Collector\Images\PlayingwithFire201928203_f.jpg"
"Pocahontas","1995","81 mins","6.7","Adventure; Animation; Drama; Family; Musical; Romance","Vudu","No","","No","C:\Users\natha\OneDrive\Documents\Movie Collector\Images\Pocahontas199575728_f.jpg"
"Pocahontas / Pocahontas Ii","1995","154 mins","0","Animation; Family; Musical","Vudu","No","2012","No","C:\Users\natha\OneDrive\Documents\Movie Collector\Images\PocahontasPocahontasIi1976076_f.jpg"
"Pocketful of Miracles","1961","136 mins","7.1","Comedy; Drama","Vudu","No","","No","C:\Users\natha\OneDrive\Documents\Movie Collector\Images\PocketfulofMiracles196117043_f.jpg"
"Pokémon Detective Pikachu","2019","104 mins","6.5","Action; Adventure; Comedy; Family; Mystery; Science Fiction","Vudu","No","","No","C:\Users\natha\OneDrive\Documents\Movie Collector\Images\PokmonDetectivePikachu2012252_f.jpg"
"The Polar Express","2004","99 mins","6.6","Adventure; Animation; Family; Fantasy; Thriller","Vudu","No","2005","No","C:\Users\natha\OneDrive\Documents\Movie Collector\Images\ThePolarExpress200478627_f.jpg"
"Police Academy","1984","96 mins","6.7","Comedy","Vudu","No","","No","C:\Users\natha\OneDrive\Documents\Movie Collector\Images\PoliceAcademy198431102_f.jpg"
"Police Academy 2: Their First Assignment","1985","87 mins","5.8","Comedy","Vudu","No","","No","C:\Users\natha\OneDrive\Documents\Movie Collector\Images\PoliceAcademy2TheirFirst31038_f.jpg"
"Police Academy 3: Back in Training","1986","83 mins","5.4","Comedy","Vudu","No","","No","C:\Users\natha\OneDrive\Documents\Movie Collector\Images\PoliceAcademy3BackinTrai31084_f.jpg"
"Police Academy 4: Citizens on Patrol","1987","88 mins","5.0","Comedy; Crime","Vudu","No","","No","C:\Users\natha\OneDrive\Documents\Movie Collector\Images\PoliceAcademy4Citizenson31056_f.jpg"
"Police Academy 5: Assignment: Miami Beach","1988","90 mins","4.6","Comedy; Crime","Vudu","No","","No","C:\Users\natha\OneDrive\Documents\Movie Collector\Images\PoliceAcademy5Assignment31109_f.jpg"
"Police Academy 6: City Under Siege","1989","84 mins","4.4","Comedy; Crime","Vudu","No","","No","C:\Users\natha\OneDrive\Documents\Movie Collector\Images\PoliceAcademy6CityUnderS31065_f.jpg"
"Police Academy: Mission to Moscow","1994","83 mins","3.5","Comedy; Crime","Vudu","No","","No","C:\Users\natha\OneDrive\Documents\Movie Collector\Images\PoliceAcademyMissiontoMos31072_f.jpg"
"Pollyanna","1960","134 mins","7.4","Comedy; Drama; Family","Vudu","No","","No","C:\Users\natha\OneDrive\Documents\Movie Collector\Images\Pollyanna196017069_f.jpg"
"Pooh's Heffalump Movie","2005","68 mins","6.4","Adventure; Animation; Comedy; Family; Fantasy; Musical; Mystery","Vudu","No","","No","C:\Users\natha\OneDrive\Documents\Movie Collector\Images\PoohsHeffalumpMovie200566926_f.jpg"
"Pork Chop Hill","1959","97 mins","7.0","Drama; War","Vudu","No","","No","C:\Users\natha\OneDrive\Documents\Movie Collector\Images\PorkChopHill195917055_f.jpg"
"Postcards from the Edge","1990","101 mins","6.7","Comedy; Drama","Vudu","No","","No","C:\Users\natha\OneDrive\Documents\Movie Collector\Images\PostcardsfromtheEdge199017006_f.jpg"
"The Postman Always Rings Twice","1981","122 mins","6.6","Crime; Drama; Romance; Thriller","Vudu","No","","No","C:\Users\natha\OneDrive\Documents\Movie Collector\Images\ThePostmanAlwaysRingsTwice911164BYC_f.jpg"
"Practical Magic","1998","104 mins","6.4","Comedy; Drama; Fantasy; Romance","Vudu","No","","No","C:\Users\natha\OneDrive\Documents\Movie Collector\Images\PracticalMagic199854026_f.jpg"
"Precious","2009","110 mins","7.3","Drama","Vudu","No","","No","C:\Users\natha\OneDrive\Documents\Movie Collector\Images\Precious200916768_f.jpg"
"Predator","1987","107 mins","7.8","Action; Adventure; Horror; Science Fiction","Vudu","No","","No","C:\Users\natha\OneDrive\Documents\Movie Collector\Images\Predator19879033984E1_f.jpg"
"The Predator","2018","107 mins","5.3","Action; Adventure; Science Fiction; Thriller","Vudu","No","2018","No","C:\Users\natha\OneDrive\Documents\Movie Collector\Images\ThePredator201890358_f.jpg"
"Predator 2","1990","108 mins","6.3","Action; Horror; Science Fiction","Vudu","No","","No","C:\Users\natha\OneDrive\Documents\Movie Collector\Images\Predator21990903465J0E_f.jpg"
"Predators","2010","107 mins","6.4","Action; Adventure; Science Fiction; Thriller","Vudu","No","2018","No","C:\Users\natha\OneDrive\Documents\Movie Collector\Images\Predators201090351_f.jpg"
"Premium Rush","2012","91 mins","6.5","Action; Crime; Thriller","Vudu","No","","No","C:\Users\natha\OneDrive\Documents\Movie Collector\Images\PremiumRush201216987_f.jpg"
"Premonition","2007","96 mins","5.9","Drama; Fantasy; Mystery; Thriller","Vudu","No","","No","C:\Users\natha\OneDrive\Documents\Movie Collector\Images\Premonition200741212_f.jpg"
"Prep & Landing: Naughty Vs. Nice","2011","46 mins","7.3","Animation; Comedy; Family; Fantasy","Blu-ray","No","2012","No","C:\Users\natha\OneDrive\Documents\Movie Collector\Images\PrepLandingNaughtyVsNi44746_f.jpg"
"Pretty in Pink","1986","97 mins","6.7","Comedy; Drama; Romance","Vudu","No","","No","C:\Users\natha\OneDrive\Documents\Movie Collector\Images\PrettyinPink198616956_f.jpg"
"Pretty Woman","1990","119 mins","7.1","Comedy; Romance","Vudu","No","","No","C:\Users\natha\OneDrive\Documents\Movie Collector\Images\PrettyWoman199028118_f.jpg"
"Prey","2007","92 mins","4.7","Adventure; Drama; Horror; Science Fiction; Thriller","Vudu","No","","No","C:\Users\natha\OneDrive\Documents\Movie Collector\Images\Prey200787539DFFG_f.jpg"
"The Pride of the Yankees","1942","128 mins","7.6","Biography; Drama; Romance; Sports","","No","","No","C:\Users\natha\OneDrive\Documents\Movie Collector\Images\ThePrideoftheYankees194294016_f.jpg"
"Primal","2019","97 mins","4.9","Action; Thriller","Vudu","No","","No","C:\Users\natha\OneDrive\Documents\Movie Collector\Images\Primal201963741_f.jpg"
"Prime","2005","105 mins","6.2","Comedy; Drama; Romance","Vudu","No","","No","C:\Users\natha\OneDrive\Documents\Movie Collector\Images\Prime200560702_f.jpg"
"The Prince","2014","93 mins","4.6","Action; Thriller","Vudu","No","","No","C:\Users\natha\OneDrive\Documents\Movie Collector\Images\ThePrince201416923_f.jpg"
"The Prince & The Pauper","1990","54 mins","7.1","Adventure; Animation; Children","Vudu","No","1992","No","C:\Users\natha\OneDrive\Documents\Movie Collector\Images\ThePrinceThePauper199053169_f.jpg"
"The Prince Of Egypt","1998","99 mins","7.2","Animation; Drama; Family; Musical","Vudu","No","1999","No","C:\Users\natha\OneDrive\Documents\Movie Collector\Images\ThePrinceOfEgypt199878644_f.jpg"
"The Princess And The Frog","2009","97 mins","7.2","Animation; Family; Musical","Vudu","No","2010","No","C:\Users\natha\OneDrive\Documents\Movie Collector\Images\ThePrincessAndTheFrog20078653_f.jpg"
"The Princess Bride","1987","98 mins","8.0","Action; Comedy; Family; Fantasy","Vudu","No","2000","No","C:\Users\natha\OneDrive\Documents\Movie Collector\Images\ThePrincessBride198738372_f.jpg"
"The Princess Diaries 2: Royal Engagement","2004","113 mins","5.9","Comedy; Family; Romance","Vudu","No","2004","No","C:\Users\natha\OneDrive\Documents\Movie Collector\Images\ThePrincessDiaries2Royal44423_f.jpg"
"The Principal","1987","109 mins","6.3","Action; Crime; Drama; Thriller","Vudu","No","","No","C:\Users\natha\OneDrive\Documents\Movie Collector\Images\ThePrincipal198741508_f.jpg"
"The Professionals","1966","117 mins","7.3","Action; Adventure; Western","Vudu","No","","No","C:\Users\natha\OneDrive\Documents\Movie Collector\Images\TheProfessionals196617017_f.jpg"
"Project: ALF","1996","95 mins","5.4","Comedy; Family; Science Fiction","Vudu","No","","No","C:\Users\natha\OneDrive\Documents\Movie Collector\Images\ProjectALF19962270_f.jpg"
"Prometheus","2012","118 mins","7.0","Adventure; Mystery; Science Fiction","Vudu","No","","No","C:\Users\natha\OneDrive\Documents\Movie Collector\Images\Prometheus201216938_f.png"
"The Protégé","2021","109 mins","6.1","Action; Thriller","Vudu","No","","No","C:\Users\natha\OneDrive\Documents\Movie Collector\Images\TheProtg202157478_f.jpg"
"Proud Mary","2018","89 mins","5.1","Action; Crime; Drama; Thriller","Vudu","No","","No","C:\Users\natha\OneDrive\Documents\Movie Collector\Images\ProudMary201860280_f.jpg"
"Psycho","1960","109 mins","8.5","Horror; Mystery; Thriller","Vudu","No","","No","C:\Users\natha\OneDrive\Documents\Movie Collector\Images\Psycho196016875_f.jpg"
"Psycho II","1983","113 mins","6.6","Crime; Horror; Mystery; Thriller","DVD","No","","No","C:\Users\natha\OneDrive\Documents\Movie Collector\Images\PsychoII198316788_f.jpg"
"Psycho III","1986","93 mins","5.5","Horror; Mystery; Thriller","DVD","No","","No","C:\Users\natha\OneDrive\Documents\Movie Collector\Images\PsychoIII198616805_f.jpg"
"Psycho IV: The Beginning","1990","96 mins","5.4","Horror; Mystery; Thriller","DVD","No","","No","C:\Users\natha\OneDrive\Documents\Movie Collector\Images\PsychoIVTheBeginning199016819_f.png"
"Pulp Fiction","1994","154 mins","8.8","Crime; Drama","Vudu","No","","No","C:\Users\natha\OneDrive\Documents\Movie Collector\Images\PulpFiction199491140Z860_f.jpg"
"Pumping Iron","1977","86 mins","7.3","Documentary; Sports","Vudu","No","","No","C:\Users\natha\OneDrive\Documents\Movie Collector\Images\PumpingIron197756565_f.jpg"
"Punchline","1988","128 mins","5.9","Comedy; Drama; Romance","Vudu","No","","No","C:\Users\natha\OneDrive\Documents\Movie Collector\Images\Punchline198844137_f.jpg"
"Punky Brewster (Mill Creek Entertainment): Turn My World Around","","","0","Comedy; Family","DVD","No","","No","C:\Users\natha\OneDrive\Documents\Movie Collector\Images\PunkyBrewsterMillCreekEnt318_f.jpg"
"Purple Rain","1984","111 mins","6.5","Drama; Music; Romance","Vudu","No","","No","C:\Users\natha\OneDrive\Documents\Movie Collector\Images\PurpleRain198453900_f.jpg"
"The Pursuit of Happyness","2006","117 mins","8.0","Biography; Drama","Vudu","No","2007","No","C:\Users\natha\OneDrive\Documents\Movie Collector\Images\ThePursuitofHappyness200616972_f.jpg"
"Puss in Boots","2011","90 mins","6.6","Action; Adventure; Animation; Comedy; Family; Fantasy; Mystery","Vudu","No","2012","No","C:\Users\natha\OneDrive\Documents\Movie Collector\Images\PussinBoots201172974_f.jpg"
"Puss In Boots: The Last Wish","2023","100 mins","7.8","Action; Adventure; Animation; Comedy; Family; Fantasy; Mystery; Romance","Vudu","No","","No","C:\Users\natha\OneDrive\Documents\Movie Collector\Images\PussInBootsTheLastWish73160_f.jpg"
"The Quick and the Dead","1995","108 mins","6.5","Action; Romance; Thriller; Western","Vudu","No","","No","C:\Users\natha\OneDrive\Documents\Movie Collector\Images\TheQuickandtheDead199517186_f.jpg"
"The Quiet Man","1952","129 mins","7.7","Comedy; Drama; Romance","Vudu","No","","No","C:\Users\natha\OneDrive\Documents\Movie Collector\Images\TheQuietMan195292294_f.jpg"
"A Quiet Place","2018","90 mins","7.5","Drama; Horror; Science Fiction","Vudu","No","","No","C:\Users\natha\OneDrive\Documents\Movie Collector\Images\AQuietPlace20182245_f.jpg"
"A Quiet Place Part II","2020","98 mins","7.2","Drama; Horror; Science Fiction; Thriller","Vudu","No","","No","C:\Users\natha\OneDrive\Documents\Movie Collector\Images\AQuietPlacePartII20202202_f.jpg"
"A Quiet Place: Day One","2024","99 mins","6.3","Drama; Horror; Science Fiction; Thriller","Vudu","No","","No","C:\Users\natha\OneDrive\Documents\Movie Collector\Images\AQuietPlaceDayOne202437423_f.jpg"
"Quigley Down Under","1990","119 mins","6.9","Action; Adventure; Drama; Romance; Western","Vudu","No","","No","C:\Users\natha\OneDrive\Documents\Movie Collector\Images\QuigleyDownUnder199017364_f.jpg"
"Race to Witch Mountain","2009","98 mins","5.7","Action; Adventure; Family; Fantasy; Science Fiction; Thriller","Vudu","No","","No","C:\Users\natha\OneDrive\Documents\Movie Collector\Images\RacetoWitchMountain200956950_f.jpg"
"Radio Flyer","1992","114 mins","6.9","Drama","Vudu","No","","No","C:\Users\natha\OneDrive\Documents\Movie Collector\Images\RadioFlyer199217287_f.jpg"
"Raging Bull","1980","129 mins","8.1","Biography; Drama; Sports","Vudu","No","","No","C:\Users\natha\OneDrive\Documents\Movie Collector\Images\RagingBull198017349_f.jpg"
"Rain Man","1988","133 mins","8.0","Drama","Vudu","No","","No","C:\Users\natha\OneDrive\Documents\Movie Collector\Images\RainMan198831243_f.jpg"
"Raise Your Voice","2004","103 mins","5.8","Family; Music; Musical; Romance","Vudu","No","2005","No","C:\Users\natha\OneDrive\Documents\Movie Collector\Images\RaiseYourVoice200417108_f.jpg"
"A Raisin in the Sun","1961","128 mins","8.0","Drama","Vudu","No","","No","C:\Users\natha\OneDrive\Documents\Movie Collector\Images\ARaisinintheSun196117305_f.jpg"
"Ralph Breaks The Internet","2018","112 mins","7.0","Adventure; Animation; Comedy; Family; Fantasy; Science Fiction","Vudu","No","","No","C:\Users\natha\OneDrive\Documents\Movie Collector\Images\RalphBreaksTheInternet20135155_f.jpg"
"First Blood","1982","93 mins","7.7","Action; Adventure","Vudu","No","1998","No","C:\Users\natha\OneDrive\Documents\Movie Collector\Images\FirstBlood198237470_f.jpg"
"Rambo: First Blood Part II","1985","97 mins","6.5","Action; Adventure; War","Vudu","No","1998","No","C:\Users\natha\OneDrive\Documents\Movie Collector\Images\RamboFirstBloodPartII1931116_f.jpg"
"Rambo III","1988","102 mins","5.8","Action; Adventure; War","Vudu","No","1998","No","C:\Users\natha\OneDrive\Documents\Movie Collector\Images\RamboIII198831132_f.jpg"
"Rambo: The Fight Continues","2008","92 mins","7.0","Action; Thriller","Vudu","No","","No","C:\Users\natha\OneDrive\Documents\Movie Collector\Images\RamboTheFightContinues2028637_f.jpg"
"Rambo: Last Blood","2019","89 mins","6.1","Action; Thriller","Vudu","No","","No","C:\Users\natha\OneDrive\Documents\Movie Collector\Images\RamboLastBlood201928240_f.jpg"
"Rampage","2018","107 mins","6.1","Action; Adventure; Science Fiction","Vudu","No","","No","C:\Users\natha\OneDrive\Documents\Movie Collector\Images\Rampage201881641_f.jpg"
"Random Hearts","1999","133 mins","5.4","Drama; Mystery; Romance","Vudu","No","","No","C:\Users\natha\OneDrive\Documents\Movie Collector\Images\RandomHearts199943808_f.jpg"
"Rango","2011","107 mins","7.3","Adventure; Animation; Comedy; Family; Western","Vudu","No","","No","C:\Users\natha\OneDrive\Documents\Movie Collector\Images\Rango201135200_f.jpg"
"Ransom","1996","122 mins","6.7","Crime; Drama; Thriller","VHS","No","1997","No","C:\Users\natha\OneDrive\Documents\Movie Collector\Images\Ransom199628504_f.jpg"
"Rascal","1969","85 mins","6.3","Adventure; Drama; Family","DVD","No","","No","C:\Users\natha\OneDrive\Documents\Movie Collector\Images\Rascal196917150_f.jpg"
"Ratatouille","2007","111 mins","8.1","Animation; Comedy; Family","Vudu","No","2011","No","C:\Users\natha\OneDrive\Documents\Movie Collector\Images\Ratatouille200778172_f.jpg"
"Ray","2004","152 mins","7.7","Biography; Drama; Music","Vudu","No","","No","C:\Users\natha\OneDrive\Documents\Movie Collector\Images\Ray200417253_f.jpg"
"Raya and the Last Dragon","2021","107 mins","7.3","Action; Adventure; Animation; Comedy; Family; Fantasy","Vudu","No","","No","C:\Users\natha\OneDrive\Documents\Movie Collector\Images\RayaandtheLastDragon202173019_f.jpg"
"The Razor's Edge","1984","128 mins","6.4","Drama; Romance; War","Vudu","No","","No","C:\Users\natha\OneDrive\Documents\Movie Collector\Images\TheRazorsEdge198444174_f.jpg"
"Razortooth","2007","92 mins","3.6","Action; Adventure; Comedy; Horror; Science Fiction; Thriller","Vudu","No","","No","C:\Users\natha\OneDrive\Documents\Movie Collector\Images\Razortooth200787559_f.jpg"
"Ready Player One","2018","140 mins","7.4","Action; Adventure; Science Fiction","Vudu","No","","No","C:\Users\natha\OneDrive\Documents\Movie Collector\Images\ReadyPlayerOne201869756_f.jpg"
"Reagan","2024","141 mins","6.1","Biography; Drama; History","Vudu","No","","No","C:\Users\natha\OneDrive\Documents\Movie Collector\Images\Reagan202456975_f.jpg"
"Real Genius","1985","108 mins","6.9","Comedy; Romance; Science Fiction","Vudu","No","","No","C:\Users\natha\OneDrive\Documents\Movie Collector\Images\RealGenius198537596_f.jpg"
"Reap What You Sew: An Aurora Teagarden Mystery","2018","84 mins","6.8","","","No","","No","C:\Users\natha\OneDrive\Documents\Movie Collector\Images\ReapWhatYouSewAnAuroraT94757_f.jpg"
"Rear Window","1954","112 mins","8.5","Mystery; Thriller","Vudu","No","","No","C:\Users\natha\OneDrive\Documents\Movie Collector\Images\RearWindow195434611_f.jpg"
"Reasonable Doubt","2014","91 mins","5.7","Crime; Drama; Mystery; Thriller","Vudu","No","","No","C:\Users\natha\OneDrive\Documents\Movie Collector\Images\ReasonableDoubt201491001VWB5_f.jpg"
"Rebecca of Sunnybrook Farm","1938","81 mins","7.0","Comedy; Drama; Family; Musical; Romance","Vudu","No","","No","C:\Users\natha\OneDrive\Documents\Movie Collector\Images\RebeccaofSunnybrookFarm1917396_f.jpg"
"Rebel Without a Cause","1955","111 mins","7.6","Drama","Vudu","No","","No","C:\Users\natha\OneDrive\Documents\Movie Collector\Images\RebelWithoutaCause195553967_f.jpg"
"Recess: School's Out","2001","84 mins","6.5","Animation; Comedy; Family","Vudu","No","2001","No","C:\Users\natha\OneDrive\Documents\Movie Collector\Images\RecessSchoolsOut200181473_f.jpg"
"Red","2010","111 mins","7.0","Action; Comedy; Crime","Vudu","No","2011","No","C:\Users\natha\OneDrive\Documents\Movie Collector\Images\Red201028518_f.jpg"
"Red 2","2013","116 mins","6.6","Action; Comedy","Vudu","No","2013","No","C:\Users\natha\OneDrive\Documents\Movie Collector\Images\Red2201328526_f.jpg"
"Red Heat","1988","104 mins","6.1","Action; Comedy; Crime; Thriller","Vudu","No","","No","C:\Users\natha\OneDrive\Documents\Movie Collector\Images\RedHeat198857378_f.jpg"
"Red One","2024","123 mins","6.2","Action; Adventure; Comedy; Fantasy; Mystery","Vudu","No","","No","C:\Users\natha\OneDrive\Documents\Movie Collector\Images\RedOne202460456_f.jpg"
"Red River","1948","133 mins","7.7","Drama; Western","Vudu","No","","No","C:\Users\natha\OneDrive\Documents\Movie Collector\Images\RedRiver194817382_f.jpg"
"The Red Violin","1998","130 mins","7.6","Drama; Music; Mystery; Romance","Vudu","No","","No","C:\Users\natha\OneDrive\Documents\Movie Collector\Images\TheRedViolin1998910258L29_f.jpg"
"Redemption","2013","100 mins","6.2","Action; Drama","Vudu","No","","No","C:\Users\natha\OneDrive\Documents\Movie Collector\Images\Redemption201357317_f.jpg"
"The Reef","2006","77 mins","4.1","Animation; Family","DVD","No","2007","No","C:\Users\natha\OneDrive\Documents\Movie Collector\Images\TheReef200634831_f.jpg"
"Remember the Titans","2000","113 mins","7.8","Biography; Comedy; Drama; Sports","Vudu","No","","No","C:\Users\natha\OneDrive\Documents\Movie Collector\Images\RemembertheTitans200067327JST0_f.jpg"
"Rendition","2007","122 mins","6.8","Drama; Thriller","Vudu","No","","No","C:\Users\natha\OneDrive\Documents\Movie Collector\Images\Rendition200717239_f.jpg"
"The Replacement Killers","1998","87 mins","6.1","Action; Crime; Thriller","Vudu","No","","No","C:\Users\natha\OneDrive\Documents\Movie Collector\Images\TheReplacementKillers199843985_f.jpg"
"Replicas","2018","107 mins","5.5","Action; Drama; Science Fiction; Thriller","Vudu","No","","No","C:\Users\natha\OneDrive\Documents\Movie Collector\Images\Replicas201857386_f.jpg"
"Requiem for a Heavyweight","1962","95 mins","7.8","Drama; Sports","Vudu","No","","No","C:\Users\natha\OneDrive\Documents\Movie Collector\Images\RequiemforaHeavyweight19644235_f.jpg"
"The Requin","2022","89 mins","2.6","Horror; Thriller","Vudu","No","","No",""
"The Rescuers","1977","78 mins","6.9","Adventure; Animation; Comedy; Family; Fantasy","Vudu","No","","No","C:\Users\natha\OneDrive\Documents\Movie Collector\Images\TheRescuers197735188_f.jpg"
"Rescuers / The Rescuers: Down Under","1977","78 mins","0","Animation; Children; Family","Vudu","No","2012","No","C:\Users\natha\OneDrive\Documents\Movie Collector\Images\RescuersTheRescuersDown38031_f.jpg"
"Resident Evil: Apocalypse","2004","94 mins","6.1","Action; Horror; Science Fiction; Thriller","Vudu","No","","No","C:\Users\natha\OneDrive\Documents\Movie Collector\Images\ResidentEvilApocalypse20017227_f.jpg"
"Resident Evil: Degeneration","2008","97 mins","6.4","Action; Animation; Horror; Science Fiction; Thriller","DVD","No","","No","C:\Users\natha\OneDrive\Documents\Movie Collector\Images\ResidentEvilDegeneration217128_f.jpg"
"Resident Evil: Extinction","2007","94 mins","6.2","Action; Horror; Science Fiction","Vudu","No","","No","C:\Users\natha\OneDrive\Documents\Movie Collector\Images\ResidentEvilExtinction20017213_f.jpg"
"Resident Evil: Vendetta","2017","97 mins","6.2","Action; Adventure; Animation; Horror; Mystery; Science Fiction","Vudu","No","","No","C:\Users\natha\OneDrive\Documents\Movie Collector\Images\ResidentEvilVendetta201717166_f.jpg"
"Retribution","2023","91 mins","5.3","Action; Thriller","Vudu","No","","No","C:\Users\natha\OneDrive\Documents\Movie Collector\Images\Retribution202357402_f.jpg"
"Return From Witch Mountain","1978","95 mins","5.7","Adventure; Family; Fantasy; Science Fiction","Vudu","No","","No","C:\Users\natha\OneDrive\Documents\Movie Collector\Images\ReturnFromWitchMountain1941301_f.jpg"
"The Return Of Jafar","1994","66 mins","5.8","Animation; Family; Fantasy; Musical","Vudu","No","1994","No","C:\Users\natha\OneDrive\Documents\Movie Collector\Images\TheReturnOfJafar199481355_f.jpg"
"Revolutionary Road","2008","119 mins","7.3","Drama; Romance","Vudu","No","","No","C:\Users\natha\OneDrive\Documents\Movie Collector\Images\RevolutionaryRoad200817407_f.jpg"
"Richie Rich","1994","95 mins","5.5","Comedy; Family","Vudu","No","","No","C:\Users\natha\OneDrive\Documents\Movie Collector\Images\RichieRich199460148_f.jpg"
"Riddick","2013","119 mins","6.4","Action; Adventure; Science Fiction; Thriller","Vudu","No","","No","C:\Users\natha\OneDrive\Documents\Movie Collector\Images\Riddick201317197_f.jpg"
"Ride Lonesome","1959","73 mins","7.1","Western","Vudu","No","","No","C:\Users\natha\OneDrive\Documents\Movie Collector\Images\RideLonesome195917335_f.jpg"
"The Right Stuff","1983","193 mins","7.8","Adventure; Biography; Drama; History","Vudu","No","","No","C:\Users\natha\OneDrive\Documents\Movie Collector\Images\TheRightStuff198328333_f.jpg"
"Righteous Kill","2008","101 mins","6.0","Crime; Mystery; Thriller","Vudu","No","","No","C:\Users\natha\OneDrive\Documents\Movie Collector\Images\RighteousKill200857417_f.jpg"
"Rio","2011","96 mins","6.9","Adventure; Animation; Comedy","Vudu","No","2011","No","C:\Users\natha\OneDrive\Documents\Movie Collector\Images\Rio201178193_f.jpg"
"Rio 2","2014","102 mins","6.3","Adventure; Animation; Comedy; Family","Vudu","No","2014","No","C:\Users\natha\OneDrive\Documents\Movie Collector\Images\Rio2VUDU201478348_f.jpg"
"Rise Of The Guardians","2012","97 mins","7.2","Adventure; Animation; Family","Vudu","No","2012","No","C:\Users\natha\OneDrive\Documents\Movie Collector\Images\RiseOfTheGuardiansVUDU78199_f.jpg"
"Risen","2016","107 mins","6.3","Action; Drama; History; Mystery","","No","","No","C:\Users\natha\OneDrive\Documents\Movie Collector\Images\Risen201694095_f.jpg"
"Risky Business","1983","99 mins","6.8","Comedy; Crime; Drama; Romance","Vudu","No","","No","C:\Users\natha\OneDrive\Documents\Movie Collector\Images\RiskyBusiness198353987_f.jpg"
"A River Runs Through It","1992","123 mins","7.2","Drama","Vudu","No","","No","C:\Users\natha\OneDrive\Documents\Movie Collector\Images\ARiverRunsThroughIt199217269_f.jpg"
"Robin and Marian","1976","106 mins","6.5","Adventure; Drama; Romance","Vudu","No","","No","C:\Users\natha\OneDrive\Documents\Movie Collector\Images\RobinandMarian197617322_f.jpg"
"Robin Hood","2010","140 mins","6.6","Action; Adventure; Drama; History","Vudu","No","","No","C:\Users\natha\OneDrive\Documents\Movie Collector\Images\RobinHood201063175_f.jpg"
"Robin Hood","1973","83 mins","7.5","Adventure; Animation; Comedy; Family","Vudu","No","2000","No","C:\Users\natha\OneDrive\Documents\Movie Collector\Images\RobinHoodVUDU197378208_f.jpg"
"Robin Hood: Prince Of Thieves","1991","155 mins","6.9","Action; Adventure; Romance","Vudu","No","1991","No","C:\Users\natha\OneDrive\Documents\Movie Collector\Images\RobinHoodPrinceOfThieves40605_f.jpg"
"RoboCop","1987","102 mins","7.6","Action; Crime; Science Fiction; Thriller","Vudu","No","","No","C:\Users\natha\OneDrive\Documents\Movie Collector\Images\RoboCop19872178_f.jpg"
"Robot Chicken: Star Wars","2007","","8.0","Animation","DVD","No","2008","No","C:\Users\natha\OneDrive\Documents\Movie Collector\Images\RobotChickenStarWars200766783_f.jpg"
"Robot Chicken: Star Wars Episode II","2008","23 mins","8.0","Animation","DVD","No","2009","No","C:\Users\natha\OneDrive\Documents\Movie Collector\Images\RobotChickenStarWarsEpiso66770_f.jpg"
"Robots","2005","89 mins","6.4","Animation; Comedy; Family","Vudu","No","2005","No","C:\Users\natha\OneDrive\Documents\Movie Collector\Images\Robots200578660_f.jpg"
"Rock Dog","2015","80 mins","6.0","Adventure; Animation; Comedy; Family; Music","Vudu","No","","No","C:\Users\natha\OneDrive\Documents\Movie Collector\Images\RockDog201575336_f.jpg"
"Rock Dog 2: Rock Around the Park","2021","90 mins","5.1","Adventure; Animation; Comedy; Family","Vudu","No","","No","C:\Users\natha\OneDrive\Documents\Movie Collector\Images\RockDog2RockAroundthePa72958_f.jpg"
"Rock-a-Bye Baby","1958","103 mins","6.6","Comedy; Musical","Vudu","No","","No","C:\Users\natha\OneDrive\Documents\Movie Collector\Images\RockaByeBaby195817879_f.jpg"
"Rocket Gibraltar","1988","99 mins","6.5","Drama","Vudu","No","","No","C:\Users\natha\OneDrive\Documents\Movie Collector\Images\RocketGibraltar198820864_f.jpg"
"Rocketman","2019","121 mins","7.3","Biography; Drama; Music; Musical","Vudu","No","","No","C:\Users\natha\OneDrive\Documents\Movie Collector\Images\Rocketman201993163_f.jpg"
"Rocky","1976","120 mins","8.1","Drama; Sports","Vudu","No","","No","C:\Users\natha\OneDrive\Documents\Movie Collector\Images\Rocky197628013_f.jpg"
"Rocky II","1979","119 mins","7.3","Drama; Sports","Vudu","No","","No","C:\Users\natha\OneDrive\Documents\Movie Collector\Images\RockyII197928099_f.jpg"
"Rocky III","1982","99 mins","6.9","Drama; Sports","Vudu","No","","No","C:\Users\natha\OneDrive\Documents\Movie Collector\Images\RockyIII198228759_f.jpg"
"Rocky IV","1985","91 mins","6.9","Drama; Sports","Vudu","No","","No","C:\Users\natha\OneDrive\Documents\Movie Collector\Images\RockyIV198528726_f.jpg"
"Rocky V","1990","104 mins","5.4","Drama; Sports","Vudu","No","","No","C:\Users\natha\OneDrive\Documents\Movie Collector\Images\RockyV199028218_f.jpg"
"Rocky Balboa","2006","102 mins","7.1","Action; Drama; Sports","Vudu","No","","No","C:\Users\natha\OneDrive\Documents\Movie Collector\Images\RockyBalboa200628108_f.jpg"
"Rogue","2007","99 mins","6.2","Action; Drama; Horror; Thriller","Vudu","No","","No","C:\Users\natha\OneDrive\Documents\Movie Collector\Images\Rogue200787581_f.jpg"
"Rogue One: A Star Wars Story","2016","133 mins","7.8","Action; Adventure; Fantasy; Science Fiction","Vudu","No","","No","C:\Users\natha\OneDrive\Documents\Movie Collector\Images\RogueOneAStarWarsStory2137_f.jpg"
"Roman Holiday","1953","118 mins","8.0","Comedy; Romance","Vudu","No","","No","C:\Users\natha\OneDrive\Documents\Movie Collector\Images\RomanHoliday195317972_f.jpg"
"Ronin","1998","122 mins","7.2","Action; Crime; Thriller","Vudu","No","","No","C:\Users\natha\OneDrive\Documents\Movie Collector\Images\Ronin199820952_f.jpg"
"Rope","1948","80 mins","7.9","Crime; Drama; Mystery; Thriller","Vudu","No","","No","C:\Users\natha\OneDrive\Documents\Movie Collector\Images\Rope194817958_f.jpg"
"Rosemary's Baby","1968","137 mins","8.0","Drama; Horror","Vudu","No","","No","C:\Users\natha\OneDrive\Documents\Movie Collector\Images\RosemarysBaby196863473_f.jpg"
"Roustabout","1964","97 mins","6.0","History; Musical; Romance","VHS","No","","No","C:\Users\natha\OneDrive\Documents\Movie Collector\Images\Roustabout196420401_f.jpg"
"Rudolph And Frosty's Christmas In July","1979","97 mins","6.3","Adventure; Animation; Comedy; Family; Fantasy; Musical; Romance","Vudu","No","","No","C:\Users\natha\OneDrive\Documents\Movie Collector\Images\RudolphAndFrostysChristmas81441_f.jpg"
"Rudolph The Red-Nosed Reindeer","1964","47 mins","8.0","Animation; Family; Musical","Vudu","No","2010","No","C:\Users\natha\OneDrive\Documents\Movie Collector\Images\RudolphTheRedNosedReindeer47687_f.jpg"
"Rudolph's Shiny New Year","1976","60 mins","6.6","Adventure; Animation; Comedy; Family; Fantasy; Musical","Vudu","No","","No","C:\Users\natha\OneDrive\Documents\Movie Collector\Images\RudolphsShinyNewYear197681437_f.jpg"
"Rudy","1993","114 mins","7.5","Biography; Drama; Sports","Vudu","No","2000","No","C:\Users\natha\OneDrive\Documents\Movie Collector\Images\Rudy199320616_f.jpg"
"Rugrats Go Wild!","2003","80 mins","5.6","Adventure; Animation; Comedy","Vudu","No","2003","No","C:\Users\natha\OneDrive\Documents\Movie Collector\Images\RugratsGoWild200378669_f.jpg"
"Rugrats In Paris: The Movie","2000","78 mins","6.2","Animation; Children; Family","Vudu","No","2002","No","C:\Users\natha\OneDrive\Documents\Movie Collector\Images\RugratsInParisTheMovie275575_f.jpg"
"The Rugrats Movie","1998","81 mins","5.9","Adventure; Animation; Musical","Vudu","No","1999","No","C:\Users\natha\OneDrive\Documents\Movie Collector\Images\TheRugratsMovie199872826_f.jpg"
"Runaway Bride","1999","116 mins","5.6","Comedy; Romance","Vudu","No","2000","No","C:\Users\natha\OneDrive\Documents\Movie Collector\Images\RunawayBride19992157_f.jpg"
"The Running Man","2025","133 mins","6.4","Action; Adventure; Science Fiction; Thriller","","No","","No","C:\Users\natha\OneDrive\Documents\Movie Collector\Images\TheRunningMan202594594_f.jpg"
"The Running Man","1987","101 mins","6.6","Action; Science Fiction; Thriller","","No","","No","C:\Users\natha\OneDrive\Documents\Movie Collector\Images\TheRunningMan198794684_f.jpg"
"Running with Speed","2023","147 mins","6.3","Documentary","Vudu","No","","No","C:\Users\natha\OneDrive\Documents\Movie Collector\Images\RunningwithSpeed2023948_f.jpg"
"Runt Page","1932","10 mins","4.5","Comedy","DVD","No","","No","C:\Users\natha\OneDrive\Documents\Movie Collector\Images\RuntPage193217433_f.jpg"
"Rush Hour","1998","98 mins","7.0","Action; Comedy","Vudu","No","2001","No","C:\Users\natha\OneDrive\Documents\Movie Collector\Images\RushHour199840946_f.jpg"
"Rush Hour 2","2001","91 mins","6.7","Action; Comedy; Crime","Vudu","No","2001","No","C:\Users\natha\OneDrive\Documents\Movie Collector\Images\RushHour2200140959_f.jpg"
"Rush Hour 3","2007","91 mins","6.2","Action; Comedy; Crime; Thriller","Vudu","No","2007","No","C:\Users\natha\OneDrive\Documents\Movie Collector\Images\RushHour3200740968_f.jpg"
"Russell Madness","2015","92 mins","4.3","Family","DVD","No","","No","C:\Users\natha\OneDrive\Documents\Movie Collector\Images\RussellMadness201517532_f.jpg"
"The Russians Are Coming the Russians Are Coming","1966","126 mins","7.0","Comedy; War","Vudu","No","","No","C:\Users\natha\OneDrive\Documents\Movie Collector\Images\TheRussiansAreComingtheRu20968_f.jpg"
"RV","2006","99 mins","5.6","Adventure; Comedy; Family","Vudu","No","","No","C:\Users\natha\OneDrive\Documents\Movie Collector\Images\RV20064445_f.jpg"
"S.W.A.T.","2003","117 mins","6.1","Action; Adventure; Crime; Thriller","Vudu","No","","No","C:\Users\natha\OneDrive\Documents\Movie Collector\Images\SWAT200360294_f.jpg"
"Saboteur","1942","109 mins","7.1","Thriller; War","Vudu","No","","No","C:\Users\natha\OneDrive\Documents\Movie Collector\Images\Saboteur194217892_f.jpg"
"Sabrina","1954","113 mins","7.6","Comedy; Drama; Romance","Vudu","No","","No","C:\Users\natha\OneDrive\Documents\Movie Collector\Images\Sabrina195417989_f.jpg"
"Safe","2012","94 mins","6.5","Action; Crime; Thriller","Vudu","No","","No","C:\Users\natha\OneDrive\Documents\Movie Collector\Images\Safe201254296_f.jpg"
"Safe House","2012","115 mins","6.7","Action; Thriller","Vudu","No","","No","C:\Users\natha\OneDrive\Documents\Movie Collector\Images\SafeHouse201260855_f.jpg"
"Sailor Beware","1952","108 mins","6.2","Comedy; Musical; Romance","Vudu","No","","No","C:\Users\natha\OneDrive\Documents\Movie Collector\Images\SailorBeware195220260_f.jpg"
"Salt","2010","104 mins","6.5","Action; Thriller","Vudu","No","","No","C:\Users\natha\OneDrive\Documents\Movie Collector\Images\Salt201066600_f.jpg"
"Santa Buddies","2009","88 mins","4.6","Adventure; Family; Fantasy","DVD","No","2009","No","C:\Users\natha\OneDrive\Documents\Movie Collector\Images\SantaBuddies200970101_f.jpg"
"Santa Claus Is Comin' To Town","1970","48 mins","7.7","Adventure; Animation; Comedy; Family; Fantasy; Musical","Vudu","No","","No","C:\Users\natha\OneDrive\Documents\Movie Collector\Images\SantaClausIsCominToTown78981_f.jpg"
"The Santa Clause","1994","97 mins","6.6","Comedy; Family; Fantasy","Vudu","No","2012","No","C:\Users\natha\OneDrive\Documents\Movie Collector\Images\TheSantaClause199478275_f.jpg"
"The Santa Clause 2","2002","105 mins","5.8","Comedy; Family; Fantasy","Vudu","No","2012","No","C:\Users\natha\OneDrive\Documents\Movie Collector\Images\TheSantaClause2200278285_f.jpg"
"The Santa Clause 3: The Escape Clause","2006","92 mins","4.9","Comedy; Family; Fantasy","Vudu","No","2007","No","C:\Users\natha\OneDrive\Documents\Movie Collector\Images\TheSantaClause3TheEscape78291_f.jpg"
"Santa's Surprise","1947","9 mins","6.2","Animation; Comedy; Family; Musical","DVD","No","","No","C:\Users\natha\OneDrive\Documents\Movie Collector\Images\SantasSurprise194734852_f.jpg"
"Saturday Night","2024","109 mins","6.9","Biography; Comedy; Drama; History","Vudu","No","","No","C:\Users\natha\OneDrive\Documents\Movie Collector\Images\SaturdayNight202457134_f.jpg"
"Saturday Night Fever","1977","118 mins","6.8","Drama; Music","Vudu","No","","No","C:\Users\natha\OneDrive\Documents\Movie Collector\Images\SaturdayNightFever197792193_f.jpg"
"Savannah Smiles","1982","105 mins","7.1","Comedy; Family","Vudu","No","","No","C:\Users\natha\OneDrive\Documents\Movie Collector\Images\SavannahSmiles198270157_f.jpg"
"Saved by the Bell: Hawaiian Style","1992","92 mins","6.1","Comedy","Vudu","No","","No","C:\Users\natha\OneDrive\Documents\Movie Collector\Images\SavedbytheBellHawaiianSt93381_f.jpg"
"Saved by the Bell: Season 1","1989","359 mins","7.1","Comedy; Family; Romance","Vudu","Yes","","No","C:\Users\natha\OneDrive\Documents\Movie Collector\Images\SavedbytheBellSeason1191896_f.jpg"
"Saved by the Bell: Season 2","1990","407 mins","7.1","Comedy; Family; Romance","Vudu","Yes","","No","C:\Users\natha\OneDrive\Documents\Movie Collector\Images\SavedbytheBellSeason2191916_f.jpg"
"Saved by the Bell: Season 3","1991","581 mins","7.1","Comedy; Family; Romance","Vudu","Yes","","No","C:\Users\natha\OneDrive\Documents\Movie Collector\Images\SavedbytheBellSeason3191924_f.jpg"
"Saved by the Bell: Season 4","1992","600 mins","7.1","Comedy; Family; Romance","Vudu","Yes","","No","C:\Users\natha\OneDrive\Documents\Movie Collector\Images\SavedbytheBellSeason4191928_f.jpg"
"Saved By The Bell: Season 5","1989","550 mins","7.1","Comedy; Family; Romance","Vudu","Yes","","No","C:\Users\natha\OneDrive\Documents\Movie Collector\Images\SavedByTheBellSeason5191933_f.jpg"
"Saved By The Bell: The College Years: Season 1","1993","433 mins","6.3","Comedy; Romance","Vudu","Yes","","No","C:\Users\natha\OneDrive\Documents\Movie Collector\Images\SavedByTheBellTheCollege93281_f.jpg"
"Saved by the Bell: Wedding in Las Vegas","1994","90 mins","6.3","Comedy; Romance","Vudu","No","","No","C:\Users\natha\OneDrive\Documents\Movie Collector\Images\SavedbytheBellWeddingin93375_f.jpg"
"Saving Mr. Banks","2013","125 mins","7.5","Comedy; Drama; Family; History","Vudu","No","2014","No","C:\Users\natha\OneDrive\Documents\Movie Collector\Images\SavingMrBanksVUDU201378375_f.jpg"
"Saving Private Ryan","1998","169 mins","8.6","Drama; War","Vudu","No","","No","C:\Users\natha\OneDrive\Documents\Movie Collector\Images\SavingPrivateRyan1998541_f.jpg"
"Saw III","2006","108 mins","6.2","Horror; Mystery; Thriller","DVD","No","2007","No","C:\Users\natha\OneDrive\Documents\Movie Collector\Images\SawIII2006398_f.jpg"
"Scared Stiff","1953","108 mins","6.4","Comedy; Horror; Musical; Mystery; Romance","Vudu","No","","No","C:\Users\natha\OneDrive\Documents\Movie Collector\Images\ScaredStiff195320269_f.jpg"
"Schindler's List","1993","195 mins","9.0","Biography; Drama; History","Vudu","No","","No","C:\Users\natha\OneDrive\Documents\Movie Collector\Images\SchindlersList199320454_f.jpg"
"School Daze","1988","121 mins","6.1","Comedy; Drama; Musical","Vudu","No","","No","C:\Users\natha\OneDrive\Documents\Movie Collector\Images\SchoolDaze198843697_f.jpg"
"School for Scoundrels","1960","94 mins","7.3","Comedy","Vudu","No","","No","C:\Users\natha\OneDrive\Documents\Movie Collector\Images\SchoolforScoundrels196017767_f.jpg"
"School For Scoundrels","2006","107 mins","5.9","Comedy","Vudu","No","","No","C:\Users\natha\OneDrive\Documents\Movie Collector\Images\SchoolForScoundrels200628467_f.jpg"
"School of Rock","2003","109 mins","7.2","Comedy; Music","Vudu","No","","No","C:\Users\natha\OneDrive\Documents\Movie Collector\Images\SchoolofRock200392046_f.jpg"
"Schoolhouse Rock!","1973","283 mins","8.2","Animation; Family; Musical","Vudu","Yes","2002","No","C:\Users\natha\OneDrive\Documents\Movie Collector\Images\SchoolhouseRock197350353_f.jpg"
"Scoob!","2020","94 mins","5.6","Adventure; Animation; Comedy; Family; Mystery","Vudu","No","","No","C:\Users\natha\OneDrive\Documents\Movie Collector\Images\Scoob202035165_f.jpg"
"Scooby-Doo","2002","86 mins","5.4","Adventure; Comedy; Family; Fantasy; Mystery","Vudu","No","","No","C:\Users\natha\OneDrive\Documents\Movie Collector\Images\ScoobyDoo200228351_f.jpg"
"Scooby-Doo & Batman: The Brave and the Bold","2018","75 mins","6.5","Action; Animation; Comedy; Family; Mystery","Vudu","No","","No","C:\Users\natha\OneDrive\Documents\Movie Collector\Images\ScoobyDooBatmanTheBrave694940FZC_f.jpg"
"Scooby-Doo 2: Monsters Unleashed","2004","93 mins","5.3","Adventure; Comedy; Family; Fantasy; Horror; Mystery; Science Fiction","Vudu","No","","No","C:\Users\natha\OneDrive\Documents\Movie Collector\Images\ScoobyDoo2MonstersUnleash28369_f.jpg"
"Scooby-Doo Meets Batman","2008","82 mins","7.6","Adventure; Animation; Family","DVD","No","2009","No","C:\Users\natha\OneDrive\Documents\Movie Collector\Images\ScoobyDooMeetsBatman200838032_f.jpg"
"Scooby-Doo! and the Curse of the 13th Ghost","2019","82 mins","6.3","Action; Adventure; Animation; Comedy; Family; Fantasy; Horror; Mystery","Vudu","No","","No","C:\Users\natha\OneDrive\Documents\Movie Collector\Images\ScoobyDooandtheCurseoft6946995CZ_f.jpg"
"Scooby-Doo! and the Gourmet Ghost","2018","77 mins","6.5","Adventure; Animation; Comedy; Crime; Family; Fantasy; Horror; Mystery","Vudu","No","","No","C:\Users\natha\OneDrive\Documents\Movie Collector\Images\ScoobyDooandtheGourmetGh69455JL46_f.jpg"
"Scooby-Doo! The Sword and the Scoob","2021","76 mins","6.1","Action; Adventure; Animation; Comedy; Family; Fantasy; Mystery","Vudu","No","","No","C:\Users\natha\OneDrive\Documents\Movie Collector\Images\ScoobyDooTheSwordandthe69489_f.jpg"
"Scooby-Doo, Where Are You! Season 1","1969","510 mins","7.9","Adventure; Animation; Comedy; Crime; Family; Mystery","Vudu","Yes","","No","C:\Users\natha\OneDrive\Documents\Movie Collector\Images\ScoobyDooWhereAreYouSea47539_f.jpg"
"Scooby-Doo, Where Are You! Season 2","1970","240 mins","7.9","Adventure; Animation; Comedy; Crime; Family; Mystery","Vudu","Yes","","No","C:\Users\natha\OneDrive\Documents\Movie Collector\Images\ScoobyDooWhereAreYouSea47546_f.jpg"
"Scooby-Doo, Where Are You! Season 3","1969","352 mins","7.9","Adventure; Animation; Comedy; Crime; Family; Mystery","Vudu","Yes","","No","C:\Users\natha\OneDrive\Documents\Movie Collector\Images\ScoobyDooWhereAreYouSea47551_f.jpg"
"Scooby-Doo: Return to Zombie Island","2019","80 mins","5.5","Adventure; Animation; Comedy; Family; Fantasy; Horror; Mystery","Vudu","No","","No",""
"Maze Runner: The Scorch Trials","2015","131 mins","6.3","Action; Adventure; Mystery; Science Fiction; Thriller","Vudu","No","2015","No","C:\Users\natha\OneDrive\Documents\Movie Collector\Images\MazeRunnerTheScorchTrials70185_f.jpg"
"Scorpion: Season 1","2014","921 mins","7.0","Action; Crime; Drama; Thriller","Vudu","Yes","","No","C:\Users\natha\OneDrive\Documents\Movie Collector\Images\ScorpionSeason1201463944_f.jpg"
"Scorpion: Season 2","2015","1027 mins","7.0","Action; Crime; Drama; Thriller","Vudu","Yes","","No","C:\Users\natha\OneDrive\Documents\Movie Collector\Images\ScorpionSeason2201563967_f.jpg"
"Scorpion: Season 3","2016","1039 mins","7.0","Action; Crime; Drama; Thriller","Vudu","Yes","","No","C:\Users\natha\OneDrive\Documents\Movie Collector\Images\ScorpionSeason3201663978_f.jpg"
"Scorpion: Season 4","2017","917 mins","7.0","Action; Crime; Drama; Thriller","Vudu","Yes","","No","C:\Users\natha\OneDrive\Documents\Movie Collector\Images\ScorpionSeason4201763985_f.jpg"
"Scrooged","1988","101 mins","6.9","Comedy; Drama; Fantasy; Romance","Vudu","No","","No","C:\Users\natha\OneDrive\Documents\Movie Collector\Images\Scrooged198870140_f.jpg"
"Scrubs: Season 1","2001","576 mins","8.4","Comedy; Drama","Vudu","Yes","","No","C:\Users\natha\OneDrive\Documents\Movie Collector\Images\ScrubsSeason1200167260_f.jpg"
"Scrubs: Season 2","2003","528 mins","8.4","Comedy; Drama","Vudu","Yes","","No","C:\Users\natha\OneDrive\Documents\Movie Collector\Images\ScrubsSeason2200367266_f.jpg"
"Scrubs: Season 3","2004","528 mins","8.4","Comedy; Drama","Vudu","Yes","","No","C:\Users\natha\OneDrive\Documents\Movie Collector\Images\ScrubsSeason3200467268_f.jpg"
"Scrubs: Season 4","2004","600 mins","8.4","Comedy; Drama","Vudu","Yes","","No","C:\Users\natha\OneDrive\Documents\Movie Collector\Images\ScrubsSeason4200467181_f.jpg"
"Scrubs: Season 5","2006","576 mins","8.4","Comedy; Drama","Vudu","Yes","","No","C:\Users\natha\OneDrive\Documents\Movie Collector\Images\ScrubsSeason5200667199_f.jpg"
"Scrubs: Season 6","2006","528 mins","8.4","Comedy; Drama","Vudu","Yes","","No","C:\Users\natha\OneDrive\Documents\Movie Collector\Images\ScrubsSeason6200667208_f.jpg"
"Scrubs: Season 7","2007","262 mins","8.4","Comedy; Drama","Vudu","Yes","","No","C:\Users\natha\OneDrive\Documents\Movie Collector\Images\ScrubsSeason7200767271_f.jpg"
"Scrubs: Season 8","2009","404 mins","8.4","Comedy; Drama","Vudu","Yes","","No","C:\Users\natha\OneDrive\Documents\Movie Collector\Images\ScrubsSeason8200967213_f.jpg"
"Scrubs: Season 9","2009","326 mins","8.4","Comedy; Drama","Vudu","Yes","","No","C:\Users\natha\OneDrive\Documents\Movie Collector\Images\ScrubsSeason9200967222_f.jpg"
"The Search for Santa Paws","2010","96 mins","5.3","Adventure; Drama; Family; Fantasy; Musical","DVD","No","2010","No","C:\Users\natha\OneDrive\Documents\Movie Collector\Images\TheSearchforSantaPaws2012068_f.jpg"
"Searching","2018","102 mins","7.6","Drama; Horror; Mystery; Thriller","Vudu","No","","No","C:\Users\natha\OneDrive\Documents\Movie Collector\Images\Searching201870227_f.jpg"
"The Secret Life Of Pets","2016","87 mins","6.5","Adventure; Animation; Comedy; Family","Vudu","No","2016","No","C:\Users\natha\OneDrive\Documents\Movie Collector\Images\TheSecretLifeOfPets201678414_f.jpg"
"The Secret Life of Pets 2","2019","86 mins","6.4","Animation","Vudu","No","","No","C:\Users\natha\OneDrive\Documents\Movie Collector\Images\TheSecretLifeofPets220173171_f.jpg"
"Secret Window","2004","96 mins","6.5","Drama; Mystery; Thriller","Vudu","No","","No","C:\Users\natha\OneDrive\Documents\Movie Collector\Images\SecretWindow200420554_f.jpg"
"Secretariat","2010","123 mins","7.2","Drama; Family; History; Sports","Blu-ray","No","2011","No","C:\Users\natha\OneDrive\Documents\Movie Collector\Images\Secretariat201038041_f.jpg"
"Seeking Justice","2011","105 mins","6.1","Action; Crime; Drama; Mystery; Thriller","Vudu","No","","No","C:\Users\natha\OneDrive\Documents\Movie Collector\Images\SeekingJustice201157332_f.jpg"
"Selena","1997","127 mins","6.9","Biography; Drama; Music","Vudu","No","","No","C:\Users\natha\OneDrive\Documents\Movie Collector\Images\Selena199754012_f.jpg"
"Selma","2014","128 mins","7.5","Biography; Drama; History","Vudu","No","","No","C:\Users\natha\OneDrive\Documents\Movie Collector\Images\Selma201463361_f.jpg"
"Separate Tables","1970","93 mins","7.9","Drama","Vudu","No","","No","C:\Users\natha\OneDrive\Documents\Movie Collector\Images\SeparateTables197020979_f.jpg"
"September 5","2024","95 mins","7.1","Drama; History; Thriller","Vudu","No","","No",""
"Sesame Street: Sesame Street's 25th Birthday: A Musical Celebration","1993","","0","Comedy; Family","DVD","No","1999","No","C:\Users\natha\OneDrive\Documents\Movie Collector\Images\SesameStreetSesameStreets38093_f.jpg"
"Se7en","1995","127 mins","8.6","Crime; Drama; Mystery; Thriller","Vudu","No","","No","C:\Users\natha\OneDrive\Documents\Movie Collector\Images\Se7en199528380_f.jpg"
"Seven Brides for Seven Brothers","1954","102 mins","7.3","Comedy; Drama; Musical; Romance; Western","Vudu","No","","No","C:\Users\natha\OneDrive\Documents\Movie Collector\Images\SevenBridesforSevenBrother28025_f.jpg"
"The Shack","2017","132 mins","6.3","Drama; Fantasy","Vudu","No","","No","C:\Users\natha\OneDrive\Documents\Movie Collector\Images\TheShack20172292_f.jpg"
"Shadow of a Doubt","1943","108 mins","7.8","Film Noir; Thriller","Vudu","No","","No","C:\Users\natha\OneDrive\Documents\Movie Collector\Images\ShadowofaDoubt194317911_f.jpg"
"The Shaggy D.A.","1976","91 mins","5.8","Comedy; Family; Fantasy","Vudu","No","2006","No","C:\Users\natha\OneDrive\Documents\Movie Collector\Images\TheShaggyDA197640976_f.jpg"
"The Shaggy Dog","1959","104 mins","6.4","Comedy; Family; Fantasy","Vudu","No","","No","C:\Users\natha\OneDrive\Documents\Movie Collector\Images\TheShaggyDog195931896_f.jpg"
"The Shaggy Dog","2006","99 mins","4.4","Comedy; Family; Fantasy","Vudu","No","2006","No","C:\Users\natha\OneDrive\Documents\Movie Collector\Images\TheShaggyDog200634746_f.jpg"
"Shake Hands with the Devil","1959","111 mins","7.0","Action; Drama; History","Vudu","No","","No","C:\Users\natha\OneDrive\Documents\Movie Collector\Images\ShakeHandswiththeDevil192315_f.jpg"
"Shakedown","1988","112 mins","6.0","Action; Crime; Drama; Mystery; Thriller","Blu-ray","No","2018","No","C:\Users\natha\OneDrive\Documents\Movie Collector\Images\Shakedown198863245_f.jpg"
"Shallow Hal","2001","114 mins","6.0","Comedy; Drama; Fantasy; Romance","Vudu","No","2002","No","C:\Users\natha\OneDrive\Documents\Movie Collector\Images\ShallowHal20012091_f.jpg"
"The Shallows","2016","86 mins","6.3","Action; Drama; Horror; Thriller","Vudu","No","","No","C:\Users\natha\OneDrive\Documents\Movie Collector\Images\TheShallows201641350_f.jpg"
"Shampoo","1975","110 mins","6.4","Comedy; Drama","Vudu","No","","No","C:\Users\natha\OneDrive\Documents\Movie Collector\Images\Shampoo197544152_f.jpg"
"Shang-Chi and the Legend of the Ten Rings","2021","139 mins","7.3","Action; Adventure; Fantasy; Science Fiction","Vudu","No","","No","C:\Users\natha\OneDrive\Documents\Movie Collector\Images\ShangChiandtheLegendofth28229_f.jpg"
"Shark Tale","2004","90 mins","6.0","Animation; Comedy; Family","Vudu","No","2005","No","C:\Users\natha\OneDrive\Documents\Movie Collector\Images\SharkTale200478675_f.jpg"
"Sharktopus","2010","89 mins","3.3","Action; Adventure; Comedy; Fantasy; Horror; Science Fiction; Thriller","Vudu","No","","No","C:\Users\natha\OneDrive\Documents\Movie Collector\Images\Sharktopus201087694_f.jpg"
"The Shawshank Redemption","1994","142 mins","9.3","Drama","Vudu","No","","No","C:\Users\natha\OneDrive\Documents\Movie Collector\Images\TheShawshankRedemption199420421_f.jpg"
"Shazam!","2019","132 mins","7.0","Action; Adventure; Comedy; Fantasy","Vudu","No","","No","C:\Users\natha\OneDrive\Documents\Movie Collector\Images\Shazam201928723_f.jpg"
"Shazam! Fury of the Gods","2023","130 mins","5.9","Action; Adventure; Comedy; Crime; Fantasy; Thriller","Vudu","No","","No","C:\Users\natha\OneDrive\Documents\Movie Collector\Images\ShazamFuryoftheGods202328440_f.jpg"
"Sherlock Holmes: A Game of Shadows","2011","129 mins","7.4","Action; Adventure; Mystery","Vudu","No","","No","C:\Users\natha\OneDrive\Documents\Movie Collector\Images\SherlockHolmesAGameofSha18028_f.jpg"
"She's All That","1999","95 mins","6.0","Comedy; Romance","Vudu","No","","No","C:\Users\natha\OneDrive\Documents\Movie Collector\Images\ShesAllThat199991949_f.jpg"
"She's Out of My League","2010","104 mins","6.4","Comedy; Romance","Vudu","No","2010","No","C:\Users\natha\OneDrive\Documents\Movie Collector\Images\ShesOutofMyLeague201054082_f.jpg"
"She's the Man","2006","105 mins","6.4","Comedy; Romance; Sports","Vudu","No","","No","C:\Users\natha\OneDrive\Documents\Movie Collector\Images\ShestheMan200663268_f.jpg"
"Shin Godzilla","2016","120 mins","6.9","Action; Adventure; Drama; Horror; Science Fiction","Vudu","No","","No","C:\Users\natha\OneDrive\Documents\Movie Collector\Images\ShinGodzilla2016494_f.jpg"
"The Shining","1980","146 mins","8.4","Drama; Horror","Vudu","No","","No","C:\Users\natha\OneDrive\Documents\Movie Collector\Images\TheShining198053669_f.jpg"
"Shivers","1975","87 mins","6.3","Horror; Science Fiction","Vudu","No","","No","C:\Users\natha\OneDrive\Documents\Movie Collector\Images\Shivers197587593_f.png"
"Short Circuit","1986","98 mins","6.6","Comedy; Science Fiction","Vudu","No","","No","C:\Users\natha\OneDrive\Documents\Movie Collector\Images\ShortCircuit198628621_f.jpg"
"Short Circuit 2","1988","110 mins","5.8","Comedy; Drama; Family; Science Fiction","Vudu","No","","No","C:\Users\natha\OneDrive\Documents\Movie Collector\Images\ShortCircuit2198828315_f.jpg"
"Show Boat","1951","108 mins","6.8","Drama; Family; Musical; Romance","Vudu","No","","No","C:\Users\natha\OneDrive\Documents\Movie Collector\Images\ShowBoat195157044_f.jpg"
"Shrek","2001","90 mins","7.9","Animation; Comedy; Family","Vudu","No","2001","No","C:\Users\natha\OneDrive\Documents\Movie Collector\Images\Shrek200178684_f.jpg"
"Shrek 2","2004","93 mins","7.4","Adventure; Animation; Comedy; Family","Vudu","No","2004","No","C:\Users\natha\OneDrive\Documents\Movie Collector\Images\Shrek2200478690_f.jpg"
"Shrek The Third","2007","92 mins","6.1","Action; Animation; Comedy","Vudu","No","2007","No","C:\Users\natha\OneDrive\Documents\Movie Collector\Images\ShrekTheThird200775580_f.jpg"
"Shrek Forever After","2010","93 mins","6.3","Adventure; Animation; Comedy","Vudu","No","2010","No","C:\Users\natha\OneDrive\Documents\Movie Collector\Images\ShrekForeverAfter201078216_f.jpg"
"Shutter Island","2010","138 mins","8.2","Drama; Mystery; Thriller","Vudu","No","","No","C:\Users\natha\OneDrive\Documents\Movie Collector\Images\ShutterIsland201087336W7T0_f.jpg"
"Signs","2002","106 mins","6.8","Drama; Mystery; Science Fiction; Thriller","Vudu","No","","No","C:\Users\natha\OneDrive\Documents\Movie Collector\Images\Signs200270172_f.jpg"
"The Silence of the Lambs","1991","119 mins","8.6","Crime; Drama; Thriller","Vudu","No","","No","C:\Users\natha\OneDrive\Documents\Movie Collector\Images\TheSilenceoftheLambs19912115_f.jpg"
"Silicon Valley: Season 1","2014","229 mins","8.5","Comedy","Vudu","Yes","","No","C:\Users\natha\OneDrive\Documents\Movie Collector\Images\SiliconValleySeason1201459953_f.jpg"
"Silicon Valley: Season 2","2015","278 mins","8.5","Comedy","Vudu","Yes","","No","C:\Users\natha\OneDrive\Documents\Movie Collector\Images\SiliconValleySeason2201559961_f.jpg"
"Silicon Valley: Season 3","2016","283 mins","8.5","Comedy","Vudu","Yes","","No","C:\Users\natha\OneDrive\Documents\Movie Collector\Images\SiliconValleySeason3201659966_f.jpg"
"Silicon Valley: Season 4","2017","287 mins","8.5","Comedy","Vudu","Yes","","No","C:\Users\natha\OneDrive\Documents\Movie Collector\Images\SiliconValleySeason4201759969_f.jpg"
"Silicon Valley: Season 5","2018","244 mins","8.5","Comedy","Vudu","Yes","","No","C:\Users\natha\OneDrive\Documents\Movie Collector\Images\SiliconValleySeason5201859973_f.jpg"
"Silicon Valley: Season 6","2019","239 mins","8.5","Comedy","Vudu","Yes","","No","C:\Users\natha\OneDrive\Documents\Movie Collector\Images\SiliconValleySeason6201957562_f.jpg"
"A Simple Favor","2018","117 mins","6.7","Comedy; Crime; Mystery; Thriller","Vudu","No","","No","C:\Users\natha\OneDrive\Documents\Movie Collector\Images\ASimpleFavor201854127_f.jpg"
"Sing","2016","108 mins","7.1","Animation; Comedy; Family; Musical","Vudu","No","","No","C:\Users\natha\OneDrive\Documents\Movie Collector\Images\Sing201681611_f.jpg"
"Sing Along Songs, Very Merry Christmas Songs","","","0","Animation; Children","VHS","No","","No","C:\Users\natha\OneDrive\Documents\Movie Collector\Images\SingAlongSongsVeryMerryC66769_f.jpg"
"Sing 2","2021","110 mins","7.3","Adventure; Animation; Comedy; Family; Musical","Vudu","No","","No","C:\Users\natha\OneDrive\Documents\Movie Collector\Images\Sing2202181454_f.jpg"
"Singin' in the Rain","1952","103 mins","8.3","Comedy; Musical; Romance","Vudu","No","","No","C:\Users\natha\OneDrive\Documents\Movie Collector\Images\SinginintheRain195220633_f.jpg"
"Single White Female","1992","107 mins","6.4","Drama; Thriller","Vudu","No","","No","C:\Users\natha\OneDrive\Documents\Movie Collector\Images\SingleWhiteFemale199244059_f.jpg"
"Sinners","2025","137 mins","7.6","Action; Drama; Horror; Thriller","Vudu","No","","No","C:\Users\natha\OneDrive\Documents\Movie Collector\Images\Sinners202564204_f.jpg"
"Sixteen Candles","1984","93 mins","7.0","Comedy; Romance","Vudu","No","","No","C:\Users\natha\OneDrive\Documents\Movie Collector\Images\SixteenCandles198460717_f.jpg"
"The Sixth Sense","1999","107 mins","8.2","Horror; Mystery; Thriller","Vudu","No","2000","No","C:\Users\natha\OneDrive\Documents\Movie Collector\Images\TheSixthSense199940980_f.jpg"
"Sleeping Beauty","1959","75 mins","7.2","Animation; Fantasy; Romance","Vudu","No","2008","No","C:\Users\natha\OneDrive\Documents\Movie Collector\Images\SleepingBeauty195978220_f.jpg"
"Sleeping With The Enemy","1991","99 mins","6.3","Drama; Thriller","Vudu","No","","No","C:\Users\natha\OneDrive\Documents\Movie Collector\Images\SleepingWithTheEnemy199128743_f.jpg"
"Smile","2022","115 mins","6.5","Horror","Vudu","No","","No","C:\Users\natha\OneDrive\Documents\Movie Collector\Images\Smile202266809_f.jpg"
"Smokin' Aces","2006","108 mins","6.6","Action; Comedy; Crime; Drama; Thriller","Vudu","No","","No","C:\Users\natha\OneDrive\Documents\Movie Collector\Images\SmokinAces200660862_f.jpg"
"Smurfs","2025","89 mins","4.3","Adventure; Animation; Comedy; Family; Fantasy; Musical","Vudu","No","","No","C:\Users\natha\OneDrive\Documents\Movie Collector\Images\Smurfs202567086_f.jpg"
"The Smurfs","2011","103 mins","5.4","Animation; Comedy; Fantasy","Vudu","No","","No","C:\Users\natha\OneDrive\Documents\Movie Collector\Images\TheSmurfsVUDU201135102_f.jpg"
"The Smurfs 2","2013","105 mins","5.3","Adventure; Animation; Comedy; Family; Fantasy","Vudu","No","","No","C:\Users\natha\OneDrive\Documents\Movie Collector\Images\TheSmurfs2201357100_f.jpg"
"Smurfs: The Lost Village","2017","90 mins","6.0","Adventure; Animation; Comedy; Family; Fantasy","Vudu","No","","No","C:\Users\natha\OneDrive\Documents\Movie Collector\Images\SmurfsTheLostVillage201735077_f.jpg"
"The Smurfs: A Christmas Carol","2011","22 mins","6.1","Adventure; Animation; Comedy; Drama; Family; Fantasy","DVD","No","2013","No","C:\Users\natha\OneDrive\Documents\Movie Collector\Images\TheSmurfsAChristmasCarol72805_f.jpg"
"Smurfs: Holiday Celebration","1986","48 mins","0","Animation; Family","Vudu","No","","No","C:\Users\natha\OneDrive\Documents\Movie Collector\Images\SmurfsHolidayCelebration154106_f.jpg"
"Snake Eyes","2021","121 mins","5.4","Action; Adventure; Fantasy; Science Fiction; Thriller","Vudu","No","","No","C:\Users\natha\OneDrive\Documents\Movie Collector\Images\SnakeEyes202128177_f.jpg"
"Sneakers","1992","126 mins","7.1","Comedy; Crime; Drama; Mystery; Thriller","Vudu","No","","No","C:\Users\natha\OneDrive\Documents\Movie Collector\Images\Sneakers199220414_f.jpg"
"Sneaks","2025","93 mins","3.9","Adventure; Animation; Comedy; Family","Vudu","No","","No",""
"Snitch","2013","112 mins","6.4","Action; Drama; Thriller","Vudu","No","","No","C:\Users\natha\OneDrive\Documents\Movie Collector\Images\Snitch201317733_f.jpg"
"Snow White and the Huntsman","2012","127 mins","6.1","Action; Adventure; Drama; Fantasy","Vudu","No","","No","C:\Users\natha\OneDrive\Documents\Movie Collector\Images\SnowWhiteandtheHuntsman270148_f.jpg"
"Snow White And The Seven Dwarfs","1937","83 mins","7.6","Animation; Family","Vudu","No","2009","No","C:\Users\natha\OneDrive\Documents\Movie Collector\Images\SnowWhiteAndTheSevenDwarf78227_f.jpg"
"Snowden","2016","134 mins","7.3","Biography; Crime; Drama; Thriller","Vudu","No","","No","C:\Users\natha\OneDrive\Documents\Movie Collector\Images\Snowden201620435_f.jpg"
"So Dear To My Heart","1949","82 mins","6.7","Animation; Children; Family","VHS; Vudu","No","1991","No","C:\Users\natha\OneDrive\Documents\Movie Collector\Images\SoDearToMyHeart194920379_f.jpg"
"So I Married an Axe Murderer","1993","93 mins","6.5","Comedy; Romance","Vudu","No","","No","C:\Users\natha\OneDrive\Documents\Movie Collector\Images\SoIMarriedanAxeMurderer43910_f.jpg"
"Soccer Dog: The Movie","1999","98 mins","3.2","Comedy; Family; Sports","DVD","No","2002","No","C:\Users\natha\OneDrive\Documents\Movie Collector\Images\SoccerDogTheMovie1999425_f.jpg"
"The Social Network","2010","121 mins","7.8","Biography; Comedy; History","Vudu","No","2011","No","C:\Users\natha\OneDrive\Documents\Movie Collector\Images\TheSocialNetwork201070122_f.jpg"
"A Soldier's Story","1984","101 mins","7.2","Crime; Drama; Mystery; War","Vudu","No","","No","C:\Users\natha\OneDrive\Documents\Movie Collector\Images\ASoldiersStory198420777_f.jpg"
"Solo: A Star Wars Story","2018","135 mins","6.9","Action; Adventure; Crime; Family; Fantasy; Romance; Science Fiction; Western","Vudu","No","","No","C:\Users\natha\OneDrive\Documents\Movie Collector\Images\SoloAStarWarsStory20181017_f.jpg"
"Some Like It Hot","1959","121 mins","8.2","Comedy; Music; Romance","Vudu","No","2012","No","C:\Users\natha\OneDrive\Documents\Movie Collector\Images\SomeLikeItHot195920942_f.jpg"
"Son in Law","1993","95 mins","5.9","Comedy; Drama; Romance","Vudu","No","","No","C:\Users\natha\OneDrive\Documents\Movie Collector\Images\SoninLaw199327993_f.jpg"
"Son of Flubber","1963","100 mins","6.1","Comedy; Family; Science Fiction","Vudu","No","","No","C:\Users\natha\OneDrive\Documents\Movie Collector\Images\SonofFlubber196320238_f.jpg"
"Son of God","2014","138 mins","5.8","Biography; Drama; History","Vudu","No","2014","No","C:\Users\natha\OneDrive\Documents\Movie Collector\Images\SonofGod201437514_f.jpg"
"Sonic The Hedgehog","2020","99 mins","6.5","Action; Adventure; Comedy; Family; Science Fiction","Vudu","No","","No","C:\Users\natha\OneDrive\Documents\Movie Collector\Images\SonicTheHedgehog202070136_f.jpg"
"Sonic the Hedgehog 2","2022","122 mins","6.5","Action; Adventure; Comedy; Family; Fantasy; Science Fiction","Vudu","No","","No","C:\Users\natha\OneDrive\Documents\Movie Collector\Images\SonictheHedgehog2202270111_f.jpg"
"The Sorcerer's Apprentice","2010","109 mins","6.1","Action; Adventure; Fantasy","Vudu","No","2010","No","C:\Users\natha\OneDrive\Documents\Movie Collector\Images\TheSorcerersApprenticeVU78294_f.jpg"
"Soul","2020","100 mins","8.0","Adventure; Animation; Comedy; Drama; Family; Fantasy; Music","Vudu","No","","No","C:\Users\natha\OneDrive\Documents\Movie Collector\Images\Soul202073029_f.jpg"
"Soul Men","2008","100 mins","6.4","Comedy; Drama; Music","Vudu","No","","No","C:\Users\natha\OneDrive\Documents\Movie Collector\Images\SoulMen20089104788TE_f.jpg"
"Soul Surfer","2011","106 mins","7.0","Action; Drama; Sports","Vudu","No","2011","No","C:\Users\natha\OneDrive\Documents\Movie Collector\Images\SoulSurfer201138294_f.jpg"
"Sound Of Freedom","2023","131 mins","7.6","Biography; Crime; Drama; History; Thriller","Vudu","No","","No","C:\Users\natha\OneDrive\Documents\Movie Collector\Images\SoundOfFreedom202360467_f.jpg"
"The Sound Of Music","1965","174 mins","8.1","Drama; Family; Musical","Vudu","No","2010","No","C:\Users\natha\OneDrive\Documents\Movie Collector\Images\TheSoundOfMusic196578302_f.jpg"
"Source Code","2011","93 mins","7.5","Action; Drama; Mystery; Science Fiction; Thriller","Vudu","No","","No","C:\Users\natha\OneDrive\Documents\Movie Collector\Images\SourceCode201154280_f.jpg"
"Space Jam","1996","87 mins","6.5","Adventure; Animation; Comedy; Family; Fantasy; Science Fiction; Sports","Vudu","No","","No","C:\Users\natha\OneDrive\Documents\Movie Collector\Images\SpaceJam199675258_f.jpg"
"Spaceballs","1987","96 mins","7.1","Comedy; Science Fiction","Vudu","No","2011","No","C:\Users\natha\OneDrive\Documents\Movie Collector\Images\Spaceballs198738308_f.jpg"
"Spaceballs: Season 1","2008","88 mins","4.2","Animation; Comedy; Science Fiction","Vudu","Yes","2009","No","C:\Users\natha\OneDrive\Documents\Movie Collector\Images\SpaceballsSeason1200847674_f.jpg"
"SpaceCamp","1986","107 mins","5.8","Adventure; Family; Science Fiction","Blu-ray","No","","No","C:\Users\natha\OneDrive\Documents\Movie Collector\Images\SpaceCamp19861093_f.jpg"
"The Specialist","1994","110 mins","5.6","Action; Drama; Thriller","Vudu","No","","No","C:\Users\natha\OneDrive\Documents\Movie Collector\Images\TheSpecialist199430998_f.jpg"
"Speed","1994","116 mins","7.3","Action; Adventure; Thriller","Vudu","No","2000","No","C:\Users\natha\OneDrive\Documents\Movie Collector\Images\Speed199472693_f.jpg"
"Speed 2: Cruise Control","1997","121 mins","4.0","Action; Adventure; Crime; Romance; Thriller","Vudu","No","","No","C:\Users\natha\OneDrive\Documents\Movie Collector\Images\Speed2CruiseControl199772630_f.jpg"
"Spider-Man","2002","121 mins","7.4","Action; Adventure; Animation; Science Fiction; Thriller","Vudu","No","","No","C:\Users\natha\OneDrive\Documents\Movie Collector\Images\SpiderMan200228480_f.jpg"
"Spider-Man 2","2004","127 mins","7.5","Action; Adventure; Fantasy; Thriller","Vudu","No","2004","No","C:\Users\natha\OneDrive\Documents\Movie Collector\Images\SpiderMan2200431148_f.jpg"
"Spider-Man 3","2007","139 mins","6.3","Action; Adventure; Comedy; Fantasy; Thriller","Vudu","No","2007","No","C:\Users\natha\OneDrive\Documents\Movie Collector\Images\SpiderMan3200731151_f.jpg"
"The Amazing Spider-Man","2012","136 mins","6.9","Action; Adventure; Fantasy; Science Fiction; Thriller","Vudu","No","2012","No","C:\Users\natha\OneDrive\Documents\Movie Collector\Images\TheAmazingSpiderManVUDU41066_f.jpg"
"The Amazing Spider-Man 2","2014","142 mins","6.6","Action; Adventure; Fantasy","Vudu","No","2014","No","C:\Users\natha\OneDrive\Documents\Movie Collector\Images\TheAmazingSpiderMan2VUD41084_f.jpg"
"Spider-Man: Homecoming","2017","133 mins","7.4","Action; Adventure; Fantasy; Science Fiction","Vudu","No","","No","C:\Users\natha\OneDrive\Documents\Movie Collector\Images\SpiderManHomecoming201734484_f.jpg"
"Spider-Man: Far From Home","2019","129 mins","7.3","Action; Adventure; Science Fiction","Vudu","No","","No","C:\Users\natha\OneDrive\Documents\Movie Collector\Images\SpiderManFarFromHome20134477_f.jpg"
"Spider-Man: No Way Home","2021","148 mins","8.2","Action; Adventure; Fantasy; Science Fiction","Vudu","No","","No","C:\Users\natha\OneDrive\Documents\Movie Collector\Images\SpiderManNoWayHome202134425_f.jpg"
"Spider-Man: Into The Spider-Verse","2018","117 mins","8.4","Action; Adventure; Animation; Comedy; Family; Fantasy; Science Fiction","Vudu","No","","No","C:\Users\natha\OneDrive\Documents\Movie Collector\Images\SpiderManIntoTheSpiderVe75796_f.jpg"
"Spider-Man: Across the Spider-Verse","2023","140 mins","8.5","Action; Adventure; Animation; Fantasy; Science Fiction","Vudu","No","","No","C:\Users\natha\OneDrive\Documents\Movie Collector\Images\SpiderManAcrosstheSpider75471_f.jpg"
"Spiral","2021","93 mins","5.2","Horror; Thriller; Mystery","Vudu","No","","No","C:\Users\natha\OneDrive\Documents\Movie Collector\Images\Spiral202191039_f.jpg"
"The Spirit","2008","103 mins","4.7","Action; Crime; Fantasy; Thriller","Vudu","No","","No","C:\Users\natha\OneDrive\Documents\Movie Collector\Images\TheSpirit200891060Q9J4_f.jpg"
"Split","2016","117 mins","7.3","Horror; Thriller","Vudu","No","","No","C:\Users\natha\OneDrive\Documents\Movie Collector\Images\Split201672705_f.jpg"
"Spring Break","1983","102 mins","4.9","Comedy; Romance","Vudu","No","","No","C:\Users\natha\OneDrive\Documents\Movie Collector\Images\SpringBreak198343828_f.jpg"
"Spy Kids","2001","88 mins","5.6","Action; Adventure; Comedy; Family; Science Fiction","Vudu","No","2001","No","C:\Users\natha\OneDrive\Documents\Movie Collector\Images\SpyKids200172594_f.jpg"
"The Spy Who Came in from the Cold","1965","112 mins","7.5","Drama; Thriller","Vudu","No","","No","C:\Users\natha\OneDrive\Documents\Movie Collector\Images\TheSpyWhoCameinfromtheC92254_f.jpg"
"Spymate","2003","81 mins","4.0","Adventure; Family","DVD","No","","No","C:\Users\natha\OneDrive\Documents\Movie Collector\Images\Spymate200317582_f.jpg"
"St. Elmo's Fire","1985","110 mins","6.4","Drama; Romance","Vudu","No","","No","C:\Users\natha\OneDrive\Documents\Movie Collector\Images\StElmosFire198543934_f.jpg"
"Stalag 17","1953","120 mins","7.9","Comedy; Drama; War","Vudu","No","","No","C:\Users\natha\OneDrive\Documents\Movie Collector\Images\Stalag17195363549_f.jpg"
"A Star Is Born","2018","136 mins","7.6","Drama; Music; Romance","Vudu","No","","No","C:\Users\natha\OneDrive\Documents\Movie Collector\Images\AStarIsBorn201853933_f.jpg"
"A Star Is Born","1954","154 mins","7.5","Drama; Musical; Romance","Vudu","No","","No","C:\Users\natha\OneDrive\Documents\Movie Collector\Images\AStarIsBorn195444541_f.jpg"
"Star Trek: The Motion Picture","1979","132 mins","6.4","Adventure; Mystery; Science Fiction","Vudu","No","","No","C:\Users\natha\OneDrive\Documents\Movie Collector\Images\StarTrekTheMotionPicture31966_f.jpg"
"Star Trek II: The Wrath of Khan","1982","113 mins","7.7","Action; Adventure; Science Fiction","Vudu","No","","No","C:\Users\natha\OneDrive\Documents\Movie Collector\Images\StarTrekIITheWrathofKha31980_f.jpg"
"Star Trek III: The Search for Spock","1984","105 mins","6.7","Action; Adventure; Science Fiction","Vudu","No","","No","C:\Users\natha\OneDrive\Documents\Movie Collector\Images\StarTrekIIITheSearchfor31992_f.jpg"
"Star Trek IV: The Voyage Home","1986","119 mins","7.3","Adventure; Comedy; Science Fiction","Vudu","No","","No","C:\Users\natha\OneDrive\Documents\Movie Collector\Images\StarTrekIVTheVoyageHome32003_f.jpg"
"Star Trek V: The Final Frontier","1989","107 mins","5.5","Action; Adventure; Fantasy; Science Fiction; Thriller","Vudu","No","","No","C:\Users\natha\OneDrive\Documents\Movie Collector\Images\StarTrekVTheFinalFrontie32009_f.jpg"
"Star Trek VI: The Undiscovered Country","1991","110 mins","7.2","Action; Adventure; Science Fiction; Thriller","Vudu","No","","No","C:\Users\natha\OneDrive\Documents\Movie Collector\Images\StarTrekVITheUndiscovered32020_f.jpg"
"Star Trek: First Contact","1996","111 mins","7.6","Action; Adventure; Drama; Science Fiction; Thriller","Vudu","No","","No","C:\Users\natha\OneDrive\Documents\Movie Collector\Images\StarTrekFirstContact199632021_f.jpg"
"Star Trek: Nemesis","2002","116 mins","6.4","Action; Adventure; Science Fiction; Thriller","Vudu","No","","No","C:\Users\natha\OneDrive\Documents\Movie Collector\Images\StarTrekNemesis200232026_f.jpg"
"Star Trek","2009","127 mins","7.9","Action; Adventure; Science Fiction","Vudu","No","","No","C:\Users\natha\OneDrive\Documents\Movie Collector\Images\StarTrek200931948_f.jpg"
"Star Trek Into Darkness","2013","132 mins","7.7","Action; Adventure; Science Fiction","Vudu","No","","No","C:\Users\natha\OneDrive\Documents\Movie Collector\Images\StarTrekIntoDarkness201331955_f.jpg"
"Star Trek Beyond","2016","122 mins","7.0","Action; Adventure; Science Fiction; Thriller","Vudu","No","","No","C:\Users\natha\OneDrive\Documents\Movie Collector\Images\StarTrekBeyond201631959_f.jpg"
"Star Trek: Generations","1994","118 mins","6.6","Action; Adventure; Mystery; Science Fiction; Thriller","Vudu","No","","No","C:\Users\natha\OneDrive\Documents\Movie Collector\Images\StarTrekGenerations199417629_f.jpg"
"Star Trek: Insurrection","1998","103 mins","6.4","Action; Adventure; Science Fiction; Thriller","Vudu","No","","No","C:\Users\natha\OneDrive\Documents\Movie Collector\Images\StarTrekInsurrection199817647_f.jpg"
"Star Wars: Episode I - The Phantom Menace","1999","136 mins","6.5","Action; Adventure; Fantasy; Science Fiction","Vudu","No","","No","C:\Users\natha\OneDrive\Documents\Movie Collector\Images\StarWarsEpisodeIThePha32064_f.jpg"
"Star Wars: Episode Ii - Attack Of The Clones","2002","142 mins","6.6","Action; Adventure; Fantasy; Science Fiction","Vudu","No","","No","C:\Users\natha\OneDrive\Documents\Movie Collector\Images\StarWarsEpisodeIiAttack34295_f.jpg"
"Star Wars: Episode Iii - Revenge Of The Sith","2005","140 mins","7.6","Action; Adventure; Fantasy; Science Fiction","Vudu","No","","No","C:\Users\natha\OneDrive\Documents\Movie Collector\Images\StarWarsEpisodeIiiReven34300_f.jpg"
"Star Wars","1977","121 mins","8.6","Action; Adventure; Fantasy; Science Fiction","Vudu","No","","No","C:\Users\natha\OneDrive\Documents\Movie Collector\Images\StarWars197732047_f.jpg"
"Star Wars: Episode V - The Empire Strikes Back","1980","124 mins","8.7","Action; Adventure; Fantasy; Science Fiction","Vudu","No","","No","C:\Users\natha\OneDrive\Documents\Movie Collector\Images\StarWarsEpisodeVTheEmp34305_f.jpg"
"Star Wars: Episode Vi - Return Of The Jedi","1983","131 mins","8.3","Action; Adventure; Fantasy; Science Fiction","Vudu","No","","No","C:\Users\natha\OneDrive\Documents\Movie Collector\Images\StarWarsEpisodeViReturn32059_f.jpg"
"Star Wars: Episode VII: The Force Awakens","2015","136 mins","7.7","Action; Adventure; Fantasy; Science Fiction","Vudu","No","","No","C:\Users\natha\OneDrive\Documents\Movie Collector\Images\StarWarsEpisodeVIITheFo32030_f.jpg"
"Star Wars: Episode VIII: The Last Jedi","2017","152 mins","6.8","Action; Adventure; Fantasy; Science Fiction","Vudu","No","","No","C:\Users\natha\OneDrive\Documents\Movie Collector\Images\StarWarsEpisodeVIIITheL32038_f.jpg"
"Star Wars: Episode IX :The Rise Of Skywalker","2019","142 mins","6.3","Action; Adventure; Fantasy; Science Fiction","Vudu","No","","No","C:\Users\natha\OneDrive\Documents\Movie Collector\Images\StarWarsEpisodeIXTheRis32043_f.jpg"
"Star Wars: The Clone Wars","2008","98 mins","6.0","Action; Adventure; Animation","DVD","No","2008","No","C:\Users\natha\OneDrive\Documents\Movie Collector\Images\StarWarsTheCloneWars20038050_f.jpg"
"Starship Troopers","1997","129 mins","7.3","Action; Adventure; Science Fiction; Thriller","Vudu","No","","No","C:\Users\natha\OneDrive\Documents\Movie Collector\Images\StarshipTroopers199720520_f.jpg"
"Starship Troopers 2: Hero of the Federation","2004","88 mins","3.6","Action; Adventure; Horror; Science Fiction","Vudu","No","2004","No","C:\Users\natha\OneDrive\Documents\Movie Collector\Images\StarshipTroopers2Herooft53435_f.jpg"
"Starship Troopers 3: Marauder","2008","105 mins","4.4","Action; Adventure; Science Fiction","Vudu","No","","No","C:\Users\natha\OneDrive\Documents\Movie Collector\Images\StarshipTroopers3Marauder20534_f.jpg"
"State Fair","1962","119 mins","5.9","Musical; Romance","Vudu","No","","No","C:\Users\natha\OneDrive\Documents\Movie Collector\Images\StateFair196228651_f.jpg"
"Stealth","2005","121 mins","5.1","Action; Adventure; Science Fiction; Thriller","Vudu","No","","No","C:\Users\natha\OneDrive\Documents\Movie Collector\Images\Stealth200531854_f.jpg"
"Steamboat Willie","1928","8 mins","7.4","Animation; Comedy; Family; Musical","Vudu","No","","No","C:\Users\natha\OneDrive\Documents\Movie Collector\Images\SteamboatWillie192875528_f.jpg"
"Stella Dallas","1937","106 mins","7.4","Drama; Romance","","No","","No","C:\Users\natha\OneDrive\Documents\Movie Collector\Images\StellaDallas193794039_f.jpg"
"Step By Step: Season 1","1991","660 mins","6.5","Comedy; Family; Romance","Vudu","Yes","","No","C:\Users\natha\OneDrive\Documents\Movie Collector\Images\StepByStepSeason1199157642_f.jpg"
"Step By Step: Season 2","1992","720 mins","6.5","Comedy; Family; Romance","Vudu","Yes","","No","C:\Users\natha\OneDrive\Documents\Movie Collector\Images\StepByStepSeason2199257658_f.jpg"
"Step By Step: Season 3","1993","690 mins","6.5","Comedy; Family; Romance","Vudu","Yes","","No","C:\Users\natha\OneDrive\Documents\Movie Collector\Images\StepByStepSeason3199357669_f.jpg"
"Step By Step: Season 4","1994","720 mins","6.5","Comedy; Family; Romance","Vudu","Yes","","No","C:\Users\natha\OneDrive\Documents\Movie Collector\Images\StepByStepSeason4199457676_f.jpg"
"Step By Step: Season 5","1995","720 mins","6.5","Comedy; Family; Romance","Vudu","Yes","","No","C:\Users\natha\OneDrive\Documents\Movie Collector\Images\StepByStepSeason5199557682_f.jpg"
"Step By Step: Season 6","1997","720 mins","6.5","Comedy; Family; Romance","Vudu","Yes","","No","C:\Users\natha\OneDrive\Documents\Movie Collector\Images\StepByStepSeason6199757689_f.jpg"
"Step By Step: Season 7","1997","570 mins","6.5","Comedy; Family; Romance","Vudu","Yes","","No","C:\Users\natha\OneDrive\Documents\Movie Collector\Images\StepByStepSeason7199757697_f.jpg"
"The Stepford Wives","2004","93 mins","5.4","Comedy; Horror; Science Fiction; Thriller","DVD","No","2004","No","C:\Users\natha\OneDrive\Documents\Movie Collector\Images\TheStepfordWives200417458_f.jpg"
"Stepmom","1998","125 mins","6.8","Comedy; Drama","Vudu","No","","No","C:\Users\natha\OneDrive\Documents\Movie Collector\Images\Stepmom199841496_f.jpg"
"Stir of Echoes","1999","99 mins","6.9","Horror; Mystery; Thriller","Vudu","No","","No","C:\Users\natha\OneDrive\Documents\Movie Collector\Images\StirofEchoes199954343_f.jpg"
"Stitch! The Movie","2003","60 mins","6.1","Animation; Comedy; Family","DVD","No","2003","No","C:\Users\natha\OneDrive\Documents\Movie Collector\Images\StitchTheMovie200375902_f.jpg"
"The Stooge","1951","92 mins","6.7","Comedy; Drama; Music; Romance","Vudu","No","","No","C:\Users\natha\OneDrive\Documents\Movie Collector\Images\TheStooge195120248_f.jpg"
"Storks","2016","87 mins","6.8","Adventure; Animation; Comedy; Family; Fantasy","Vudu","No","","No",""
"The Story Of Robin Hood And His Merrie Men","1952","84 mins","6.5","Action; Adventure; Family","DVD","No","2009","No","C:\Users\natha\OneDrive\Documents\Movie Collector\Images\TheStoryOfRobinHoodAndHi38094_f.jpg"
"Straight Outta Nowhere: Scooby-Doo! Meets Courage the Cowardly Dog","2021","78 mins","6.3","Adventure; Animation; Comedy; Family; Fantasy; Horror; Mystery","Vudu","No","","No",""
"Strange World","2022","102 mins","5.7","Action; Adventure; Animation; Comedy; Family; Fantasy; Science Fiction","Vudu","No","","No","C:\Users\natha\OneDrive\Documents\Movie Collector\Images\StrangeWorld202273149_f.jpg"
"The Stranger","1946","95 mins","7.3","Crime; Drama; Film Noir; Mystery; Thriller","Vudu","No","","No","C:\Users\natha\OneDrive\Documents\Movie Collector\Images\TheStranger194620995_f.jpg"
"The Strangers: Chapter 2","2025","98 mins","4.7","Horror; Mystery","Vudu","No","","No","C:\Users\natha\OneDrive\Documents\Movie Collector\Images\TheStrangersChapter2202592000_f.jpg"
"A Streetcar Named Desire","1951","122 mins","7.9","Drama","Vudu","No","","No","C:\Users\natha\OneDrive\Documents\Movie Collector\Images\AStreetcarNamedDesire195153830_f.jpg"
"Striking Distance","1993","102 mins","5.9","Action; Crime; Mystery; Thriller","Vudu","No","","No","C:\Users\natha\OneDrive\Documents\Movie Collector\Images\StrikingDistance199343960_f.jpg"
"Stripes","1981","106 mins","6.8","Comedy; War","Vudu","No","","No","C:\Users\natha\OneDrive\Documents\Movie Collector\Images\Stripes198131841_f.jpg"
"The Strongest Man In The World","1975","92 mins","5.9","Comedy; Family","Vudu","No","","No","C:\Users\natha\OneDrive\Documents\Movie Collector\Images\TheStrongestManInTheWorld20649_f.jpg"
"Stuart Little","1999","84 mins","6.0","Adventure; Comedy; Family; Fantasy","DVD","No","2000","No","C:\Users\natha\OneDrive\Documents\Movie Collector\Images\StuartLittle199972822_f.jpg"
"The Substitute","1996","114 mins","6.1","Action; Crime; Drama; Thriller","Vudu","No","","No","C:\Users\natha\OneDrive\Documents\Movie Collector\Images\TheSubstitute199654381_f.jpg"
"Sudden Death","1995","111 mins","5.9","Action; Crime; Thriller","Vudu","No","","No","C:\Users\natha\OneDrive\Documents\Movie Collector\Images\SuddenDeath199563181_f.jpg"
"Suddenly, Last Summer","1959","114 mins","7.4","Drama; Mystery; Thriller","Vudu","No","","No","C:\Users\natha\OneDrive\Documents\Movie Collector\Images\SuddenlyLastSummer195920829_f.jpg"
"The Suicide Squad","2021","131 mins","7.2","Action; Adventure; Comedy; Science Fiction","Vudu","No","","No","C:\Users\natha\OneDrive\Documents\Movie Collector\Images\TheSuicideSquad20211644_f.jpg"
"Suicide Squad","2016","123 mins","5.9","Action; Adventure; Fantasy; Science Fiction","Vudu","No","","No","C:\Users\natha\OneDrive\Documents\Movie Collector\Images\SuicideSquad2016470_f.jpg"
"Sully","2016","96 mins","7.4","Biography; Drama","Vudu","No","","No","C:\Users\natha\OneDrive\Documents\Movie Collector\Images\Sully201672618_f.jpg"
"Sunday Bloody Sunday","1971","110 mins","6.9","Drama","Vudu","No","","No","C:\Users\natha\OneDrive\Documents\Movie Collector\Images\SundayBloodySunday197121011_f.jpg"
"Sunset Boulevard","1950","110 mins","8.4","Drama; Film Noir","Vudu","No","","No","C:\Users\natha\OneDrive\Documents\Movie Collector\Images\SunsetBoulevard195063538_f.jpg"
"Super 8","2011","112 mins","7.0","Action; Mystery; Science Fiction; Thriller","Vudu","No","","No","C:\Users\natha\OneDrive\Documents\Movie Collector\Images\Super8201131197_f.jpg"
"The Super Mario Bros. Movie","2023","92 mins","7.0","Adventure; Animation; Comedy; Family; Fantasy","Vudu","No","","No","C:\Users\natha\OneDrive\Documents\Movie Collector\Images\TheSuperMarioBrosMovie275423_f.jpg"
"Supergirl","1984","124 mins","4.4","Action; Adventure; Fantasy; Romance; Science Fiction","Vudu","No","","No","C:\Users\natha\OneDrive\Documents\Movie Collector\Images\Supergirl198444411_f.jpg"
"Superman","1978","143 mins","7.4","Action; Adventure; Animation; Fantasy","Vudu","No","","No","C:\Users\natha\OneDrive\Documents\Movie Collector\Images\Superman197831157_f.jpg"
"Superman","2025","129 mins","7.1","Action; Adventure; Science Fiction","Vudu","No","","No","C:\Users\natha\OneDrive\Documents\Movie Collector\Images\Superman202567050_f.jpg"
"Superman II","1980","128 mins","6.8","Action; Adventure; Animation; Fantasy","Vudu","No","","No","C:\Users\natha\OneDrive\Documents\Movie Collector\Images\SupermanII198031168_f.jpg"
"Superman III","1983","123 mins","5.0","Action; Animation; Comedy; Fantasy; Science Fiction","Vudu","No","","No","C:\Users\natha\OneDrive\Documents\Movie Collector\Images\SupermanIII198331176_f.jpg"
"Superman 4: The Quest For Peace","1987","90 mins","3.8","Action; Adventure; Fantasy","Vudu","No","","No","C:\Users\natha\OneDrive\Documents\Movie Collector\Images\Superman4TheQuestForPeac31189_f.jpg"
"Superman Returns","2006","154 mins","6.1","Action; Adventure; Fantasy","Vudu","No","","No","C:\Users\natha\OneDrive\Documents\Movie Collector\Images\SupermanReturns200666592_f.jpg"
"Man Of Steel","2013","143 mins","7.1","Action; Adventure; Fantasy; Science Fiction","Vudu","No","2013","No","C:\Users\natha\OneDrive\Documents\Movie Collector\Images\ManOfSteelVUDU201340634_f.jpg"
"Adventures of Superman: Season 1","1952","756 mins","7.7","Action; Adventure; Crime; Family; Science Fiction","Vudu","Yes","","No","C:\Users\natha\OneDrive\Documents\Movie Collector\Images\AdventuresofSupermanSeason47583_f.jpg"
"Adventures of Superman: Season 2","1953","780 mins","7.7","Action; Adventure; Crime; Family; Science Fiction","Vudu","Yes","","No","C:\Users\natha\OneDrive\Documents\Movie Collector\Images\AdventuresofSupermanSeason47596_f.jpg"
"Adventures of Superman: Season 3","1955","","7.7","Action; Adventure; Crime; Family; Science Fiction","Vudu","Yes","","No","C:\Users\natha\OneDrive\Documents\Movie Collector\Images\AdventuresofSupermanSeason47566_f.jpg"
"Adventures of Superman: Season 4","1956","","7.7","Action; Adventure; Crime; Family; Science Fiction","Vudu","Yes","","No","C:\Users\natha\OneDrive\Documents\Movie Collector\Images\AdventuresofSupermanSeason47604_f.jpg"
"Adventures of Superman: Season 5","1957","","7.7","Action; Adventure; Crime; Family; Science Fiction","Vudu","Yes","","No","C:\Users\natha\OneDrive\Documents\Movie Collector\Images\AdventuresofSupermanSeason47610_f.jpg"
"Adventures of Superman: Season 6","1958","","7.7","Action; Adventure; Crime; Family; Science Fiction","Vudu","Yes","","No","C:\Users\natha\OneDrive\Documents\Movie Collector\Images\AdventuresofSupermanSeason47614_f.jpg"
"The Survivors","1983","103 mins","5.8","Comedy; Crime; Drama","Vudu","No","","No","C:\Users\natha\OneDrive\Documents\Movie Collector\Images\TheSurvivors198320811_f.jpg"
"Sweeney Todd","2006","90 mins","6.8","Crime; Drama; Horror; Thriller","Vudu","No","","No","C:\Users\natha\OneDrive\Documents\Movie Collector\Images\SweeneyTodd200620502_f.jpg"
"Sweet Home Alabama","2002","108 mins","6.2","Comedy; Romance","Vudu","No","","No","C:\Users\natha\OneDrive\Documents\Movie Collector\Images\SweetHomeAlabama200264063_f.jpg"
"Swiss Family Robinson","1960","126 mins","7.1","Adventure; Animation; Family","Vudu","No","1995","No","C:\Users\natha\OneDrive\Documents\Movie Collector\Images\SwissFamilyRobinson196053286_f.jpg"
"The Sword In The Stone","1963","79 mins","7.1","Animation; Family; Fantasy","Vudu","No","2013","No","C:\Users\natha\OneDrive\Documents\Movie Collector\Images\TheSwordInTheStoneVUDU78390_f.jpg"
"Tag","2018","100 mins","6.5","Action; Comedy","Vudu","No","","No","C:\Users\natha\OneDrive\Documents\Movie Collector\Images\Tag201831720_f.jpg"
"Taken","2008","90 mins","7.7","Action; Crime; Thriller","Vudu","No","2009","No","C:\Users\natha\OneDrive\Documents\Movie Collector\Images\Taken200853449_f.jpg"
"The Taking of Pelham 123","2009","106 mins","6.4","Action; Crime; Thriller","Vudu","No","","No","C:\Users\natha\OneDrive\Documents\Movie Collector\Images\TheTakingofPelham123200920749_f.jpg"
"The Tale of Despereaux","2008","93 mins","6.1","Adventure; Animation; Comedy; Family; Fantasy","Vudu","No","2009","No","C:\Users\natha\OneDrive\Documents\Movie Collector\Images\TheTaleofDespereaux20081988_f.jpg"
"The Talented Mr. Ripley","1999","139 mins","7.4","Crime; Drama; Thriller","Vudu","No","","No","C:\Users\natha\OneDrive\Documents\Movie Collector\Images\TheTalentedMrRipley199921197_f.jpg"
"The Talk of the Town","1942","118 mins","7.5","Comedy; Drama; Romance; Thriller","Vudu","No","","No","C:\Users\natha\OneDrive\Documents\Movie Collector\Images\TheTalkoftheTown194220847_f.jpg"
"The Taming of The Shrew","1967","122 mins","7.1","Comedy; Drama; Romance","Vudu","No","","No","C:\Users\natha\OneDrive\Documents\Movie Collector\Images\TheTamingofTheShrew196720793_f.jpg"
"Tangled","2010","101 mins","7.7","Animation; Comedy; Drama; Family","Vudu","No","2011","No","C:\Users\natha\OneDrive\Documents\Movie Collector\Images\TangledVUDU201078240_f.jpg"
"Tango & Cash","1989","104 mins","6.4","Action; Adventure; Comedy; Crime","Vudu","No","1993","No","C:\Users\natha\OneDrive\Documents\Movie Collector\Images\TangoCash198931804_f.jpg"
"Tarzan","1999","88 mins","7.3","Adventure; Animation; Family","Vudu","No","2000","No","C:\Users\natha\OneDrive\Documents\Movie Collector\Images\Tarzan199978695_f.jpg"
"Tarzan II","2005","72 mins","5.5","Adventure; Animation; Family","Vudu","No","2005","No","C:\Users\natha\OneDrive\Documents\Movie Collector\Images\TarzanII200575904_f.jpg"
"Teenage Mutant Ninja Turtles","2014","101 mins","5.8","Action; Adventure; Animation; Comedy; Fantasy; Science Fiction","Vudu","No","","No","C:\Users\natha\OneDrive\Documents\Movie Collector\Images\TeenageMutantNinjaTurtles28588_f.jpg"
"Teenage Mutant Ninja Turtles","1990","93 mins","6.8","Action; Adventure; Comedy; Family; Science Fiction","Vudu","No","","No","C:\Users\natha\OneDrive\Documents\Movie Collector\Images\TeenageMutantNinjaTurtles72716_f.jpg"
"Teenage Mutant Ninja Turtles Ii: The Secret Of The Ooze","1991","88 mins","6.0","Action; Adventure; Comedy; Family; Science Fiction","Vudu","No","","No","C:\Users\natha\OneDrive\Documents\Movie Collector\Images\TeenageMutantNinjaTurtlesI31232_f.jpg"
"Teenage Mutant Ninja Turtles Iii","1993","96 mins","4.8","Action; Adventure; Comedy; Family; Fantasy; Science Fiction","Vudu","No","","No","C:\Users\natha\OneDrive\Documents\Movie Collector\Images\TeenageMutantNinjaTurtlesI31213_f.jpg"
"Teenage Mutant Ninja Turtles: Mutant Mayhem","2023","99 mins","7.2","Action; Adventure; Animation; Comedy; Family; Fantasy; Science Fiction","Vudu","No","","No","C:\Users\natha\OneDrive\Documents\Movie Collector\Images\TeenageMutantNinjaTurtles35243_f.jpg"
"Teenage Mutant Ninja Turtles: Out Of The Shadows","2016","112 mins","5.9","Action; Adventure; Comedy; Fantasy; Science Fiction","Vudu","No","","No","C:\Users\natha\OneDrive\Documents\Movie Collector\Images\TeenageMutantNinjaTurtles28574_f.jpg"
"The Ten Commandments","1956","220 mins","7.9","Adventure; Drama","Vudu","No","","No","C:\Users\natha\OneDrive\Documents\Movie Collector\Images\TheTenCommandments195628041_f.jpg"
"Tenet","2020","150 mins","7.3","Action; Science Fiction; Thriller","Vudu","No","","No","C:\Users\natha\OneDrive\Documents\Movie Collector\Images\Tenet202018017_f.jpg"
"The Terminal","2004","128 mins","7.4","Comedy; Drama; Romance","Vudu","No","2004","No","C:\Users\natha\OneDrive\Documents\Movie Collector\Images\TheTerminal20042009_f.jpg"
"The Terminator","1984","107 mins","8.1","Action; Science Fiction","Vudu","No","1993","No","C:\Users\natha\OneDrive\Documents\Movie Collector\Images\TheTerminator19841747_f.jpg"
"Terminator 2: Judgment Day","1991","137 mins","8.6","Action; Science Fiction","Vudu","No","","No","C:\Users\natha\OneDrive\Documents\Movie Collector\Images\Terminator2JudgmentDay1920280_f.jpg"
"Terminator 3: Rise of the Machines","2003","109 mins","6.3","Action; Science Fiction","Vudu","No","","No","C:\Users\natha\OneDrive\Documents\Movie Collector\Images\Terminator3RiseoftheMach20292_f.jpg"
"Terminator Genisys","2015","126 mins","6.3","Action; Adventure; Science Fiction; Thriller","Vudu","No","","No","C:\Users\natha\OneDrive\Documents\Movie Collector\Images\TerminatorGenisys201520306_f.jpg"
"Terminator: Dark Fate","2019","128 mins","6.2","Action; Adventure; Science Fiction","Vudu","No","","No","C:\Users\natha\OneDrive\Documents\Movie Collector\Images\TerminatorDarkFate201920318_f.jpg"
"Terms of Endearment","1983","132 mins","7.4","Comedy; Drama","Vudu","No","","No","C:\Users\natha\OneDrive\Documents\Movie Collector\Images\TermsofEndearment198392121_f.jpg"
"The Texas Chainsaw Massacre","2003","98 mins","6.2","Crime; Horror","DVD","No","2004","No","C:\Users\natha\OneDrive\Documents\Movie Collector\Images\TheTexasChainsawMassacre217491_f.jpg"
"Thank God It's Friday","1978","89 mins","5.5","Comedy; Music","Vudu","No","","No","C:\Users\natha\OneDrive\Documents\Movie Collector\Images\ThankGodItsFriday197837837_f.jpg"
"Thank You God For Colors And Shapes","","","0","Animation; Religious","DVD","No","","No","C:\Users\natha\OneDrive\Documents\Movie Collector\Images\ThankYouGodForColorsAndS66803_f.jpg"
"That's Entertainment!","1974","135 mins","7.8","Documentary; Family; Musical","DVD","No","","No","C:\Users\natha\OneDrive\Documents\Movie Collector\Images\ThatsEntertainment197417421_f.jpg"
"The Sixties: Season 1","2014","491 mins","8.4","Documentary; History","Vudu","Yes","","No","C:\Users\natha\OneDrive\Documents\Movie Collector\Images\TheSixtiesSeason1201450797_f.jpg"
"The Seventies","2015","336 mins","8.2","Documentary; History","Vudu","Yes","","No","C:\Users\natha\OneDrive\Documents\Movie Collector\Images\TheSeventies201550833_f.jpg"
"The Eighties","2016","97 mins","8.2","Documentary; History","Vudu","Yes","","No","C:\Users\natha\OneDrive\Documents\Movie Collector\Images\TheEighties201650845_f.jpg"
"The Nineties: Season 1","2017","465 mins","8.1","Documentary; History","Vudu","Yes","","No","C:\Users\natha\OneDrive\Documents\Movie Collector\Images\TheNinetiesSeason1201750815_f.jpg"
"The 2000s","2018","350 mins","8.0","Documentary","Vudu","Yes","","No","C:\Users\natha\OneDrive\Documents\Movie Collector\Images\The2000s201850854_f.jpg"
"Dr. Seuss: The Cat In The Hat","1971","","7.2","Animation","DVD","No","2004","No","C:\Users\natha\OneDrive\Documents\Movie Collector\Images\DrSeussTheCatInTheHat72798_f.jpg"
"Theater of Blood","1973","104 mins","7.1","Comedy; Drama; Horror","Vudu","No","","No","C:\Users\natha\OneDrive\Documents\Movie Collector\Images\TheaterofBlood197321032_f.jpg"
"Thelma & Louise","1991","130 mins","7.6","Adventure; Crime; Drama","Vudu","No","","No","C:\Users\natha\OneDrive\Documents\Movie Collector\Images\ThelmaLouise199120929_f.jpg"
"There Will Be Blood","2007","158 mins","8.2","Drama","Vudu","No","","No","C:\Users\natha\OneDrive\Documents\Movie Collector\Images\ThereWillBeBlood20071944_f.jpg"
"This Is 40","2012","134 mins","6.2","Comedy; Romance","Vudu","No","","No","C:\Users\natha\OneDrive\Documents\Movie Collector\Images\ThisIs40201220471_f.jpg"
"Thomas & Friends: Make Someone Happy And Other Thomas Adventures","1995","35 mins","0","Animation; Children; Family","DVD","No","2002","No","C:\Users\natha\OneDrive\Documents\Movie Collector\Images\ThomasFriendsMakeSomeone72745_f.jpg"
"Thomas And The Magic Railroad","2000","86 mins","4.3","Family; Fantasy","Vudu","No","2001","No","C:\Users\natha\OneDrive\Documents\Movie Collector\Images\ThomasAndTheMagicRailroad78700_f.jpg"
"The Thomas Crown Affair","1999","113 mins","6.9","Crime; Romance; Thriller","Vudu","No","2000","No","C:\Users\natha\OneDrive\Documents\Movie Collector\Images\TheThomasCrownAffair199944378_f.jpg"
"Thor","2011","115 mins","7.0","Action; Adventure; Drama; Fantasy; Science Fiction; Thriller","Vudu","No","","No","C:\Users\natha\OneDrive\Documents\Movie Collector\Images\Thor201166611_f.jpg"
"Thor: The Dark World","2013","112 mins","6.7","Action; Adventure; Fantasy","Vudu","No","","No","C:\Users\natha\OneDrive\Documents\Movie Collector\Images\ThorTheDarkWorld201366613_f.jpg"
"Thor: Ragnarök","2017","130 mins","7.9","Action; Adventure; Comedy; Fantasy; Science Fiction","Vudu","No","","No","C:\Users\natha\OneDrive\Documents\Movie Collector\Images\ThorRagnark201731816_f.jpg"
"Thor: Love and Thunder","2022","119 mins","6.1","Action; Adventure; Comedy; Fantasy; Romance; Science Fiction","Vudu","No","","No","C:\Users\natha\OneDrive\Documents\Movie Collector\Images\ThorLoveandThunder202231733_f.jpg"
"The Three Caballeros","1945","72 mins","6.3","Animation; Family; Musical","Vudu","No","","No","C:\Users\natha\OneDrive\Documents\Movie Collector\Images\TheThreeCaballeros194553320_f.jpg"
"The Three Lives Of Thomasina","1963","97 mins","7.2","Drama; Family; Fantasy; Mystery; Science Fiction; Thriller","VHS","No","","No","C:\Users\natha\OneDrive\Documents\Movie Collector\Images\TheThreeLivesOfThomasina20367_f.jpg"
"The Three Musketeers","1993","105 mins","6.4","Action; Comedy; Family; Romance","Vudu","No","2001","No","C:\Users\natha\OneDrive\Documents\Movie Collector\Images\TheThreeMusketeers199353185_f.jpg"
"Thru the Mirror","1936","9 mins","7.5","Animation; Comedy; Family; Fantasy; Music","Vudu","No","","No","C:\Users\natha\OneDrive\Documents\Movie Collector\Images\ThrutheMirror193635316_f.jpg"
"Thunderbolt and Lightfoot","1974","115 mins","7.0","Action; Comedy; Crime; Drama","Vudu","No","","No","C:\Users\natha\OneDrive\Documents\Movie Collector\Images\ThunderboltandLightfoot19731867_f.jpg"
"Thunderbolts*","2025","127 mins","7.1","Action; Adventure; Crime; Drama; Fantasy; Science Fiction","Vudu","No","","No","C:\Users\natha\OneDrive\Documents\Movie Collector\Images\Thunderbolts202564247_f.jpg"
"Ticket to Paradise","2022","104 mins","6.1","Comedy; Romance","Vudu","No","","No","C:\Users\natha\OneDrive\Documents\Movie Collector\Images\TickettoParadise20221725_f.jpg"
"Tickle Me","1965","91 mins","5.8","Comedy; Romance; Western","DVD","No","","No","C:\Users\natha\OneDrive\Documents\Movie Collector\Images\TickleMe196531684_f.jpg"
"The Tigger Movie","2000","77 mins","6.4","Animation; Comedy; Family","Blu-ray; DVD; Vudu","No","2012","No","C:\Users\natha\OneDrive\Documents\Movie Collector\Images\TheTiggerMovie200075930_f.jpg"
"A Time to Kill","1996","149 mins","7.5","Crime; Drama; Thriller","Vudu","No","","No","C:\Users\natha\OneDrive\Documents\Movie Collector\Images\ATimetoKill19961661_f.jpg"
"Timmy Time: Timmy Needs A Bath","2009","45 mins","7.2","Family","DVD","No","","No","C:\Users\natha\OneDrive\Documents\Movie Collector\Images\TimmyTimeTimmyNeedsABath34932_f.jpg"
"Tinker Bell","2008","78 mins","6.7","Animation; Family; Fantasy","Blu-ray","No","2008","No","C:\Users\natha\OneDrive\Documents\Movie Collector\Images\TinkerBell200838072_f.jpg"
"Tinker Bell: Secret Of The Wings","2012","92 mins","7.0","Action; Animation; Family; Fantasy","Blu-ray","No","2012","No","C:\Users\natha\OneDrive\Documents\Movie Collector\Images\TinkerBellSecretOfTheWin38081_f.jpg"
"Titanic","1997","194 mins","7.9","Drama; Romance","Vudu","No","","No","C:\Users\natha\OneDrive\Documents\Movie Collector\Images\Titanic199770022_f.jpg"
"To Catch a Thief","1955","106 mins","7.4","Drama; Mystery; Romance; Thriller","Vudu","No","","No","C:\Users\natha\OneDrive\Documents\Movie Collector\Images\ToCatchaThief195563444_f.jpg"
"To Kill A Mockingbird","1962","129 mins","8.3","Crime; Drama; Thriller","Vudu","No","","No","C:\Users\natha\OneDrive\Documents\Movie Collector\Images\ToKillAMockingbird196217826_f.jpg"
"To Save A Life","2009","120 mins","6.8","Drama","Vudu","No","2010","No","C:\Users\natha\OneDrive\Documents\Movie Collector\Images\ToSaveALife200931758_f.jpg"
"To Sir, with Love","1967","105 mins","7.6","Drama","Vudu","No","","No","C:\Users\natha\OneDrive\Documents\Movie Collector\Images\ToSirwithLove196720719_f.jpg"
"Tom And Huck","1995","97 mins","5.5","Action; Adventure; Drama; Family","Vudu","No","1996","No","C:\Users\natha\OneDrive\Documents\Movie Collector\Images\TomAndHuck199553294_f.jpg"
"Tom and Jerry: A Nutcracker Tale","2007","47 mins","6.4","Action; Adventure; Animation; Comedy; Family; Fantasy; Musical","Vudu","No","","No","C:\Users\natha\OneDrive\Documents\Movie Collector\Images\TomandJerryANutcrackerTa35279_f.jpg"
"Tom and Jerry: Willy Wonka and the Chocolate Factory","2017","79 mins","5.0","Adventure; Animation; Comedy; Family; Fantasy; Musical","Vudu","No","","No","C:\Users\natha\OneDrive\Documents\Movie Collector\Images\TomandJerryWillyWonkaand75497_f.jpg"
"Tomb Raider","2018","119 mins","6.3","Action; Adventure; Fantasy; Thriller","Vudu","No","","No","C:\Users\natha\OneDrive\Documents\Movie Collector\Images\TombRaider2018809_f.jpg"
"Tommy","1975","111 mins","6.6","Drama; Musical","Vudu","No","","No","C:\Users\natha\OneDrive\Documents\Movie Collector\Images\Tommy197520760_f.jpg"
"Tommy Boy","1995","93 mins","7.1","Comedy; Family","Vudu","No","","No","C:\Users\natha\OneDrive\Documents\Movie Collector\Images\TommyBoy199531819_f.jpg"
"Tomorrow Is Forever","1946","104 mins","7.3","Drama; Romance; War","Vudu","No","","No","C:\Users\natha\OneDrive\Documents\Movie Collector\Images\TomorrowIsForever194621050_f.jpg"
"The Tomorrow War","2021","138 mins","6.6","Action; Adventure; Drama; Science Fiction; Thriller","Vudu","No","","No","C:\Users\natha\OneDrive\Documents\Movie Collector\Images\TheTomorrowWar202157219_f.jpg"
"Tomorrowland","2014","130 mins","6.4","Action; Adventure; Family; Fantasy; Mystery; Science Fiction","Vudu","No","2015","No","C:\Users\natha\OneDrive\Documents\Movie Collector\Images\Tomorrowland201478408_f.jpg"
"Tooth Fairy","2010","101 mins","5.1","Comedy; Family; Fantasy; Sports","Vudu","No","2010","No","C:\Users\natha\OneDrive\Documents\Movie Collector\Images\ToothFairy201078852_f.jpg"
"Tootsie","1982","116 mins","7.4","Comedy; Drama; Romance","Vudu","No","","No","C:\Users\natha\OneDrive\Documents\Movie Collector\Images\Tootsie198220703_f.jpg"
"Top Gun","1986","110 mins","7.0","Action; Romance; War","Vudu","No","2011","No","C:\Users\natha\OneDrive\Documents\Movie Collector\Images\TopGun198631781_f.jpg"
"Top Gun: Maverick","2022","109 mins","8.2","Action; Drama","Vudu","No","","No","C:\Users\natha\OneDrive\Documents\Movie Collector\Images\TopGunMaverick20221701_f.jpg"
"Topaz","1969","143 mins","6.2","Drama; Thriller","Vudu","No","","No","C:\Users\natha\OneDrive\Documents\Movie Collector\Images\Topaz196917928_f.jpg"
"Torn Curtain","1966","128 mins","6.6","Drama; Romance; Thriller","Vudu","No","","No","C:\Users\natha\OneDrive\Documents\Movie Collector\Images\TornCurtain196617944_f.jpg"
"Total Recall","1990","113 mins","7.5","Action; Adventure; Science Fiction","Vudu","No","","No","C:\Users\natha\OneDrive\Documents\Movie Collector\Images\TotalRecall199041193_f.jpg"
"Tour of Mythicality","","100 mins","7.0","Comedy","Google Play","No","","No","C:\Users\natha\OneDrive\Documents\Movie Collector\Images\TourofMythicality69634_f.jpg"
"The Tourist","2010","103 mins","6.0","Action; Thriller","","No","","No","C:\Users\natha\OneDrive\Documents\Movie Collector\Images\TheTourist201094085_f.jpg"
"Tower Of Terror","1997","89 mins","6.2","Adventure; Comedy; Family; Fantasy; Horror; Thriller","DVD","No","","No","C:\Users\natha\OneDrive\Documents\Movie Collector\Images\TowerOfTerror199717787_f.jpg"
"The Town","2010","125 mins","7.5","Crime; Drama; Thriller","Vudu","No","","No","C:\Users\natha\OneDrive\Documents\Movie Collector\Images\TheTown201087716ZLZ8_f.jpg"
"Toy Soldiers","1991","104 mins","6.6","Action; Adventure; Comedy","Vudu","No","","No","C:\Users\natha\OneDrive\Documents\Movie Collector\Images\ToySoldiers199134624_f.jpg"
"Toy Story","1995","81 mins","8.3","Adventure; Animation; Comedy; Family; Fantasy","Vudu","No","","No","C:\Users\natha\OneDrive\Documents\Movie Collector\Images\ToyStory199575713_f.jpg"
"Toy Story 2","1999","92 mins","7.9","Adventure; Animation; Comedy; Family; Fantasy","Vudu","No","","No","C:\Users\natha\OneDrive\Documents\Movie Collector\Images\ToyStory2199975722_f.jpg"
"Toy Story 3","2010","103 mins","8.3","Adventure; Animation; Comedy; Family; Fantasy","Vudu","No","","No","C:\Users\natha\OneDrive\Documents\Movie Collector\Images\ToyStory3201075726_f.jpg"
"Toy Story 4","2019","100 mins","7.6","Adventure; Animation; Comedy; Family; Fantasy","Vudu","No","","No","C:\Users\natha\OneDrive\Documents\Movie Collector\Images\ToyStory4201975394_f.jpg"
"Track Down","2000","","0","Action; Drama; Thriller","Vudu","No","2004","No","C:\Users\natha\OneDrive\Documents\Movie Collector\Images\TrackDown200069846_f.jpg"
"Traffik","2018","96 mins","5.9","Action; Thriller","Vudu","No","","No","C:\Users\natha\OneDrive\Documents\Movie Collector\Images\Traffik201857491_f.jpg"
"The Train","1964","133 mins","7.8","Action; Thriller; War","Vudu","No","","No","C:\Users\natha\OneDrive\Documents\Movie Collector\Images\TheTrain196421065_f.jpg"
"Trainwreck","2015","125 mins","6.2","Comedy; Drama; Romance","Vudu","No","","No","C:\Users\natha\OneDrive\Documents\Movie Collector\Images\Trainwreck201560726_f.jpg"
"Traitor","2008","114 mins","6.9","Action; Crime; Drama; Thriller","Vudu","No","","No","C:\Users\natha\OneDrive\Documents\Movie Collector\Images\Traitor200827966_f.jpg"
"Transformers","2007","144 mins","7.1","Action; Adventure; Family; Science Fiction","Vudu","No","2011","No","C:\Users\natha\OneDrive\Documents\Movie Collector\Images\Transformers200738382_f.jpg"
"Transformers: Revenge Of The Fallen","2009","150 mins","6.0","Action; Adventure; Science Fiction","Vudu","No","2011","No","C:\Users\natha\OneDrive\Documents\Movie Collector\Images\TransformersRevengeOfTheF4464_f.jpg"
"Transformers: Dark Of The Moon","2011","154 mins","6.2","Action; Adventure; Science Fiction","Vudu","No","2011","No","C:\Users\natha\OneDrive\Documents\Movie Collector\Images\TransformersDarkOfTheMoon38387_f.jpg"
"Transformers: Age Of Extinction","2014","164 mins","5.6","Action; Adventure; Science Fiction","Vudu","No","2014","No","C:\Users\natha\OneDrive\Documents\Movie Collector\Images\TransformersAgeOfExtinctio4484_f.jpg"
"Transformers: The Last Knight","2017","154 mins","5.2","Action; Adventure; Science Fiction; Thriller","Vudu","No","","No","C:\Users\natha\OneDrive\Documents\Movie Collector\Images\TransformersTheLastKnight4498_f.jpg"
"Transformers One","2024","104 mins","7.6","Action; Adventure; Animation; Family; Fantasy; Science Fiction","Vudu","No","","No","C:\Users\natha\OneDrive\Documents\Movie Collector\Images\TransformersOne202454091_f.jpg"
"Transformers Prime: One Shall Stand","2012","143 mins","0","Animation","DVD","No","2012","No","C:\Users\natha\OneDrive\Documents\Movie Collector\Images\TransformersPrimeOneShall70247_f.jpg"
"Transformers: Rise of the Beasts","2023","127 mins","6.0","Action; Adventure; Science Fiction","Vudu","No","","No","C:\Users\natha\OneDrive\Documents\Movie Collector\Images\TransformersRiseoftheBeas4569_f.jpg"
"The Transformers: The Movie","1986","85 mins","7.2","Action; Adventure; Animation; Family; Science Fiction","Vudu","No","","No","C:\Users\natha\OneDrive\Documents\Movie Collector\Images\TheTransformersTheMovie135032_f.jpg"
"The Transporter","2002","92 mins","6.8","Action; Crime; Thriller","Blu-ray","No","2006","No","C:\Users\natha\OneDrive\Documents\Movie Collector\Images\TheTransporter200220584_f.jpg"
"Transporter 2","2005","87 mins","6.3","Action; Crime; Thriller","Blu-ray","No","2006","No","C:\Users\natha\OneDrive\Documents\Movie Collector\Images\Transporter2200520606_f.jpg"
"Transporter 3","2008","104 mins","6.1","Action; Thriller","Vudu","No","","No","C:\Users\natha\OneDrive\Documents\Movie Collector\Images\Transporter3200887834WT00_f.jpg"
"Trap","2024","105 mins","5.8","Crime; Horror; Mystery; Thriller","Vudu","No","","No","C:\Users\natha\OneDrive\Documents\Movie Collector\Images\Trap202478888_f.jpg"
"Treasure Island","1990","131 mins","7.0","Action; Adventure; Family","Vudu","No","","No","C:\Users\natha\OneDrive\Documents\Movie Collector\Images\TreasureIsland199053338_f.jpg"
"Treasure Planet","2002","95 mins","7.2","Adventure; Animation; Family","Vudu","No","2012","No","C:\Users\natha\OneDrive\Documents\Movie Collector\Images\TreasurePlanet200278314_f.jpg"
"Trees Lounge","1996","95 mins","7.1","Comedy; Drama","Vudu","No","","No","C:\Users\natha\OneDrive\Documents\Movie Collector\Images\TreesLounge199691079JA34_f.jpg"
"Trespass","1992","101 mins","6.3","Action; Thriller","Vudu","No","","No","C:\Users\natha\OneDrive\Documents\Movie Collector\Images\Trespass199263210_f.jpg"
"Trolls","2016","92 mins","6.4","Adventure; Animation; Comedy; Family","Vudu","No","","No","C:\Users\natha\OneDrive\Documents\Movie Collector\Images\Trolls201675317_f.jpg"
"Trolls Band Together","2023","91 mins","6.0","Adventure; Animation; Comedy; Family; Fantasy; Music","Vudu","No","","No","C:\Users\natha\OneDrive\Documents\Movie Collector\Images\TrollsBandTogether202378880_f.jpg"
"Trolls World Tour","2020","91 mins","6.1","Adventure; Animation; Comedy; Family; Fantasy; Musical; Romance","Vudu","No","","No","C:\Users\natha\OneDrive\Documents\Movie Collector\Images\TrollsWorldTour202078872_f.jpg"
"TRON","1982","96 mins","6.7","Action; Adventure; Science Fiction","Vudu","No","","No","C:\Users\natha\OneDrive\Documents\Movie Collector\Images\TRON19824590_f.jpg"
"Tron: Legacy","2011","127 mins","6.8","Action; Adventure; Science Fiction","Vudu","No","2011","No","C:\Users\natha\OneDrive\Documents\Movie Collector\Images\TronLegacyVUDU201138392_f.jpg"
"Troop Beverly Hills","1989","105 mins","6.0","Adventure; Comedy","Vudu","No","","No","C:\Users\natha\OneDrive\Documents\Movie Collector\Images\TroopBeverlyHills198937645_f.jpg"
"The Trouble with Harry","1955","99 mins","7.0","Comedy; Mystery","Vudu","No","","No","C:\Users\natha\OneDrive\Documents\Movie Collector\Images\TheTroublewithHarry195531702_f.jpg"
"Trouble With The Curve","2012","111 mins","6.8","Drama; Romance; Sports","Vudu","No","","No","C:\Users\natha\OneDrive\Documents\Movie Collector\Images\TroubleWithTheCurve201257022_f.jpg"
"True Grit","1969","128 mins","7.4","Adventure; Drama; Western","Vudu","No","","No","C:\Users\natha\OneDrive\Documents\Movie Collector\Images\TrueGrit196992226_f.jpg"
"True Lies","1994","141 mins","7.3","Action; Comedy; Thriller","Vudu","No","1999","No","C:\Users\natha\OneDrive\Documents\Movie Collector\Images\TrueLies199456890_f.jpg"
"The Truman Show","1998","103 mins","8.2","Comedy; Drama","Vudu","No","","No","C:\Users\natha\OneDrive\Documents\Movie Collector\Images\TheTrumanShow199863304_f.jpg"
"Turbo","2013","96 mins","6.4","Adventure; Animation; Comedy; Family; Sports","Vudu","No","","No","C:\Users\natha\OneDrive\Documents\Movie Collector\Images\Turbo201375251_f.jpg"
"Turbo: A Power Rangers Movie","1997","99 mins","3.7","Action; Adventure; Comedy; Family; Fantasy","DVD","No","2003","No","C:\Users\natha\OneDrive\Documents\Movie Collector\Images\TurboAPowerRangersMovie75937_f.jpg"
"Tweety's High-Flying Adventure","2000","72 mins","5.7","Adventure; Animation; Comedy; Family; Musical","Vudu","No","","No","C:\Users\natha\OneDrive\Documents\Movie Collector\Images\TweetysHighFlyingAdventure6943383YZ_f.jpg"
"Really Wooly: The Gift Of Christmas","2004","85 mins","5.7","Comedy; Family; Fantasy","DVD","No","","No","C:\Users\natha\OneDrive\Documents\Movie Collector\Images\ReallyWoolyTheGiftOfChri34897_f.jpg"
"Twilight","2008","122 mins","5.4","Action; Fantasy; Horror; Romance; Thriller","Vudu","No","2009","No","C:\Users\natha\OneDrive\Documents\Movie Collector\Images\Twilight200870081_f.jpg"
"The Twilight Saga: New Moon","2009","130 mins","4.8","Fantasy; Horror; Romance","Vudu","No","2010","No","C:\Users\natha\OneDrive\Documents\Movie Collector\Images\TheTwilightSagaNewMoon270084_f.jpg"
"The Twilight Saga: Eclipse","2010","124 mins","5.1","Drama; Fantasy; Romance","Vudu","No","2010","No","C:\Users\natha\OneDrive\Documents\Movie Collector\Images\TheTwilightSagaEclipse2070016_f.jpg"
"The Twilight Saga: Breaking Dawn: Part 1","2011","109 mins","5.0","Fantasy; Romance; Thriller","Vudu","No","2012","No","C:\Users\natha\OneDrive\Documents\Movie Collector\Images\TheTwilightSagaBreakingDa70001_f.jpg"
"The Twilight Saga: Breaking Dawn: Part 2","2012","115 mins","5.6","Adventure; Drama; Fantasy; Romance","Vudu","No","2013","No","C:\Users\natha\OneDrive\Documents\Movie Collector\Images\TheTwilightSagaBreakingDa70012_f.jpg"
"The Twilight Zone: Season 1","2019","445 mins","6.0","Drama; Fantasy; Horror; Mystery; Science Fiction; Thriller","Vudu","Yes","","No","C:\Users\natha\OneDrive\Documents\Movie Collector\Images\TheTwilightZoneSeason1247200_f.jpg"
"The Twilight Zone: Season 2","2020","386 mins","6.0","Drama; Fantasy; Horror; Mystery; Science Fiction; Thriller","Vudu","Yes","","No","C:\Users\natha\OneDrive\Documents\Movie Collector\Images\TheTwilightZoneSeason2247216_f.jpg"
"The Twilight Zone: Season 1","1959","930 mins","9.0","Drama; Fantasy; Horror; Mystery; Science Fiction; Thriller","Vudu","Yes","","No","C:\Users\natha\OneDrive\Documents\Movie Collector\Images\TheTwilightZoneSeason1147143_f.jpg"
"The Twilight Zone: Season 2","1960","900 mins","9.0","Drama; Fantasy; Horror; Mystery; Science Fiction; Thriller","Vudu","Yes","","No","C:\Users\natha\OneDrive\Documents\Movie Collector\Images\TheTwilightZoneSeason2147161_f.jpg"
"The Twilight Zone: Season 3","1961","960 mins","9.0","Drama; Fantasy; Horror; Mystery; Science Fiction; Thriller","Vudu","Yes","","No","C:\Users\natha\OneDrive\Documents\Movie Collector\Images\TheTwilightZoneSeason3147172_f.jpg"
"The Twilight Zone: Season 4","1963","1080 mins","9.0","Drama; Fantasy; Horror; Mystery; Science Fiction; Thriller","Vudu","Yes","","No","C:\Users\natha\OneDrive\Documents\Movie Collector\Images\TheTwilightZoneSeason4147183_f.jpg"
"The Twilight Zone: Season 5","1963","1080 mins","9.0","Drama; Fantasy; Horror; Mystery; Science Fiction; Thriller","Vudu","Yes","","No","C:\Users\natha\OneDrive\Documents\Movie Collector\Images\TheTwilightZoneSeason5147192_f.jpg"
"Twister","1996","113 mins","6.6","Action; Adventure; Thriller","Vudu","No","","No","C:\Users\natha\OneDrive\Documents\Movie Collector\Images\Twister199672750_f.jpg"
"Twisters","2024","122 mins","6.5","Action; Adventure; Thriller","Vudu","No","","No","C:\Users\natha\OneDrive\Documents\Movie Collector\Images\Twisters202478901_f.jpg"
"Two Rode Together","1961","109 mins","6.7","Drama; Western","Vudu","No","","No","C:\Users\natha\OneDrive\Documents\Movie Collector\Images\TwoRodeTogether196144119_f.jpg"
"Two Weeks Notice","2002","101 mins","6.2","Comedy; Romance","Vudu","No","2004","No","C:\Users\natha\OneDrive\Documents\Movie Collector\Images\TwoWeeksNotice200220658_f.jpg"
"Two-Bits & Pepper","1995","89 mins","4.0","Adventure; Comedy; Family","DVD","No","","No","C:\Users\natha\OneDrive\Documents\Movie Collector\Images\TwoBitsPepper199517561_f.jpg"
"Tyler Perry's A Madea Christmas","2013","100 mins","5.1","Comedy; Drama; Romance","Vudu","No","","No","C:\Users\natha\OneDrive\Documents\Movie Collector\Images\TylerPerrysAMadeaChristma21183_f.jpg"
"U.S. Marshals","1998","126 mins","6.6","Action; Crime; Thriller","Vudu","No","1998","No","C:\Users\natha\OneDrive\Documents\Movie Collector\Images\USMarshals199840991_f.jpg"
"U-571","2000","116 mins","6.6","Action; War","Vudu","No","","No","C:\Users\natha\OneDrive\Documents\Movie Collector\Images\U57120001681_f.jpg"
"Ugly Dachshund","1966","93 mins","6.5","Comedy; Family","Vudu","No","","No","C:\Users\natha\OneDrive\Documents\Movie Collector\Images\UglyDachshund196620673_f.jpg"
"The Ugly Truth","2009","96 mins","6.4","Comedy; Romance","","No","","No","C:\Users\natha\OneDrive\Documents\Movie Collector\Images\TheUglyTruth200994077_f.jpg"
"The Unbearable Weight of Massive Talent","2022","107 mins","7.0","Action; Comedy; Crime; Thriller","Vudu","No","","No","C:\Users\natha\OneDrive\Documents\Movie Collector\Images\TheUnbearableWeightofMassi69989_f.jpg"
"Unbreakable","2000","106 mins","7.3","Drama; Mystery; Science Fiction; Thriller","Vudu","No","","No","C:\Users\natha\OneDrive\Documents\Movie Collector\Images\Unbreakable200070028_f.jpg"
"The Unbreakable Boy","2025","109 mins","6.1","Drama","Vudu","No","","No","C:\Users\natha\OneDrive\Documents\Movie Collector\Images\TheUnbreakableBoy202560533_f.jpg"
"Uncharted","2022","95 mins","6.3","Action; Adventure","Vudu","No","","No","C:\Users\natha\OneDrive\Documents\Movie Collector\Images\Uncharted20221813_f.jpg"
"Uncle Drew","2018","103 mins","5.8","Comedy; Drama; Sports","Vudu","No","","No","C:\Users\natha\OneDrive\Documents\Movie Collector\Images\UncleDrew201854216_f.jpg"
"Under California Stars","1937","70 mins","0","Western","VHS","No","2004","No","C:\Users\natha\OneDrive\Documents\Movie Collector\Images\UnderCaliforniaStars193731671_f.jpg"
"Unforgiven","1992","130 mins","8.2","Drama; Western","Vudu","No","2017","No","C:\Users\natha\OneDrive\Documents\Movie Collector\Images\Unforgiven199220913_f.jpg"
"Unsung Hero","2024","113 mins","7.0","Drama; Family","Vudu","No","","No","C:\Users\natha\OneDrive\Documents\Movie Collector\Images\UnsungHero202481479_f.jpg"
"The Untouchables","1987","119 mins","7.8","Crime; Drama; Thriller","Vudu","No","","No","C:\Users\natha\OneDrive\Documents\Movie Collector\Images\TheUntouchables198763312_f.jpg"
"Up","2009","96 mins","8.3","Action; Adventure; Animation","Vudu","No","2009","No","C:\Users\natha\OneDrive\Documents\Movie Collector\Images\UpVUDU200978320_f.jpg"
"Up in Smoke","1978","86 mins","6.9","Comedy; Music","Vudu","No","","No","C:\Users\natha\OneDrive\Documents\Movie Collector\Images\UpinSmoke197863320_f.jpg"
"Upgrade","2018","100 mins","7.5","Action; Science Fiction; Thriller","Vudu","No","","No","C:\Users\natha\OneDrive\Documents\Movie Collector\Images\Upgrade201860820_f.jpg"
"Uptown Girls","2003","92 mins","6.3","Comedy; Drama; Romance","Vudu","No","2004","No","C:\Users\natha\OneDrive\Documents\Movie Collector\Images\UptownGirls200317471_f.jpg"
"Aurora Teagarden Mysteries: The Disappearing Game","2018","83 mins","6.8","","","No","","No","C:\Users\natha\OneDrive\Documents\Movie Collector\Images\AuroraTeagardenMysteriesTh94770_f.jpg"
"Uss Indianapolis: Men Of Courage","2016","128 mins","5.3","Action; Drama; History; Thriller; War","Vudu","No","","No","C:\Users\natha\OneDrive\Documents\Movie Collector\Images\UssIndianapolisMenOfCoura63725_f.jpg"
"V for Vendetta","2005","132 mins","8.1","Action; Drama; Science Fiction; Thriller","Vudu","No","2008","No","C:\Users\natha\OneDrive\Documents\Movie Collector\Images\VforVendetta200544366_f.jpg"
"V: The Original Miniseries / The Final Battle","1983","444 mins","0","Action; Adventure; Science Fiction","Vudu","Yes","","No","C:\Users\natha\OneDrive\Documents\Movie Collector\Images\VTheOriginalMiniseriesT90263GTBD_f.jpg"
"Valkyrie","2008","121 mins","7.1","Drama; History; Thriller; War","Vudu","No","","No","C:\Users\natha\OneDrive\Documents\Movie Collector\Images\Valkyrie200821086_f.jpg"
"Vanilla Sky","2001","136 mins","6.9","Fantasy; Mystery; Romance; Science Fiction; Thriller","Vudu","No","","No","C:\Users\natha\OneDrive\Documents\Movie Collector\Images\VanillaSky200121167_f.jpg"
"The Vault","2021","118 mins","6.4","Action; Thriller","Vudu","No","","No","C:\Users\natha\OneDrive\Documents\Movie Collector\Images\TheVault202117511_f.jpg"
"Veggietales: A Snoodle's Tale","2004","50 mins","6.9","Animation; Comedy; Musical","DVD","No","2004","No","C:\Users\natha\OneDrive\Documents\Movie Collector\Images\VeggietalesASnoodlesTale72837_f.jpg"
"Veggietales: An Easter Carol","2004","49 mins","6.7","Animation; Comedy; Drama; Family; Romance","DVD","No","2004","No","C:\Users\natha\OneDrive\Documents\Movie Collector\Images\VeggietalesAnEasterCarol72849_f.jpg"
"Veggietales: Duke And The Great Pie War","2005","45 mins","6.6","Animation; Comedy; Family","DVD","No","2005","No","C:\Users\natha\OneDrive\Documents\Movie Collector\Images\VeggietalesDukeAndTheGrea72861_f.jpg"
"Veggietales: Jonah Sing Along","2004","","0","Animation; Religious","DVD","No","","No","C:\Users\natha\OneDrive\Documents\Movie Collector\Images\VeggietalesJonahSingAlong72869_f.jpg"
"Veggietales: King George And The Ducky: A Lesson About Selfishness","2000","","0","Action; Music; Science Fiction","DVD","No","","No","C:\Users\natha\OneDrive\Documents\Movie Collector\Images\VeggietalesKingGeorgeAndT72817_f.jpg"
"Veggietales: Larry-Boy And The Angry Eyebrows","2000","30 mins","0","Animation","DVD","No","2002","No","C:\Users\natha\OneDrive\Documents\Movie Collector\Images\VeggietalesLarryBoyAndThe72870_f.jpg"
"Veggietales: Larry-Boy And The Rumor Weed","1999","30 mins","7.2","Animation; Children; Family","DVD","No","","No","C:\Users\natha\OneDrive\Documents\Movie Collector\Images\VeggietalesLarryBoyAndThe72874_f.jpg"
"Veggietales: Lord Of The Beans","2005","52 mins","7.2","Animation","DVD","No","2005","No","C:\Users\natha\OneDrive\Documents\Movie Collector\Images\VeggietalesLordOfTheBeans72890_f.jpg"
"Veggietales: Lyle The Kindly Viking","2001","45 mins","7.2","Animation; Children; Family","DVD","No","2001","No","C:\Users\natha\OneDrive\Documents\Movie Collector\Images\VeggietalesLyleTheKindlyV72897_f.jpg"
"Veggietales: Minnesota Cuke","2005","45 mins","6.9","Animation; Family","DVD","No","2005","No","C:\Users\natha\OneDrive\Documents\Movie Collector\Images\VeggietalesMinnesotaCuke272907_f.jpg"
"Veggietales: Sheerluck Holmes And The Golden Ruler","2006","52 mins","6.8","Animation; Family","DVD","No","2006","No","C:\Users\natha\OneDrive\Documents\Movie Collector\Images\VeggietalesSheerluckHolmes72910_f.jpg"
"Veggietales: The Ballad Of Little Joe","2003","35 mins","7.2","Animation; Children","DVD","No","2003","No","C:\Users\natha\OneDrive\Documents\Movie Collector\Images\VeggietalesTheBalladOfLit72913_f.jpg"
"Veggietales: The Ultimate Silly Song Countdown","2001","43 mins","7.6","Animation; Comedy; Family","DVD","No","2001","No","C:\Users\natha\OneDrive\Documents\Movie Collector\Images\VeggietalesTheUltimateSill72917_f.jpg"
"Veggietales: The Wonderful World Of Autotainment","2004","30 mins","6.0","Animation; Children; Family","DVD","No","2003","No","C:\Users\natha\OneDrive\Documents\Movie Collector\Images\VeggietalesTheWonderfulWor72921_f.jpg"
"Venom","2018","112 mins","6.6","Action; Adventure; Science Fiction","Vudu","No","","No","C:\Users\natha\OneDrive\Documents\Movie Collector\Images\Venom201817616_f.jpg"
"Venom: Let There Be Carnage","2021","97 mins","5.9","Action; Adventure; Science Fiction; Thriller","Vudu","No","","No","C:\Users\natha\OneDrive\Documents\Movie Collector\Images\VenomLetThereBeCarnage217657_f.jpg"
"Venom: The Last Dance","2024","110 mins","6.0","Action; Adventure; Science Fiction; Thriller","Vudu","No","","No","C:\Users\natha\OneDrive\Documents\Movie Collector\Images\VenomTheLastDance202457230_f.jpg"
"Vera Cruz","1954","94 mins","7.0","Adventure; Western","Vudu","No","","No","C:\Users\natha\OneDrive\Documents\Movie Collector\Images\VeraCruz195421097_f.jpg"
"Vertical Limit","2000","124 mins","6.0","Action; Adventure; Drama; Sports; Thriller","Vudu","No","","No","C:\Users\natha\OneDrive\Documents\Movie Collector\Images\VerticalLimit200044025_f.jpg"
"Vertigo","1958","128 mins","8.2","Mystery; Romance; Thriller","Vudu","No","","No","C:\Users\natha\OneDrive\Documents\Movie Collector\Images\Vertigo195831713_f.jpg"
"Victor Victoria","1982","134 mins","7.6","Comedy; Music; Romance","DVD","No","","No","C:\Users\natha\OneDrive\Documents\Movie Collector\Images\VictorVictoria198217671_f.jpg"
"Violent Night","2022","112 mins","6.7","Action; Comedy; Thriller","Vudu","No","","No","C:\Users\natha\OneDrive\Documents\Movie Collector\Images\ViolentNight202270065_f.jpg"
"The Virgin Suicides","1999","97 mins","7.2","Drama; Romance","Vudu","No","","No","C:\Users\natha\OneDrive\Documents\Movie Collector\Images\TheVirginSuicides199921212_f.jpg"
"Visit to a Small Planet","1960","85 mins","5.9","Comedy; Science Fiction","Vudu","No","","No","C:\Users\natha\OneDrive\Documents\Movie Collector\Images\VisittoaSmallPlanet196017854_f.jpg"
"Viva Las Vegas","1964","85 mins","6.4","Comedy; Musical","Vudu","No","","No","C:\Users\natha\OneDrive\Documents\Movie Collector\Images\VivaLasVegas196431660_f.jpg"
"Wacky Races: Season 1","1968","","7.5","Animation; Comedy; Family; Sports","Vudu","Yes","","No","C:\Users\natha\OneDrive\Documents\Movie Collector\Images\WackyRacesSeason1196850394_f.jpg"
"Wacky Races: Season 2","1969","","7.5","Animation; Comedy; Family; Sports","DVD","Yes","","No","C:\Users\natha\OneDrive\Documents\Movie Collector\Images\WackyRacesSeason2196947181_f.jpg"
"Wall-E","2008","98 mins","8.4","Animation; Comedy; Family","Vudu","No","2011","No","C:\Users\natha\OneDrive\Documents\Movie Collector\Images\WallE200878326_f.jpg"
"Walt Disney Animation Studios Short Films Collection","2015","80 mins","0","Action; Adventure; Animation; Comedy; Drama; Family; Fantasy; Horror; Musical; Romance","Vudu","No","","No","C:\Users\natha\OneDrive\Documents\Movie Collector\Images\WaltDisneyAnimationStudios75371_f.jpg"
"A Waltons Thanksgiving","2022","90 mins","5.7","Drama","Vudu","No","","No","C:\Users\natha\OneDrive\Documents\Movie Collector\Images\AWaltonsThanksgiving202257058_f.jpg"
"The Waltons: Homecoming","2021","80 mins","5.1","Drama","Vudu","No","","No","C:\Users\natha\OneDrive\Documents\Movie Collector\Images\TheWaltonsHomecoming202157076_f.jpg"
"The Waltons: Season 1","1972","1249 mins","7.6","Drama; Family; Romance","Vudu","Yes","","No","C:\Users\natha\OneDrive\Documents\Movie Collector\Images\TheWaltonsSeason1197247745_f.jpg"
"The Waltons: Season 2","1973","1200 mins","7.6","Drama; Family; Romance","Vudu","Yes","","No","C:\Users\natha\OneDrive\Documents\Movie Collector\Images\TheWaltonsSeason2197347759_f.jpg"
"The Waltons: Season 3","1974","1225 mins","7.6","Drama; Family; Romance","Vudu","Yes","","No","C:\Users\natha\OneDrive\Documents\Movie Collector\Images\TheWaltonsSeason3197447763_f.jpg"
"The Waltons: Season 4","1975","1198 mins","7.6","Drama; Family; Romance","Vudu","Yes","","No","C:\Users\natha\OneDrive\Documents\Movie Collector\Images\TheWaltonsSeason4197547768_f.jpg"
"The Waltons: Season 5","1976","1213 mins","7.6","Drama; Family; Romance","Vudu","Yes","","No","C:\Users\natha\OneDrive\Documents\Movie Collector\Images\TheWaltonsSeason5197647772_f.jpg"
"The Waltons: Season 6","1977","1237 mins","7.6","Drama; Family; Romance","Vudu","Yes","","No","C:\Users\natha\OneDrive\Documents\Movie Collector\Images\TheWaltonsSeason6197747778_f.jpg"
"The Waltons: Season 7","1978","1148 mins","7.6","Drama; Family; Romance","Vudu","Yes","","No","C:\Users\natha\OneDrive\Documents\Movie Collector\Images\TheWaltonsSeason7197847783_f.jpg"
"The Waltons: Season 8","1979","1172 mins","7.6","Drama; Family; Romance","Vudu","Yes","","No","C:\Users\natha\OneDrive\Documents\Movie Collector\Images\TheWaltonsSeason8197947787_f.jpg"
"The Waltons: Season 9","1980","1072 mins","7.6","Drama; Family; Romance","Vudu","Yes","","No","C:\Users\natha\OneDrive\Documents\Movie Collector\Images\TheWaltonsSeason9198047789_f.jpg"
"Wanted","2008","110 mins","6.7","Action; Crime; Thriller","Vudu","No","","No","C:\Users\natha\OneDrive\Documents\Movie Collector\Images\Wanted200860780_f.jpg"
"War","2007","103 mins","6.2","Action; Thriller","Vudu","No","","No","C:\Users\natha\OneDrive\Documents\Movie Collector\Images\War200787846PGSZ_f.jpg"
"War and Peace","1956","208 mins","6.7","Drama; Romance; War","Vudu","No","","No","C:\Users\natha\OneDrive\Documents\Movie Collector\Images\WarandPeace195618000_f.jpg"
"War Game","2024","94 mins","5.5","Thriller","Vudu","No","","No","C:\Users\natha\OneDrive\Documents\Movie Collector\Images\WarGame202466646_f.jpg"
"War of the Worlds","2005","116 mins","6.6","Action; Adventure; Science Fiction","Vudu","No","","No","C:\Users\natha\OneDrive\Documents\Movie Collector\Images\WaroftheWorlds200520489_f.jpg"
"The War of the Worlds","1953","85 mins","7.0","Action; Science Fiction; Thriller","Vudu","No","","No","C:\Users\natha\OneDrive\Documents\Movie Collector\Images\TheWaroftheWorlds195363428_f.jpg"
"War Room","2015","120 mins","6.5","Drama","Vudu","No","","No","C:\Users\natha\OneDrive\Documents\Movie Collector\Images\WarRoom201531743_f.jpg"
"Warfare","2025","95 mins","7.2","Action; Drama; War","Vudu","No","","No","C:\Users\natha\OneDrive\Documents\Movie Collector\Images\Warfare202567032_f.jpg"
"Wargames","1983","114 mins","7.1","Action; Adventure; Drama; Thriller","Vudu","No","2012","No","C:\Users\natha\OneDrive\Documents\Movie Collector\Images\Wargames198338408_f.jpg"
"Wargames: The Dead Code","2008","100 mins","4.5","Drama; Science Fiction; Thriller","Vudu","No","","No","C:\Users\natha\OneDrive\Documents\Movie Collector\Images\WargamesTheDeadCode200844500_f.jpg"
"Warm Bodies","2013","98 mins","6.8","Comedy; Horror; Romance","Vudu","No","","No","C:\Users\natha\OneDrive\Documents\Movie Collector\Images\WarmBodies201354113_f.jpg"
"The Warriors","1979","93 mins","7.5","Action; Crime; Thriller","Vudu","No","","No","C:\Users\natha\OneDrive\Documents\Movie Collector\Images\TheWarriors197963377_f.jpg"
"The Water Horse: Legend Of The Deep","2007","112 mins","6.4","Adventure; Family; Fantasy","Vudu","No","2008","No","C:\Users\natha\OneDrive\Documents\Movie Collector\Images\TheWaterHorseLegendOfThe70087_f.jpg"
"The Waterboy","1998","90 mins","6.2","Comedy; Sports","Vudu","No","","No","C:\Users\natha\OneDrive\Documents\Movie Collector\Images\TheWaterboy19981769_f.jpg"
"The Way Back","2020","108 mins","6.7","Drama; Sports","Vudu","No","","No","C:\Users\natha\OneDrive\Documents\Movie Collector\Images\TheWayBack202020568_f.jpg"
"The Way Way Back","2013","103 mins","7.4","Comedy; Drama","Blu-ray","No","","No","C:\Users\natha\OneDrive\Documents\Movie Collector\Images\TheWayWayBack201317599_f.jpg"
"We Are Marshall","2006","131 mins","7.1","Drama; Sports","Vudu","No","2007","No","C:\Users\natha\OneDrive\Documents\Movie Collector\Images\WeAreMarshall200620688_f.jpg"
"We Bought A Zoo","2011","124 mins","7.0","Comedy; Drama; Family","Vudu","No","","No","C:\Users\natha\OneDrive\Documents\Movie Collector\Images\WeBoughtAZoo201131788_f.jpg"
"Wedding Crashers","2005","119 mins","7.0","Comedy; Romance","Vudu","No","","No","C:\Users\natha\OneDrive\Documents\Movie Collector\Images\WeddingCrashers20051967_f.jpg"
"The Wedding Date","2005","90 mins","6.1","Comedy; Romance","Vudu","No","","No","C:\Users\natha\OneDrive\Documents\Movie Collector\Images\TheWeddingDate200560740_f.jpg"
"The Wedding Singer","1998","97 mins","6.9","Comedy; Music; Romance","Vudu","No","","No","C:\Users\natha\OneDrive\Documents\Movie Collector\Images\TheWeddingSinger19981834_f.jpg"
"Weekend At Bernie's","1989","97 mins","6.4","Adventure; Comedy; Crime","Vudu","No","","No","C:\Users\natha\OneDrive\Documents\Movie Collector\Images\WeekendAtBernies198970050_f.jpg"
"West Side Story","1961","153 mins","7.6","Crime; Drama; Musical; Romance","Vudu","No","","No","C:\Users\natha\OneDrive\Documents\Movie Collector\Images\WestSideStory196117714_f.jpg"
"The Whale","2022","117 mins","7.6","Drama","Vudu","No","","No","C:\Users\natha\OneDrive\Documents\Movie Collector\Images\TheWhale202259978_f.jpg"
"What About Bob?","1991","99 mins","7.0","Comedy","Vudu","No","","No","C:\Users\natha\OneDrive\Documents\Movie Collector\Images\WhatAboutBob19914527_f.jpg"
"What Ever Happened to Baby Jane?","1962","134 mins","8.0","Drama; Horror; Thriller","Vudu","No","","No","C:\Users\natha\OneDrive\Documents\Movie Collector\Images\WhatEverHappenedtoBabyJan53849_f.jpg"
"What's Eating Gilbert Grape","1993","118 mins","7.7","Drama","Vudu","No","","No","C:\Users\natha\OneDrive\Documents\Movie Collector\Images\WhatsEatingGilbertGrape1873383WCT_f.jpg"
"When Worlds Collide","1951","83 mins","6.6","Action; Science Fiction; Thriller","","No","","No","C:\Users\natha\OneDrive\Documents\Movie Collector\Images\WhenWorldsCollide195194708_f.jpg"
"Where the Lilies Bloom","1974","98 mins","7.2","Drama; Family; Romance","Vudu","No","","No","C:\Users\natha\OneDrive\Documents\Movie Collector\Images\WheretheLiliesBloom197421106_f.jpg"
"Where The Red Fern Grows","1974","97 mins","6.9","Drama; Family","DVD","No","2009","No","C:\Users\natha\OneDrive\Documents\Movie Collector\Images\WhereTheRedFernGrows197417806_f.jpg"
"Where the Red Fern Grows","2003","86 mins","6.4","Drama; Family","Vudu","No","2004","No","C:\Users\natha\OneDrive\Documents\Movie Collector\Images\WheretheRedFernGrows200320879_f.jpg"
"While You Were Sleeping","1995","103 mins","6.8","Comedy; Drama; Romance","Vudu","No","","No","C:\Users\natha\OneDrive\Documents\Movie Collector\Images\WhileYouWereSleeping19952048_f.jpg"
"White House Down","2013","131 mins","6.3","Action; Drama; Thriller","Vudu","No","","No","C:\Users\natha\OneDrive\Documents\Movie Collector\Images\WhiteHouseDown201360300_f.jpg"
"White Nights","1985","136 mins","6.7","Drama; Music","Vudu","No","","No","C:\Users\natha\OneDrive\Documents\Movie Collector\Images\WhiteNights198520898_f.jpg"
"Who Do You Think You Are? (US): Season 4","2013","344 mins","8.0","Biography; Documentary; History","Vudu","Yes","","No","C:\Users\natha\OneDrive\Documents\Movie Collector\Images\WhoDoYouThinkYouAreUS90183_f.jpg"
"Who Do You Think You Are? (US): Season 5","2014","387 mins","8.0","Biography; Documentary; History","Vudu","Yes","","No","C:\Users\natha\OneDrive\Documents\Movie Collector\Images\WhoDoYouThinkYouAreUS90199_f.jpg"
"Who Do You Think You Are? (US): Season 6","2015","343 mins","8.0","Biography; Documentary; History","Vudu","Yes","","No","C:\Users\natha\OneDrive\Documents\Movie Collector\Images\WhoDoYouThinkYouAreUS90211_f.jpg"
"Who Do You Think You Are? (US): Season 7","2015","213 mins","8.0","Biography; Documentary; History","Vudu","Yes","","No","C:\Users\natha\OneDrive\Documents\Movie Collector\Images\WhoDoYouThinkYouAreUS90221_f.jpg"
"Who Do You Think You Are? (US): Season 8","2016","210 mins","8.0","Biography; Documentary; History","Vudu","Yes","","No","C:\Users\natha\OneDrive\Documents\Movie Collector\Images\WhoDoYouThinkYouAreUS90229_f.jpg"
"Who Do You Think You Are? (US): Season 9","2017","252 mins","8.0","Biography; Documentary; History","Vudu","Yes","","No",""
"Who Do You Think You Are? (US): Season 10","2018","252 mins","8.0","Biography; Documentary; History","Vudu","Yes","","No",""
"Who Framed Roger Rabbit","1988","104 mins","7.7","Adventure; Animation; Comedy; Crime; Family; Fantasy; Mystery","Vudu","No","","No","C:\Users\natha\OneDrive\Documents\Movie Collector\Images\WhoFramedRogerRabbit19881850_f.jpg"
"Who's Afraid of Virginia Woolf?","1966","131 mins","8.0","Drama","Vudu","No","","No","C:\Users\natha\OneDrive\Documents\Movie Collector\Images\WhosAfraidofVirginiaWoolf53861_f.jpg"
"Who's Harry Crumb?","1989","94 mins","5.9","Comedy; Mystery","Vudu","No","","No","C:\Users\natha\OneDrive\Documents\Movie Collector\Images\WhosHarryCrumb198941436_f.jpg"
"Who's Minding the Store?","1963","90 mins","6.7","Comedy","Vudu","No","","No","C:\Users\natha\OneDrive\Documents\Movie Collector\Images\WhosMindingtheStore196317868_f.jpg"
"Why Did I Get Married?","2007","113 mins","6.0","Comedy; Drama","DVD","No","","No","C:\Users\natha\OneDrive\Documents\Movie Collector\Images\WhyDidIGetMarried200717545_f.jpg"
"Wick Is Pain","2025","80 mins","7.6","Documentary","Vudu","No","","No","C:\Users\natha\OneDrive\Documents\Movie Collector\Images\WickIsPain202563923_f.jpg"
"Wicked","2024","160 mins","7.4","Fantasy; Musical; Romance","Vudu","No","","No","C:\Users\natha\OneDrive\Documents\Movie Collector\Images\Wicked202460084_f.jpg"
"Wide Awake","1998","88 mins","5.8","Comedy; Drama; Family","DVD","No","","No","C:\Users\natha\OneDrive\Documents\Movie Collector\Images\WideAwake199834592_f.jpg"
"Wiggles: Magical Adventure","2002","79 mins","0","Children; Family","DVD","No","2003","No","C:\Users\natha\OneDrive\Documents\Movie Collector\Images\WigglesMagicalAdventure2072763_f.jpg"
"The Wild","2006","82 mins","5.2","Adventure; Animation; Comedy; Family","DVD","No","2006","No","C:\Users\natha\OneDrive\Documents\Movie Collector\Images\TheWild200675954_f.jpg"
"Wild Card","2015","92 mins","5.6","Action; Crime; Drama; Thriller","Vudu","No","","No","C:\Users\natha\OneDrive\Documents\Movie Collector\Images\WildCard201587856_f.jpg"
"Wild Country","2005","67 mins","4.4","Horror","Vudu","No","","No","C:\Users\natha\OneDrive\Documents\Movie Collector\Images\WildCountry200587636_f.jpg"
"The Wild Robot","2024","102 mins","8.2","Animation; Science Fiction","Vudu","No","","No","C:\Users\natha\OneDrive\Documents\Movie Collector\Images\TheWildRobot202481632_f.jpg"
"The Wild Thornberrys","2002","85 mins","5.7","Adventure; Animation; Comedy; Family; Fantasy","Vudu","No","","No","C:\Users\natha\OneDrive\Documents\Movie Collector\Images\TheWildThornberrys200275457_f.jpg"
"Willy Wonka & the Chocolate Factory","1971","100 mins","7.8","Family; Fantasy; Musical","Vudu","No","","No","C:\Users\natha\OneDrive\Documents\Movie Collector\Images\WillyWonkatheChocolateFa70035_f.jpg"
"Windtalkers","2002","134 mins","6.1","Action; Drama; War","Vudu","No","2003","No","C:\Users\natha\OneDrive\Documents\Movie Collector\Images\Windtalkers200217442_f.jpg"
"Wings","1927","144 mins","7.5","Action; Drama; Romance; War","Vudu","No","","No","C:\Users\natha\OneDrive\Documents\Movie Collector\Images\Wings192763604_f.jpg"
"Winnie The Pooh","2011","63 mins","7.1","Adventure; Animation; Family","Vudu","No","2011","No","C:\Users\natha\OneDrive\Documents\Movie Collector\Images\WinnieThePoohVUDU201178416_f.jpg"
"Wish","2023","95 mins","5.6","Adventure; Animation; Comedy; Family; Fantasy; Musical","Vudu","No","","No","C:\Users\natha\OneDrive\Documents\Movie Collector\Images\Wish202375592_f.jpg"
"Wishmaster","1997","90 mins","5.9","Fantasy; Horror","Vudu","No","","No","C:\Users\natha\OneDrive\Documents\Movie Collector\Images\Wishmaster199756600_f.jpg"
"The Witches Of Eastwick","1987","118 mins","6.6","Comedy; Horror; Fantasy","Vudu","No","","No","C:\Users\natha\OneDrive\Documents\Movie Collector\Images\TheWitchesOfEastwick198791105_f.jpg"
"Without A Paddle","2004","98 mins","5.9","Adventure; Comedy","Vudu","No","2005","No","C:\Users\natha\OneDrive\Documents\Movie Collector\Images\WithoutAPaddle200441001_f.jpg"
"Witness","1985","112 mins","7.3","Crime; Drama; Romance; Thriller","Vudu","No","","No","C:\Users\natha\OneDrive\Documents\Movie Collector\Images\Witness198592113_f.jpg"
"Witness for the Prosecution","1957","116 mins","8.4","Crime; Drama; Mystery; Thriller","Vudu","No","","No","C:\Users\natha\OneDrive\Documents\Movie Collector\Images\WitnessfortheProsecution121127_f.jpg"
"The Wizard of Oz","1939","102 mins","8.1","Adventure; Family; Fantasy; Musical","Vudu","No","","No","C:\Users\natha\OneDrive\Documents\Movie Collector\Images\TheWizardofOz19394546_f.jpg"
"Wolf Creek","2005","99 mins","6.2","Horror; Thriller","DVD","No","2006","No","C:\Users\natha\OneDrive\Documents\Movie Collector\Images\WolfCreek200517691_f.jpg"
"The Wolf of Wall Street","2013","180 mins","8.2","Biography; Comedy; Crime; Drama","Vudu","No","","No","C:\Users\natha\OneDrive\Documents\Movie Collector\Images\TheWolfofWallStreet201387331OUE8_f.jpg"
"The Wolverine","2013","126 mins","6.7","Action; Science Fiction","Vudu","No","","No","C:\Users\natha\OneDrive\Documents\Movie Collector\Images\TheWolverine201390298_f.jpg"
"The Woman in Green","1945","68 mins","6.6","Drama; Mystery","Vudu","No","","No","C:\Users\natha\OneDrive\Documents\Movie Collector\Images\TheWomaninGreen194517748_f.jpg"
"The Woman in the Window","1944","107 mins","7.6","Crime; Drama; Film Noir; Mystery; Thriller","Vudu","No","","No","C:\Users\natha\OneDrive\Documents\Movie Collector\Images\TheWomanintheWindow194421138_f.jpg"
"Wonder Woman","2017","141 mins","7.3","Action; Adventure; Fantasy; Science Fiction; War","Vudu","No","","No","C:\Users\natha\OneDrive\Documents\Movie Collector\Images\WonderWoman201766523_f.jpg"
"Wonder Woman 1984","2020","151 mins","5.3","Action; Adventure; Fantasy","Vudu","No","","No","C:\Users\natha\OneDrive\Documents\Movie Collector\Images\WonderWoman198420201792_f.jpg"
"Wonder Woman: The Complete 1st Season","1975","642 mins","7.0","Action; Adventure; Drama; Family; Fantasy; Science Fiction","Vudu","Yes","","No","C:\Users\natha\OneDrive\Documents\Movie Collector\Images\WonderWomanTheComplete1st47264_f.jpg"
"Wonder Woman: The Complete 2nd Season","1977","1094 mins","7.0","Action; Adventure; Drama; Family; Fantasy; Science Fiction","Vudu","Yes","","No","C:\Users\natha\OneDrive\Documents\Movie Collector\Images\WonderWomanTheComplete2nd47281_f.jpg"
"Wonder Woman: The Complete 3rd Season","1978","1100 mins","7.0","Action; Adventure; Drama; Family; Fantasy; Science Fiction","Vudu","Yes","","No","C:\Users\natha\OneDrive\Documents\Movie Collector\Images\WonderWomanTheComplete3rd47292_f.jpg"
"The Wonderful Wizard Of Ha's","2007","47 mins","6.6","Animation; Family","DVD","No","","No","C:\Users\natha\OneDrive\Documents\Movie Collector\Images\TheWonderfulWizardOfHas34972_f.jpg"
"Wonka","2023","116 mins","6.9","Adventure; Comedy; Family; Fantasy; Musical","Vudu","No","","No","C:\Users\natha\OneDrive\Documents\Movie Collector\Images\Wonka20232026_f.jpg"
"World War Z","2013","122 mins","7.0","Action; Adventure; Horror; Science Fiction; Thriller","Vudu","No","","No","C:\Users\natha\OneDrive\Documents\Movie Collector\Images\WorldWarZ201366529_f.jpg"
"The Wraith","1986","93 mins","5.9","Action; Horror; Romance; Science Fiction; Thriller","Vudu","No","","No","C:\Users\natha\OneDrive\Documents\Movie Collector\Images\TheWraith198654355_f.jpg"
"The Wrecking Crew","1968","105 mins","5.5","Action; Adventure; Comedy; Crime; Drama; Thriller","Vudu","No","","No","C:\Users\natha\OneDrive\Documents\Movie Collector\Images\TheWreckingCrew196837769_f.jpg"
"Wreck-It Ralph","2012","101 mins","7.7","Animation; Comedy; Family","Vudu","No","2013","No","C:\Users\natha\OneDrive\Documents\Movie Collector\Images\WreckItRalphVUDU201240699_f.jpg"
"WTC","2001","48 mins","6.0","Documentary; Special Interest","DVD","No","","No","C:\Users\natha\OneDrive\Documents\Movie Collector\Images\WTC200169824_f.jpg"
"Wuthering Heights","1939","104 mins","7.5","Drama; Romance","","No","","No","C:\Users\natha\OneDrive\Documents\Movie Collector\Images\WutheringHeights193994027_f.jpg"
"X 2004: 17 Christian Rock Hits","2004","","0","Music","DVD","No","2004","No","C:\Users\natha\OneDrive\Documents\Movie Collector\Images\X200417ChristianRockHits394_f.jpg"
"X 2005: Christian Rock Videos","2005","60 mins","0","Music","DVD","No","2005","No","C:\Users\natha\OneDrive\Documents\Movie Collector\Images\X2005ChristianRockVideos396_f.jpg"
"X2: X-Men United","2003","134 mins","7.4","Action; Science Fiction; Thriller","Vudu","No","","No","C:\Users\natha\OneDrive\Documents\Movie Collector\Images\X2XMenUnited200390290O6VN_f.jpg"
"X-Men","2000","104 mins","7.3","Action; Adventure; Science Fiction","Vudu","No","","No","C:\Users\natha\OneDrive\Documents\Movie Collector\Images\XMen200090281OTX5_f.jpg"
"X-Men: First Class","2011","131 mins","7.7","Action; Adventure; Fantasy; Science Fiction","DVD","No","","No","C:\Users\natha\OneDrive\Documents\Movie Collector\Images\XMenFirstClass201117842_f.jpg"
"X-Men Origins: Wolverine","2009","107 mins","6.5","Action; Science Fiction","Vudu","No","","No","C:\Users\natha\OneDrive\Documents\Movie Collector\Images\XMenOriginsWolverine200990308F3GH_f.jpg"
"X-Men: Days Of Future Past","2014","132 mins","7.9","Action; Adventure; Fantasy; History; Science Fiction; Thriller","Vudu","No","","No","C:\Users\natha\OneDrive\Documents\Movie Collector\Images\XMenDaysOfFuturePast2020333_f.jpg"
"X-Men: Apocalypse","2016","144 mins","6.8","Action; Adventure; Science Fiction","Vudu","No","","No","C:\Users\natha\OneDrive\Documents\Movie Collector\Images\XMenApocalypse201690295YRRG_f.jpg"
"X-Men: Dark Phoenix","2019","113 mins","5.7","Action; Adventure; Science Fiction","Vudu","No","","No","C:\Users\natha\OneDrive\Documents\Movie Collector\Images\XMenDarkPhoenix201990320UP3Z_f.jpg"
"X-Men: The Last Stand","2006","104 mins","6.6","Action; Adventure; Science Fiction","Vudu","No","","No","C:\Users\natha\OneDrive\Documents\Movie Collector\Images\XMenTheLastStand200690293_f.jpg"
"XXX","2002","132 mins","5.9","Action; Adventure; Drama","Vudu","No","2002","No","C:\Users\natha\OneDrive\Documents\Movie Collector\Images\XXX20021873_f.jpg"
"xXx: State of the Union","2005","225 mins","4.5","Action; Adventure; Crime; Science Fiction; Thriller","Vudu","No","2005","No","C:\Users\natha\OneDrive\Documents\Movie Collector\Images\xXxStateoftheUnion200534639_f.jpg"
"Yankee Doodle Dandy","1942","126 mins","7.6","Biography; Drama; Music; Musical","Vudu","No","","No","C:\Users\natha\OneDrive\Documents\Movie Collector\Images\YankeeDoodleDandy194220346_f.jpg"
"The Year Without a Santa Claus","1974","51 mins","7.7","Animation; Comedy; Family; Fantasy; Musical","Vudu","No","","No","C:\Users\natha\OneDrive\Documents\Movie Collector\Images\TheYearWithoutaSantaClaus75485_f.jpg"
"Yentl","1983","133 mins","6.6","Drama; Musical; Romance","Vudu","No","","No","C:\Users\natha\OneDrive\Documents\Movie Collector\Images\Yentl198321149_f.jpg"
"Yes Man","2008","104 mins","6.8","Comedy; Romance","Vudu","No","","No","C:\Users\natha\OneDrive\Documents\Movie Collector\Images\YesMan20081908_f.jpg"
"Yogi Bear's All-Star Comedy Christmas Caper","1982","24 mins","6.6","Animation","Vudu","No","","No","C:\Users\natha\OneDrive\Documents\Movie Collector\Images\YogiBearsAllStarComedyCh66804_f.jpg"
"You Can't Take It with You","1938","126 mins","7.8","Comedy; Drama; Romance","Vudu","No","","No","C:\Users\natha\OneDrive\Documents\Movie Collector\Images\YouCantTakeItwithYou1920737_f.jpg"
"Young & Hungry: Season 1","2014","220 mins","7.3","Comedy; Drama; Romance","Vudu","Yes","","No","C:\Users\natha\OneDrive\Documents\Movie Collector\Images\YoungHungrySeason1201487903_f.jpg"
"Young & Hungry: Season 2","2015","459 mins","7.3","Comedy; Drama; Romance","Vudu","Yes","","No","C:\Users\natha\OneDrive\Documents\Movie Collector\Images\YoungHungrySeason2201587917_f.jpg"
"Young & Hungry: Season 3","2016","210 mins","7.3","Comedy; Drama; Romance","Vudu","Yes","","No","C:\Users\natha\OneDrive\Documents\Movie Collector\Images\YoungHungrySeason3201687923_f.jpg"
"Young & Hungry: Season 4","2016","209 mins","7.3","Comedy; Drama; Romance","Vudu","Yes","","No","C:\Users\natha\OneDrive\Documents\Movie Collector\Images\YoungHungrySeason4201687932_f.jpg"
"Young & Hungry: Season 5","2017","409 mins","7.3","Comedy; Drama; Romance","Vudu","Yes","","No","C:\Users\natha\OneDrive\Documents\Movie Collector\Images\YoungHungrySeason5201787940_f.jpg"
"Young Sheldon: Season 1","2017","436 mins","7.7","Comedy","Vudu","Yes","","No","C:\Users\natha\OneDrive\Documents\Movie Collector\Images\YoungSheldonSeason1201781329_f.jpg"
"Young Sheldon: Season 2","2018","422 mins","7.7","Comedy","Vudu","Yes","","No","C:\Users\natha\OneDrive\Documents\Movie Collector\Images\YoungSheldonSeason2201881343_f.jpg"
"Young Sheldon: Season 3","2019","399 mins","7.7","Comedy","Vudu","Yes","","No","C:\Users\natha\OneDrive\Documents\Movie Collector\Images\YoungSheldonSeason3201981417_f.jpg"
"Young Sheldon: Season 4","2020","339 mins","7.7","Comedy","Vudu","Yes","","No","C:\Users\natha\OneDrive\Documents\Movie Collector\Images\YoungSheldonSeason4202081420_f.jpg"
"Young Sheldon: Season 5","2021","428 mins","7.7","Comedy","Vudu","Yes","","No","C:\Users\natha\OneDrive\Documents\Movie Collector\Images\YoungSheldonSeason5202181423_f.jpg"
"Young Sheldon: Season 6","2022","413 mins","7.7","Comedy","Vudu","Yes","","No","C:\Users\natha\OneDrive\Documents\Movie Collector\Images\YoungSheldonSeason6202281426_f.jpg"
"Young Sheldon: Season 7","2024","97 mins","7.7","Comedy","Vudu","Yes","","No","C:\Users\natha\OneDrive\Documents\Movie Collector\Images\YoungSheldonSeason7202481349_f.jpg"
"You've Got Mail","1998","114 mins","6.7","Comedy; Drama; Romance","Vudu","No","1999","No","C:\Users\natha\OneDrive\Documents\Movie Collector\Images\YouveGotMail199841016_f.jpg"
"Zack Snyder's Justice League","2021","242 mins","7.9","Action; Adventure; Fantasy; Science Fiction","Vudu","No","","No","C:\Users\natha\OneDrive\Documents\Movie Collector\Images\ZackSnydersJusticeLeague1892_f.jpg"
"Zero Dark Thirty","2012","157 mins","7.4","Action; History; Thriller","Vudu","No","2013","No","C:\Users\natha\OneDrive\Documents\Movie Collector\Images\ZeroDarkThirtyVUDU201241024_f.jpg"
"Zoolander","2001","90 mins","6.5","Comedy","Vudu","No","","No","C:\Users\natha\OneDrive\Documents\Movie Collector\Images\Zoolander200192033_f.jpg"
"Zootopia","2016","108 mins","8.0","Action; Adventure; Animation; Comedy; Crime; Family; Mystery","Vudu","No","2016","No","C:\Users\natha\OneDrive\Documents\Movie Collector\Images\Zootopia201640706_f.jpg"
