"(Blooper) Bunny!","1991","8 mins","Animation; Comedy; Family","No","","0","Vudu",""
"3:10 to Yuma","2007","122 mins","Action; Crime; Drama; Western","No","","0","Vudu","R"
"3:10 to Yuma","1957","92 mins","Drama; Thriller; Western","No","","0","Vudu","US - Approved"
"3-2-1 Penguins!: The Doom Funnel Rescue","2003","34 mins","Animation; Family","No","","0","DVD","TV-G"
"The 5,000 Fingers of Dr. T.","1953","89 mins","Family; Fantasy; Music; Romance","No","","0","Vudu","G"
"The 5th Wave","2016","112 mins","Action; Adventure; Science Fiction; Thriller","No","","0","Vudu","PG-13"
"The 6th Day","2000","123 mins","Action; Mystery; Science Fiction; Thriller","No","","0","Vudu","PG-13"
"The 7th Voyage of Sinbad","1958","88 mins","Action; Adventure; Family; Fantasy","No","","0","Vudu","G"
"8 Ball Bunny","1950","7 mins","Animation; Comedy; Family","No","","0","Vudu",""
"8 Mile","2002","110 mins","Drama; Music","No","","0","Vudu","R"
"8-Bit Christmas","2021","98 mins","Comedy; Family","No","","0","Vudu","PG"
"9/11: One Day In America","2021","295 mins","Documentary; History","Yes","9/11: One Day in America","6","Vudu","TV-MA"
"12 Angry Men","1957","96 mins","Crime; Drama","No","","0","Vudu","US - Approved"
"12 Monkeys","1995","129 mins","Action; Adventure; Science Fiction","No","","0","Vudu","R"
"12 Monkeys: Season 1","2015","562 mins","Adventure; Drama; Mystery; Science Fiction; Thriller","Yes","12 Monkeys","13","Vudu","TV-14"
"12 Monkeys: Season 2","2016","555 mins","Adventure; Drama; Mystery; Science Fiction; Thriller","Yes","12 Monkeys","13","Vudu","TV-14"
"12 Monkeys: Season 3","2017","432 mins","Adventure; Drama; Mystery; Science Fiction; Thriller","Yes","12 Monkeys","10","Vudu","TV-14"
"12 Monkeys: Season 4","2018","477 mins","Adventure; Drama; Mystery; Science Fiction; Thriller","Yes","12 Monkeys","11","Vudu","TV-14"
"12 Strong","2018","130 mins","Action; Drama; History; War","No","","0","Vudu","R"
"13","2010","91 mins","Crime; Drama; Thriller","No","","0","Vudu","R"
"13 Hours: The Secret Soldiers Of Benghazi","2016","144 mins","Action; Comedy; Drama; Romance; Thriller; War","No","","0","Vudu","R"
"The 15:17 to Paris","2018","94 mins","Biography; Drama; Thriller","No","","0","Vudu","R"
"20 Million Miles to Earth","1957","82 mins","Adventure; Family; Fantasy; Horror; Science Fiction; Thriller","No","","0","Vudu","US - Approved"
"20,000 Leagues Under The Sea","1954","127 mins","Adventure; Drama; Family; Fantasy; Science Fiction","No","","0","Vudu","G"
"21","2008","123 mins","Crime; Drama; History; Thriller","No","","0","Vudu","PG-13"
"24 Hours To Live","2017","93 mins","Action; Science Fiction; Thriller","No","","0","Vudu","R"
"28 Days Later","2002","113 mins","Drama; Horror; Science Fiction; Thriller","No","","0","Vudu","R"
"28 Weeks Later","2007","99 mins","Horror; Science Fiction","No","","0","Vudu","R"
"28 Years Later","2025","115 mins","Horror; Science Fiction; Thriller","No","","0","Vudu","R"
"28 Years Later: The Bone Temple","2026","109 mins","Horror; Science Fiction; Thriller","No","","0","Vudu","R"
"40 Guns to Apache Pass","1967","95 mins","Adventure; Drama; Romance; Western","No","","0","Vudu","US - Approved"
"42","2013","128 mins","Biography; Drama; Sports","No","","0","Vudu","PG-13"
"42nd Street","1933","89 mins","Comedy; Musical; Romance","No","","0","Vudu","US - Approved"
"47 Ronin","2013","128 mins","Action; Drama; Fantasy","No","","0","Vudu","PG-13"
"48 Hrs.","1982","96 mins","Action; Comedy; Crime; Drama; Thriller","No","","0","Vudu","R"
"50/50","2011","100 mins","Comedy; Drama; Romance","No","","0","Vudu","R"
"65","2023","93 mins","Action; Adventure; Drama; Science Fiction; Thriller","No","","0","Vudu","PG-13"
"80 for Brady","2023","98 mins","Comedy; Drama; Sports","No","","0","Vudu","PG-13"
"99 River Street","1953","83 mins","Action; Crime; Drama; Film Noir; Thriller","No","","0","Vudu","US - Approved"
"101 Dalmatians","1961","79 mins","Animation; Comedy; Family","No","","0","Vudu","G"
"101 Dalmatians (Live Action)","1996","103 mins","Adventure; Comedy; Family","No","","0","Vudu","G"
"101 Dalmatians 2: Patch's London Adventure","2002","74 mins","Adventure; Animation; Comedy; Family; Musical","No","","0","Vudu","G"
"102 Dalmatians","2000","100 mins","Adventure; Comedy; Family","No","","0","Vudu","G"
"211","2018","86 mins","Action; Drama; Horror; Thriller","No","","0","Vudu","R"
"300","2006","117 mins","Action; Drama","No","","0","Vudu","R"
"711 Ocean Drive","1950","102 mins","Action; Crime; Drama; Film Noir; Romance; Thriller","No","","0","Vudu","US - Approved"
"1001 Classic Commercials","2008","960 mins","Special Interest","No","","0","DVD","US - Approved"
"1408","2007","104 mins","Fantasy; Horror; Mystery","No","","0","Vudu","PG-13"
"1776","1972","165 mins","Drama; Family; History; Musical","No","","0","Vudu","PG"
"2001: A Space Odyssey","1968","149 mins","Adventure; Science Fiction","No","","0","Vudu","G"
"2012","2009","158 mins","Action; Adventure; Science Fiction","No","","0","Vudu","PG-13"
"A.I. Artificial Intelligence","2001","146 mins","Drama; Science Fiction","No","","0","Vudu","PG-13"
"Abduction","2011","106 mins","Action; Drama; Mystery; Thriller","No","","0","Vudu","PG-13"
"About a Boy","2002","101 mins","Comedy; Drama; Romance","No","","0","Vudu","PG-13"
"About Last Night","1986","113 mins","Comedy; Drama; Romance","No","","0","Vudu","R"
"About Last Night","2014","100 mins","Comedy; Romance","No","","0","Vudu","R"
"About My Father","2023","90 mins","Comedy","No","","0","Vudu","PG-13"
"About Schmidt","2002","125 mins","Drama","No","","0","Vudu","R"
"The Absent Minded Professor","1961","92 mins","Comedy; Family; Science Fiction; Sports","No","","0","Vudu","G"
"The Accidental Spy","2001","87 mins","Action; Comedy; Crime; Mystery; Thriller","No","","0","","PG-13"
"According To Jim: Season 1","2001","470 mins","Comedy; Romance","Yes","According To Jim","22","Vudu","TV-PG"
"According To Jim: Season 2","2001","660 mins","Comedy; Romance","Yes","According To Jim","28","Vudu","TV-PG"
"According To Jim: Season 3","2003","624 mins","Comedy; Romance","Yes","According To Jim","29","Vudu","TV-PG"
"According To Jim: Season 4","2004","598 mins","Comedy; Romance","Yes","According To Jim","27","Vudu","TV-PG"
"According To Jim: Season 5","2005","486 mins","Comedy; Romance","Yes","According To Jim","22","Vudu","TV-PG"
"According To Jim: Season 6","2007","396 mins","Comedy; Romance","Yes","According To Jim","18","Vudu","TV-PG"
"According To Jim: Season 7","2008","394 mins","Comedy; Romance","Yes","According To Jim","18","Vudu","TV-PG"
"According To Jim: Season 8","2008","404 mins","Comedy; Romance","Yes","According To Jim","18","Vudu","TV-PG"
"Aces High","1976","114 mins","Action; Drama; War","No","","0","Vudu","PG"
"Acts Of Violence","2018","86 mins","Action; Crime; Thriller","No","","0","Vudu","R"
"The Addams Family","1991","99 mins","Comedy; Fantasy","No","","0","Vudu","PG-13"
"Addams Family Values","1993","94 mins","Comedy; Fantasy","No","","0","Vudu","PG-13"
"The Addams Family","2019","86 mins","Animation; Comedy; Family; Fantasy; Horror","No","","0","Vudu","PG"
"The Addams Family 2","2021","93 mins","Adventure; Animation; Comedy; Family; Fantasy; Horror","No","","0","Vudu","PG"
"Open Water 2: Adrift","2006","94 mins","Adventure; Drama; Horror; Thriller","No","","0","Vudu","R"
"Adventures of Bailey: The Lost Puppy","2010","90 mins","Family","No","","0","DVD","G"
"The Adventures of Baron Munchausen","1988","126 mins","Adventure; Comedy; Fantasy","No","","0","Vudu","PG"
"The Adventures Of Elmo In Grouchland","1999","73 mins","Children; Comedy; Family","No","","0","Vudu","G"
"The Adventures of Ichabod and Mr. Toad","1949","68 mins","Animation; Comedy; Family; Fantasy; Horror","No","","0","Vudu","G"
"The Adventures of Milo and Otis","1986","90 mins","Adventure; Drama; Family","No","","0","Vudu","G"
"The Adventures of Ragtime","1998","200 mins","Comedy; Family","No","","0","DVD","G"
"The Adventures of Robin Hood","1938","102 mins","Action; Adventure; Romance","No","","0","Vudu","PG"
"The Adventures Of Tintin","2011","106 mins","Adventure; Animation","No","","0","Vudu","PG"
"Æon Flux","2005","93 mins","Action; Adventure; Science Fiction; Thriller","No","","0","Vudu","PG-13"
"Affair in Trinidad","1952","98 mins","Crime; Drama; Film Noir; Mystery; Thriller","No","","0","Vudu","US - Approved"
"Against All Odds","1984","128 mins","Action; Adventure; Crime; Drama; Romance; Thriller","No","","0","Vudu","R"
"The Age of Innocence","1993","139 mins","Drama; Romance","No","","0","Vudu","PG"
"Air Force One","1997","124 mins","Action; Drama; Thriller","No","","0","Vudu","R"
"Airplane!","1980","88 mins","Comedy","No","","0","Vudu","PG"
"Airplane II: The Sequel","1982","85 mins","Comedy; Science Fiction","No","","0","Vudu","PG"
"Aladdin","1992","90 mins","Animation; Comedy; Family","No","","0","Vudu","G"
"Aladdin (Live Action)","2019","128 mins","Adventure; Family; Fantasy; Musical; Romance","No","","0","Vudu","PG"
"Aladdin And The King Of Thieves","1996","81 mins","Adventure; Animation; Comedy; Family; Fantasy; Musical; Romance","No","","0","Vudu","US - Not Rated"
"Albert","2016","42 mins","Animation; Family","No","","0","DVD","G"
"Albert Nobbs","2011","113 mins","Drama; Romance","No","","0","Vudu","R"
"Alex Cross","2012","101 mins","Action; Crime; Mystery; Thriller","No","","0","Vudu","PG-13"
"Alexander and the Terrible, Horrible, No Good, Very Bad Day","2014","81 mins","Comedy; Family","No","","0","Vudu","PG"
"Alf: Season 1","1986","616 mins","Comedy; Family; Science Fiction","Yes","ALF","27","Vudu","TV-G"
"Alf: Season 2","1987","550 mins","Comedy; Family; Science Fiction","Yes","ALF","26","Vudu","TV-G"
"Alf: Season 3","1986","550 mins","Animation; Comedy; Family","Yes","ALF","26","Vudu","TV-G"
"Alf: Season 4","1989","500 mins","Animation; Comedy","Yes","ALF","24","Vudu","TV-G"
"Alfie","1966","114 mins","Comedy; Drama","No","","0","Vudu","US - Approved"
"Alfred Hitchcock Presents: Season 1","1956","1147 mins","Drama; Mystery","Yes","Alfred Hitchcock Presents","39","Vudu","TV-14"
"Ali","2001","157 mins","Biography; Drama; Sports","No","","0","Vudu","R"
"Alias Jesse James","1959","92 mins","Comedy; Western","No","","0","Vudu","US - Approved"
"Alice In Wonderland","1951","75 mins","Animation; Family; Fantasy","No","","0","Vudu","G"
"Alice In Wonderland (Live Action)","2010","108 mins","Adventure; Animation; Family; Fantasy; Science Fiction","No","","0","Vudu","PG"
"Alice: Season 1","1976","720 mins","Comedy","Yes","Alice","24","Vudu","TV-PG"
"Alice: Season 2","1977","720 mins","Comedy","Yes","Alice","24","Vudu","TV-PG"
"Alice: Season 3","1978","720 mins","Comedy","Yes","Alice","24","Vudu","TV-PG"
"Alice: Season 4","1980","720 mins","Comedy","Yes","Alice","24","Vudu","TV-PG"
"Alice: Season 5","1981","600 mins","Comedy","Yes","Alice","20","Vudu","TV-PG"
"Alice: Season 6","1981","720 mins","Comedy","Yes","Alice","24","Vudu","TV-PG"
"Alice: Season 7","1983","690 mins","Comedy","Yes","Alice","23","Vudu","TV-PG"
"Alice: Season 8","1984","690 mins","Comedy","Yes","Alice","23","Vudu","TV-PG"
"Alice: Season 9","1985","480 mins","Comedy","Yes","Alice","16","Vudu","TV-PG"
"Alice: Through The Looking Glass","2016","118 mins","Adventure; Family; Fantasy","No","","0","Vudu","PG"
"Alien","1979","117 mins","Horror; Science Fiction","No","","0","Vudu","R"
"Aliens","1986","137 mins","Action; Adventure; Science Fiction; Thriller","No","","0","Vudu","R"
"Alien³","1992","114 mins","Action; Horror; Science Fiction","No","","0","Vudu","R"
"Alien: Resurrection","1997","109 mins","Action; Horror; Science Fiction","No","","0","Vudu","R"
"Alien: Covenant","2017","122 mins","Horror; Science Fiction; Thriller","No","","0","Vudu","R"
"Alien vs. Predator","2004","101 mins","Action; Adventure; Horror; Science Fiction; Thriller","No","","0","Vudu","PG-13"
"Alien: Romulus","2024","119 mins","Horror; Science Fiction; Thriller","No","","0","Vudu","R"
"Aliens in the Attic","2009","86 mins","Adventure; Comedy; Family; Fantasy; Science Fiction","No","","0","Vudu","PG"
"All the King's Men","1949","110 mins","Drama; Film Noir","No","","0","Vudu","US - Approved"
"All the King's Men","2006","128 mins","Drama; Thriller","No","","0","Vudu","PG-13"
"All the President's Men","1976","138 mins","Drama; History; Thriller","No","","0","Vudu","PG"
"Almost Famous","2000","122 mins","Adventure; Comedy; Drama; Music","No","","0","Vudu","R"
"Along Came Jones","1945","90 mins","Comedy; Romance; Western","No","","0","Vudu","US - Approved"
"Along Came Polly","2004","90 mins","Comedy; Romance","No","","0","Vudu","PG-13"
"Alpha And Omega","2010","88 mins","Adventure; Animation; Comedy","No","","0","Vudu","PG"
"Alpha and Omega 2: A Howl-iday Adventure","2013","45 mins","Action; Adventure; Animation; Comedy; Family","No","","0","Vudu","G"
"Alpha and Omega 3: The Great Wolf Games","2014","45 mins","Adventure; Animation; Comedy; Family","No","","0","Vudu","PG"
"Alpha and Omega 4: The Legend of the Saw Toothed Cave","2014","45 mins","Action; Adventure; Animation; Comedy; Drama; Family; Fantasy; Thriller","No","","0","Vudu","G"
"Alpha and Omega 5: Family Vacation","2015","44 mins","Action; Adventure; Animation; Comedy; Family","No","","0","Vudu","G"
"Alpha and Omega 7: The Big Fureeze","2016","45 mins","Action; Adventure; Animation; Comedy; Family","No","","0","Vudu","G"
"Alpha and Omega: Dino Digs","2016","47 mins","Adventure; Animation; Comedy; Family; Fantasy","No","","0","Vudu","G"
"Alpha and Omega: Journey to Bear Kingdom","2017","44 mins","Adventure; Animation; Comedy; Family","No","","0","Vudu","G"
"Alvin & The Chipmunks: Chipmunk Christmas","1983","66 mins","Adventure; Animation; Comedy; Music; Musical","No","Alvin & the Chipmunks","0","DVD","TV-G"
"Alvin And The Chipmunks","2007","91 mins","Animation; Comedy; Family; Fantasy","No","","0","Vudu","PG"
"Alvin And The Chipmunks: The Squeakquel","2009","85 mins","Animation; Comedy; Family","No","","0","Vudu","PG"
"Alvin And The Chipmunks: The Road Chip","2015","92 mins","Adventure; Animation; Comedy; Family; Fantasy","No","","0","Vudu","PG"
"Alvin And The Chipmunks: Chipwrecked","2011","87 mins","Adventure; Comedy; Family; Fantasy; Music; Musical","No","","0","Vudu","G"
"Ambulance","2022","137 mins","Action; Crime; Drama; Thriller","No","","0","Vudu","R"
"The Ambushers","1967","102 mins","Action; Comedy; Science Fiction; Thriller","No","","0","Vudu","US - Approved"
"American Beauty","1999","122 mins","Drama","No","","0","Vudu","R"
"An American in Paris","1951","114 mins","Drama; Musical; Romance","No","","0","DVD","US - Approved"
"The American President","1995","114 mins","Comedy; Drama; Romance","No","","0","Vudu","PG-13"
"American Sniper","2014","132 mins","Action; Biography; Drama; History; Romance; Thriller; War","No","","0","Vudu","R"
"An American Tail","1986","80 mins","Adventure; Animation; Comedy; Family","No","","0","Vudu","G"
"American Underdog","2021","112 mins","Biography; Drama; Sports","No","","0","Vudu","PG"
"A Bone to Pick: An Aurora Teagarden Mystery","2015","1130 mins","Crime; Mystery","No","Aurora Teagarden Mysteries","13","Vudu","TV-G"
"Real Murders: An Aurora Teagarden Mystery","2015","120 mins","Crime; Mystery","No","","0","Vudu","TV-G"
"The Julius House: An Aurora Teagarden Mystery","2016","120 mins","Crime; Mystery","No","","0","Vudu","TV-G"
"Three Bedrooms, One Corpse: An Aurora Teagarden Mystery","2016","84 mins","Crime; Mystery","No","","0","Vudu","TV-G"
"A Bundle of Trouble: An Aurora Teagarden Mystery","2017","90 mins","Crime; Mystery","No","","0","Vudu","TV-G"
"Dead Over Heels: An Aurora Teagarden Mystery","2017","84 mins","Crime; Mystery","No","","0","Vudu","TV-G"
"Anaconda","2025","99 mins","Action; Adventure; Horror; Thriller","No","","0","Vudu","PG-13"
"Anaconda 3: Offspring","2008","91 mins","Action; Adventure; Horror; Science Fiction; Thriller","No","","0","Vudu","R"
"Anacondas: The Hunt for the Blood Orchid","2004","97 mins","Action; Adventure; Horror; Thriller","No","","0","Vudu","PG-13"
"Anacondas: Trail of Blood","2009","89 mins","Action; Adventure; Horror; Science Fiction; Thriller","No","","0","Vudu","R"
"Analyze That","2002","96 mins","Comedy; Crime","No","","0","Vudu","R"
"Anatomy of a Murder","1959","161 mins","Drama; Mystery","No","","0","Vudu","US - Approved"
"Anchorman: The Legend of Ron Burgundy","2004","94 mins","Comedy","No","","0","Vudu","PG-13"
"And Justice for All","1979","119 mins","Crime; Drama; Thriller","No","","0","Vudu","R"
"And Soon The Darkness","1970","94 mins","Crime; Mystery; Thriller","No","","0","","US - Approved"
"Angel And The Badman","1947","100 mins","Romance; Western","No","","0","VHS","US - Approved"
"Angel Has Fallen","2019","121 mins","Action; Thriller","No","","0","Vudu","R"
"Angel Wars: Guardian Force","2005","60 mins","Animation","No","","0","DVD","G"
"Angels & Demons","2009","138 mins","Mystery; Thriller","No","","0","Vudu","PG-13"
"Angels In The Endzone","1997","87 mins","Comedy; Drama; Family; Fantasy","No","","0","DVD","G"
"Angels In The Infield","2000","93 mins","Comedy; Family; Fantasy; Science Fiction","No","","0","DVD","PG"
"Angels In The Outfield","1994","103 mins","Comedy; Drama; Family; Fantasy","No","","0","DVD; Vudu","PG"
"Anger Management","2003","106 mins","Comedy","No","","0","Vudu","R"
"The Angry Birds Movie","2016","194 mins","Action; Animation; Children; Comedy","No","","0","Vudu","PG"
"The Angry Birds Movie 2","2019","97 mins","Action; Adventure; Animation; Comedy; Family","No","","0","Vudu","PG"
"Anna","2019","118 mins","Action; Thriller","No","","0","Vudu","R"
"Annabelle","2014","99 mins","Horror; Mystery; Thriller","No","","0","Vudu","R"
"Annie","1982","126 mins","Comedy; Drama; Family; Musical","No","","0","Vudu","PG"
"Annihilation","2018","115 mins","Adventure; Drama; Horror; Mystery; Science Fiction; Thriller","No","","0","Vudu","R"
"Antitrust","2000","104 mins","Crime; Mystery; Thriller","No","","0","Vudu","PG-13"
"Ant-Man","2015","117 mins","Action; Adventure; Comedy; Science Fiction","No","","0","Vudu","PG"
"Ant-Man And The Wasp","2018","118 mins","Action; Adventure; Comedy; Family; Fantasy; Romance; Science Fiction","No","","0","Vudu","PG-13"
"Ant-Man and the Wasp: Quantumania","2023","124 mins","Action; Adventure; Comedy; Science Fiction","No","","0","Vudu","PG-13"
"Anzio","1968","117 mins","Drama; History; War","No","","0","Vudu","PG"
"Apache Territory","1958","72 mins","Action; Western","No","","0","Vudu","US - Approved"
"The Apartment","1960","125 mins","Comedy; Drama; Romance","No","","0","Vudu","US - Approved"
"Apollo 13","1995","140 mins","Adventure; Drama; History","No","","0","Vudu","PG"
"The Apple Dumpling Gang","1975","100 mins","Comedy; Family; Western","No","","0","Vudu","G"
"The Apple Dumpling Gang Rides Again","1979","89 mins","Comedy; Family; Western","No","","0","Vudu","G"
"Aquamarine","2006","104 mins","Comedy; Family; Fantasy; Romance","No","","0","DVD","PG"
"Are We Done Yet?","2007","92 mins","Comedy; Family","No","","0","Vudu","PG"
"Argo","2012","120 mins","Drama; History; Thriller","No","","0","Vudu","R"
"Argylle","2024","139 mins","Action; Comedy; Thriller","No","","0","Vudu","PG-13"
"The Aristocats","1970","79 mins","Animation; Family; Musical; Romance","No","","0","Vudu","G"
"Arizona Raiders","1965","97 mins","Western","No","","0","Vudu","US - Approved"
"Armed and Dangerous","1986","88 mins","Action; Comedy; Crime","No","","0","Vudu","PG-13"
"Armour Of God","1986","88 mins","Action; Adventure; Comedy","No","","0","","R"
"Armour Of God 2: Operation Condor","1991","80 mins","Action; Adventure; Comedy; Crime; Thriller","No","","0","","PG-13"
"Army Of One","2016","92 mins","Biography; Comedy; Crime","No","","0","Vudu","R"
"Arrival","2016","116 mins","Drama; Science Fiction","No","","0","Vudu","PG-13"
"Arsenal","2017","92 mins","Action; Crime; Thriller","No","","0","Vudu","R"
"Arsenic and Old Lace","1943","118 mins","Comedy; Crime; Thriller","No","","0","Vudu","US - Approved"
"Art School Confidential","2006","102 mins","Comedy; Drama; Romance","No","","0","Vudu","R"
"Arthur Christmas","2010","97 mins","Animation; Comedy; Family","No","","0","Vudu","PG"
"Arthur the King","2024","107 mins","Adventure; Drama","No","","0","Vudu","PG-13"
"Artists and Models","1955","109 mins","Comedy; Musical; Romance","No","","0","Vudu","US - Approved"
"As Good as It Gets","1997","139 mins","Comedy; Drama; Romance","No","","0","Vudu","PG-13"
"Assassin's Creed","2016","115 mins","Action; Adventure; Drama; Fantasy; History; Science Fiction","No","","0","Vudu","PG-13"
"Assault on Precinct 13","2005","109 mins","Action; Crime; Drama; Thriller","No","","0","Vudu","R"
"Astro Boy","2009","94 mins","Action; Adventure; Animation; Comedy; Drama; Family; Fantasy; Science Fiction","No","","0","Vudu","PG"
"The A-Team: Season 2","1983","1121 mins","Action; Adventure; Crime","Yes","The A-Team","23","Vudu","TV-PG"
"The A-Team: Season 3","1985","1209 mins","Action; Adventure; Crime","Yes","The A-Team","25","Vudu","TV-PG"
"The A-Team: Season 5","1986","622 mins","Action; Adventure; Crime","Yes","The A-Team","13","Vudu","TV-PG"
"The A-Team: Season 4","1986","1126 mins","Action; Adventure; Crime","Yes","The A-Team","23","Vudu","TV-PG"
"The A-Team: Season 1","1983","702 mins","Action; Adventure; Crime","Yes","The A-Team","13","Vudu","TV-PG"
"Atlantis: The Lost Empire","2001","95 mins","Action; Adventure; Animation; Family; Fantasy; Science Fiction","No","","0","Vudu","PG"
"Atomic Blonde","2017","115 mins","Action; Thriller","No","","0","Vudu","R"
"Attack","1956","107 mins","Action; Drama; War","No","","0","Vudu","US - Approved"
"August Rush","2007","114 mins","Drama; Music","No","","0","Vudu","PG"
"Aurora Teagarden Mysteries: A Game of Cat and Mouse","2019","83 mins","","No","","0","Vudu",""
"Aurora Teagarden Mysteries: A Very Foul Play","2019","84 mins","","No","","0","Vudu",""
"Aurora Teagarden Mysteries: An Inheritance to Die For","2019","84 mins","","No","","0","Vudu",""
"Aurora Teagarden Mysteries: Something New","2023","84 mins","Crime; Drama; Mystery; Thriller","No","","0","Vudu","TV-PG"
"Austin Powers: International Man of Mystery","1997","94 mins","Adventure; Comedy","No","","0","Vudu","PG-13"
"Austin Powers: The Spy Who Shagged Me","1999","92 mins","Action; Comedy","No","","0","Vudu","PG-13"
"Austin Powers: Goldmember","2002","95 mins","Action; Comedy","No","","0","Vudu","PG-13"
"Avalon","1990","128 mins","Drama","No","","0","Vudu","PG"
"Avanti!","1972","144 mins","Comedy; Romance","No","","0","Vudu","R"
"Avatar","2009","162 mins","Action; Adventure; Fantasy; Science Fiction","No","","0","Vudu","PG-13"
"Avatar: Fire And Ash","2025","197 mins","Action; Adventure; Fantasy; Science Fiction","No","","0","","PG-13"
"Avatar: The Way of Water","2022","192 mins","Action; Adventure; Fantasy; Science Fiction","No","","0","Vudu","PG-13"
"The Avengers","2012","143 mins","Action; Adventure; Science Fiction","No","","0","Vudu","PG-13"
"Avengers: Age Of Ultron","2015","141 mins","Action; Adventure; Fantasy; Science Fiction","No","","0","Vudu","PG-13"
"Avengers: Endgame","2019","181 mins","Action; Adventure; Drama; Science Fiction","No","","0","Vudu","PG-13"
"Avengers: Infinity War","2018","149 mins","Action; Adventure; Fantasy; Science Fiction","No","","0","Vudu","PG-13"
"Average Joe","2024","100 mins","Family","No","","0","Vudu","PG-13"
"The Awful Truth","1937","90 mins","Comedy; Romance","No","","0","Vudu","US - Approved"
"Baby Boom","1987","110 mins","Comedy; Drama; Romance","No","Baby Boom","0","Vudu","PG"
"Baby Buggy Bunny","1954","7 mins","Animation; Comedy; Family","No","","0","Vudu","US - Approved"
"Babylon A.D.","2008","90 mins","Action; Adventure; Science Fiction; Thriller","No","","0","Blu-ray","PG-13"
"Back to the Future","1985","116 mins","Adventure; Comedy; Science Fiction","No","","0","Vudu","PG"
"Back to the Future Part II","1989","108 mins","Adventure; Comedy; Science Fiction","No","","0","Vudu","PG"
"Back to the Future Part III","1990","118 mins","Adventure; Comedy; Science Fiction; Western","No","","0","Vudu","PG"
"Backtrack","1990","116 mins","Action; Comedy; Crime; Drama; Romance; Thriller","No","","0","Vudu","R"
"Backwoods Bunny","1959","7 mins","Animation; Comedy; Family","No","","0","Vudu",""
"Bad Boys","1995","119 mins","Action; Comedy; Crime; Thriller","No","","0","Vudu","R"
"Bad Boys II","2003","147 mins","Action; Comedy; Crime; Thriller","No","","0","Vudu","R"
"Bad Boys for Life","2020","124 mins","Action; Comedy; Crime; Thriller","No","","0","Vudu","R"
"Bad Boys: Ride Or Die","2024","115 mins","Action; Adventure; Comedy; Crime; Thriller","No","","0","Vudu","R"
"The Bad Guys","2022","100 mins","Adventure; Animation; Comedy; Crime; Family","No","","0","Vudu","PG"
"The Bad Guys 2","2025","104 mins","Action; Adventure; Animation; Comedy; Crime; Family; Mystery","No","","0","Vudu","PG"
"Bad Moms","2016","100 mins","Comedy","No","","0","Vudu","R"
"Bah Humduck!: A Looney Tunes Christmas","2006","46 mins","Adventure; Animation; Comedy; Drama; Family; Fantasy; Musical; Science Fiction","No","","0","Vudu","PG"
"Bailey's Billion$","2005","90 mins","Comedy; Family","No","","0","DVD","G"
"Bait","2012","93 mins","Action; Fantasy; Horror","No","","0","Vudu","R"
"Ballerina","2025","124 mins","Action; Thriller","No","","0","Vudu","R"
"La Bamba","1987","108 mins","Biography; Drama; Music","No","","0","Vudu","PG-13"
"Bambi","1942","70 mins","Animation; Children; Drama; Family","No","","0","Vudu","G"
"Bambi Ii","2006","75 mins","Adventure; Animation; Drama; Family; Fantasy; Romance","No","","0","Vudu","G"
"Bandits","2001","123 mins","Comedy; Crime; Drama; Romance","No","","0","Vudu","PG-13"
"Bangkok Dangerous","2008","99 mins","Action; Crime; Thriller","No","","0","DVD","R"
"The Bank Job","2008","111 mins","Crime; Thriller","No","","0","Vudu","R"
"Barb and Star Go to Vista Del Mar","2021","107 mins","Comedy; Fantasy","No","","0","Vudu","PG-13"
"Barbarella","1968","98 mins","Action; Adventure; Fantasy; Science Fiction","No","","0","Vudu","US - Approved"
"Barbie","2023","114 mins","Adventure; Comedy; Fantasy","No","","0","Vudu","PG-13"
"The Barefoot Executive","1971","96 mins","Comedy; Family","No","","0","Vudu","G"
"Barefoot in the Park","1967","106 mins","Comedy; Romance","No","","0","Vudu","US - Approved"
"Barnyard","2006","90 mins","Adventure; Animation; Comedy; Drama; Family","No","","0","Vudu","PG"
"Baseball Bugs","1946","7 mins","Animation; Comedy; Family; Sports","No","","0","Vudu","US - Approved"
"Bath Day","1946","7 mins","Animation; Comedy; Family","No","","0","Vudu","US - Approved"
"The Batman","2022","176 mins","Action; Crime; Drama; Mystery","No","","0","Vudu","PG-13"
"Batman","1966","105 mins","Action; Adventure; Comedy; Crime","No","","0","Vudu","PG"
"Batman","1989","126 mins","Action; Adventure; Crime; Thriller","No","","0","Vudu","PG-13"
"Batman And Robin","1997","125 mins","Action; Adventure; Thriller","No","","0","Vudu","PG-13"
"Batman Begins","2005","140 mins","Action; Adventure","No","","0","Vudu","PG-13"
"Batman Forever","1995","121 mins","Action; Adventure; Crime; Family; Fantasy; Romance; Thriller","No","","0","Vudu","PG-13"
"Batman Returns","1992","126 mins","Action; Crime; Fantasy; Thriller","No","","0","Vudu","PG-13"
"Batman V Superman: Dawn Of Justice","2016","151 mins","Action; Adventure; Drama; Fantasy; Science Fiction","No","","0","Vudu","PG-13"
"Batman vs Teenage Mutant Ninja Turtles","2019","87 mins","Action; Adventure; Animation; Comedy; Crime","No","","0","Vudu","PG-13"
"Batman: Season 1","1966","850 mins","Action; Adventure; Comedy; Crime; Fantasy; Science Fiction","Yes","Batman","34","Vudu","TV-PG"
"Batman: Season 2","1966","1493 mins","Action; Adventure; Comedy; Crime; Fantasy; Science Fiction","Yes","Batman","60","Vudu","TV-PG"
"Battle of the Coral Sea","1959","86 mins","Action; Drama; Romance; War","No","","0","Vudu","US - Approved"
"Battle: Los Angeles","2011","116 mins","Action; Adventure; Science Fiction","No","","0","Vudu","PG-13"
"Battleship","2012","131 mins","Action; Adventure; Science Fiction; Thriller","No","","0","Vudu","PG-13"
"Battlestar Galactica: Blood & Chrome","2012","94 mins","Action; Drama; Science Fiction","No","Battlestar Galactica: Blood & Chrome","0","Vudu","US - Approved"
"The Bay","2012","85 mins","Horror; Science Fiction; Thriller","No","","0","Vudu","R"
"Beast","2022","93 mins","Action; Adventure; Drama; Horror; Thriller","No","","0","Vudu","R"
"A Beautiful Mind","2001","135 mins","Drama","No","","0","Vudu","PG-13"
"Beauty And The Beast","1991","84 mins","Animation; Family; Fantasy; Romance","No","","0","Vudu","G"
"Beauty And The Beast (Live Action)","2017","129 mins","Family; Fantasy; Music; Musical; Romance","No","","0","Vudu","PG"
"Beauty And The Beast: The Enchanted Christmas","1997","68 mins","Animation; Family; Musical","No","","0","Vudu","G"
"Bedknobs And Broomsticks","1971","117 mins","Adventure; Animation; Family; Fantasy; Musical","No","","0","Vudu","G"
"Bedtime Stories","2008","99 mins","Comedy; Drama; Family; Fantasy","No","","0","Vudu","PG"
"Bee Movie","2007","91 mins","Adventure; Animation; Comedy; Family","No","","0","Vudu","PG"
"The Beekeeper","2024","105 mins","Action; Thriller","No","","0","Vudu","R"
"Beethoven","1992","87 mins","Comedy; Drama; Family","No","","0","Vudu","PG"
"Beethoven's 2nd","1993","89 mins","Comedy; Family; Romance","No","","0","Vudu","PG"
"Beethoven's 3rd","2000","99 mins","Comedy; Family","No","","0","Vudu","PG"
"Beethoven's 4th","2001","93 mins","Comedy; Family","No","","0","Vudu","G"
"Beethoven's 5th","2003","91 mins","Adventure; Comedy; Family","No","","0","Vudu","G"
"Beethoven's Christmas Adventure","2011","90 mins","Comedy; Fantasy","No","","0","Vudu","PG"
"Beetlejuice","1988","92 mins","Comedy; Fantasy; Horror","No","","0","Vudu","PG"
"Beetlejuice Beetlejuice","2024","105 mins","Comedy; Fantasy; Horror","No","","0","Vudu","PG-13"
"Before Sunrise","1995","101 mins","Drama; Romance","No","","0","Vudu","R"
"Behind Enemy Lines","2001","106 mins","Action; Drama; Thriller; War","No","","0","Vudu","PG-13"
"Bell Book and Candle","1958","106 mins","Comedy; Fantasy; Romance","No","","0","Vudu","US - Approved"
"The Bellboy","1960","72 mins","Comedy","No","","0","Vudu","US - Approved"
"Ben-Hur","1959","212 mins","Adventure; Drama","No","","0","Vudu","G"
"Benji The Hunted","1987","85 mins","Action; Adventure; Family","No","","0","Vudu","G"
"Benny & Joon","1993","98 mins","Comedy; Drama; Romance","No","","0","Vudu","PG"
"The Best Christmas Pageant Ever","2024","99 mins","Adventure; Comedy; Drama; Fantasy; Mystery; Romance","No","","0","Vudu","PG"
"Best in Show","2000","90 mins","Comedy","No","","0","Vudu","PG-13"
"Best Of The Best","1989","97 mins","Action; Adventure; Drama; Martial Arts; Thriller","No","","0","Vudu","R"
"Best Of The Best 3: No Turning Back","1995","90 mins","Action; Crime; Drama; Thriller","No","","0","Vudu","R"
"Best Of The Best 4: Without Warning","1998","90 mins","Action; Adventure; Thriller","No","","0","Vudu","R"
"The Best Years of Our Lives","1946","170 mins","Drama; Romance; War","No","","0","Vudu","US - Approved"
"Better Man","2024","135 mins","Biography; Fantasy; Music; Musical","No","","0","Vudu","R"
"Better Off Dead","1985","97 mins","Comedy; Romance","No","","0","Vudu","PG"
"Between Worlds","2018","90 mins","Fantasy; Mystery; Thriller","No","","0","Vudu","R"
"Beverly Hills Chihuahua","2008","91 mins","Adventure; Comedy; Drama; Family; Romance","No","","0","Vudu","PG"
"Beverly Hills Chihuahua 2","2010","84 mins","Children; Comedy; Family","No","","0","Blu-ray","G"
"Beverly Hills Cop","1984","105 mins","Action; Comedy; Crime; Thriller","No","","0","Vudu","R"
"Beverly Hills Cop II","1987","100 mins","Action; Comedy; Crime; Thriller","No","","0","Vudu","R"
"Beverly Hills Cop III","1994","104 mins","Action; Comedy; Crime; Thriller","No","","0","Vudu","R"
"Beverly Hills Ninja","1997","88 mins","Action; Comedy","No","","0","Vudu","PG-13"
"Bewitched","2005","102 mins","Comedy; Fantasy; Romance","No","","0","Vudu","PG-13"
"Bewitched: Season 1","1965","910 mins","Comedy; Family; Fantasy; Romance","Yes","Bewitched","36","Vudu","TV-PG"
"Bewitched: Season 2","1965","950 mins","Comedy; Family; Fantasy; Romance","Yes","Bewitched","38","Vudu","TV-PG"
"Bewitched: Season 3","1966","825 mins","Comedy; Family; Fantasy; Romance","Yes","Bewitched","33","Vudu","TV-PG"
"Bewitched: Season 4","1968","975 mins","Comedy; Family; Fantasy; Romance","Yes","Bewitched","33","Vudu","TV-PG"
"Bewitched: Season 5","1969","831 mins","Comedy; Family; Fantasy; Romance","Yes","Bewitched","30","Vudu","TV-PG"
"Bewitched: Season 6","1969","736 mins","Comedy; Family; Fantasy; Romance","Yes","Bewitched","30","Vudu","TV-PG"
"Bewitched: Season 7","1971","702 mins","Comedy; Family; Fantasy; Romance","Yes","Bewitched","28","Vudu","TV-PG"
"Bewitched: Season 8","1972","673 mins","Comedy; Family; Fantasy; Romance","Yes","Bewitched","26","Vudu","TV-PG"
"The BFG","2016","117 mins","Adventure; Family; Fantasy","No","","0","Vudu","PG"
"The Bible: The Epic Miniseries","2013","561 mins","Drama","Yes","","10","Blu-ray","TV-14"
"Bibleman Genesis: Breaking The Bonds Of Disobedience","2006","60 mins","Children","No","","0","DVD","TV-G"
"Bibleman Genesis: The Six Lies Of The Fibbler","","","Family; Religious","No","","0","DVD","TV-G"
"Big","1988","104 mins","Comedy; Drama; Fantasy; Romance","No","","0","Vudu","PG"
"The Big Bang Theory: Season 1","2007","355 mins","Comedy","Yes","The Big Bang Theory","17","Vudu","TV-PG"
"The Big Bang Theory: Season 2","2008","481 mins","Comedy","Yes","The Big Bang Theory","23","Vudu","TV-PG"
"The Big Bang Theory: Season 10","2016","471 mins","Comedy; Romance","Yes","The Big Bang Theory","24","Vudu","TV-PG"
"The Big Bang Theory: Season 11","2017","22 mins","Comedy; Romance","Yes","The Big Bang Theory","24","Vudu","TV-PG"
"The Big Bang Theory: Season 12","2018","463 mins","Comedy; Romance","Yes","The Big Bang Theory","24","Vudu","TV-PG"
"The Big Bang Theory: Season 3","2009","472 mins","Comedy","Yes","The Big Bang Theory","23","Vudu","TV-PG"
"The Big Bang Theory: Season 4","2010","501 mins","Comedy","Yes","The Big Bang Theory","24","Vudu","TV-PG"
"The Big Bang Theory: Season 5","2011","476 mins","Comedy","Yes","The Big Bang Theory","24","Vudu","TV-PG"
"The Big Bang Theory: Season 6","2012","462 mins","Comedy","Yes","The Big Bang Theory","24","Vudu","TV-PG"
"The Big Bang Theory: Season 7","2013","471 mins","Comedy","Yes","The Big Bang Theory","24","Vudu","TV-PG"
"The Big Bang Theory: Season 8","2014","478 mins","Comedy","Yes","The Big Bang Theory","24","Vudu","TV-PG"
"The Big Bang Theory: Season 9","2015","485 mins","Comedy; Romance","Yes","The Big Bang Theory","24","Vudu","TV-PG"
"The Big Chill","1983","105 mins","Comedy; Drama","No","","0","Vudu","R"
"The Big Country","1958","166 mins","Romance; Western","No","","0","Vudu","US - Approved"
"The Big Easy","1986","102 mins","Comedy; Crime; Drama; Romance; Thriller","No","","0","Vudu","R"
"Big Eyes","2014","106 mins","Biography; Crime; Drama; Romance","No","","0","Vudu","PG-13"
"Big George Foreman","2023","129 mins","Biography; Drama; Sports","No","","0","Vudu","PG-13"
"The Big Heat","1953","89 mins","Crime; Film Noir; Thriller","No","","0","Vudu","US - Approved"
"Big Hero 6","2014","102 mins","Action; Adventure; Animation; Comedy; Family; Science Fiction","No","","0","Vudu","PG"
"The Big Short","2015","130 mins","Biography; Comedy; Drama; History","No","","0","Vudu","R"
"Bill & Ted's Excellent Adventure","1989","90 mins","Adventure; Comedy; Fantasy; Science Fiction","No","","0","Vudu","PG"
"Bill & Ted's Bogus Journey","1991","93 mins","Adventure; Comedy; Fantasy; Science Fiction","No","","0","Vudu","PG"
"Bill & Ted Face The Music","2020","78 mins","Adventure; Comedy; Music; Science Fiction","No","","0","Vudu","PG-13"
"Billy Madison","1995","89 mins","Comedy","No","","0","Vudu","PG-13"
"Bingo","1991","89 mins","Adventure; Comedy; Family","No","","0","Vudu","PG"
"Bio-Dome","1996","88 mins","Comedy","No","","0","Vudu","PG-13"
"The Birdcage","1996","117 mins","Comedy","No","","0","Vudu","R"
"Birdman of Alcatraz","1962","147 mins","Biography; Crime; Drama","No","","0","Vudu","US - Approved"
"The Birds","1963","119 mins","Drama; Horror; Mystery; Romance","No","","0","Vudu","PG-13"
"Birds of Prey","2020","109 mins","Action; Adventure; Comedy; Crime","No","","0","Vudu","R"
"The Bishop's Wife","1947","109 mins","Comedy; Drama; Fantasy; Romance","No","","0","Vudu","US - Approved"
"Black Adam","2022","126 mins","Action; Adventure; Fantasy; Science Fiction","No","","0","Vudu","PG-13"
"Black Beauty","1971","106 mins","Drama; Family; Western","No","","0","Vudu","G"
"The Black Cauldron","1985","80 mins","Animation; Family; Fantasy","No","","0","Vudu","PG"
"The Black Demon","2023","100 mins","Horror; Science Fiction; Thriller","No","","0","Vudu","R"
"Black Hawk Down","2001","144 mins","Action; War","No","","0","Vudu","R"
"The Black Hole","1979","98 mins","Action; Science Fiction","No","","0","Vudu","PG"
"Black Panther","2018","134 mins","Action; Adventure; Drama; Fantasy; Science Fiction; Thriller","No","","0","Vudu","PG-13"
"Black Panther: Wakanda Forever","2022","161 mins","Action; Adventure; Drama; Science Fiction","No","","0","Vudu","PG-13"
"Black Phone 2","2025","114 mins","Horror","No","","0","Vudu","R"
"Black Sheep","1996","87 mins","Comedy","No","","0","Vudu","PG-13"
"Black Widow","2021","133 mins","Action; Adventure; Science Fiction","No","","0","Vudu","PG-13"
"Blackbeard's Ghost","1968","106 mins","Comedy; Family; Fantasy","No","","0","Vudu","US - Approved"
"Blade Runner","1982","117 mins","Action; Drama; Science Fiction; Thriller","No","","0","Vudu","R"
"Blade Runner 2049","2017","164 mins","Action; Drama; Mystery; Science Fiction; Thriller","No","","0","Vudu","R"
"Blades of Glory","2007","93 mins","Comedy; Sports","No","","0","Vudu","PG-13"
"Blankman","1994","92 mins","Action; Comedy; Crime","No","","0","Vudu","PG-13"
"Blazing Saddles","1974","93 mins","Comedy; Western","No","","0","Vudu","R"
"Blended","2014","117 mins","Comedy; Romance","No","","0","Vudu","PG-13"
"The Blind","2023","108 mins","Drama","No","","0","Vudu","PG-13"
"Blind Date","1987","95 mins","Comedy; Romance","No","","0","Vudu","PG-13"
"The Blind Side","2009","129 mins","Biography; Drama; Sports","No","","0","Vudu","PG-13"
"The Blob","1988","95 mins","Horror; Science Fiction; Thriller","No","","0","Vudu","R"
"Blood and Bone","2009","93 mins","Action; Crime; Drama; Thriller","No","","0","Vudu","R"
"The Blood Beast Terror","1968","88 mins","Horror","No","","0","","G"
"Blood Father","2016","88 mins","Action; Crime; Drama; Thriller","No","","0","Vudu","R"
"Bloodsport","1988","92 mins","Action; Adventure; Martial Arts","No","","0","Vudu","R"
"Blue Beetle","2023","127 mins","Action; Adventure; Science Fiction; Thriller","No","","0","Vudu","PG-13"
"Blue Collar Comedy Tour Rides Again","2004","106 mins","Comedy","No","","0","Vudu","US - Approved"
"Blue Collar Tv: Season 1","2005","440 mins","Comedy","Yes","Blue Collar TV","31","Vudu",""
"Blue Collar Tv: Season 2","2005","22 mins","Comedy","Yes","Blue Collar TV","13","Vudu",""
"Blue Hawaii","1961","102 mins","Comedy; Musical","No","","0","Vudu","PG"
"Blue Steel","1990","102 mins","Action; Crime; Drama; Thriller","No","","0","Vudu","R"
"Blue Thunder","1983","109 mins","Action; Crime; Drama; Thriller","No","","0","Vudu","R"
"Blue Water, White Death","1971","99 mins","Documentary","No","","0","Vudu","G"
"Blue's Clues: Blue's Big Musical Movie","2000","78 mins","Family","No","Blue's Clues","0","DVD","G"
"Bob & Carol & Ted & Alice","1969","105 mins","Comedy; Drama; Romance","No","","0","Vudu","R"
"Bob The Builder: Best Of Bob The Builder","","","Family","No","Bob The Builder","0","DVD","TV-G"
"Body Double","1984","","Thriller","No","","0","Vudu","R"
"Body of Lies","2008","128 mins","Action; Drama; Thriller","No","","0","Vudu","R"
"The Bodyguard","1992","129 mins","Action; Drama; Music; Romance; Thriller","No","","0","Vudu","R"
"Boeing, Boeing","1965","102 mins","Comedy","No","","0","Vudu","US - Approved"
"Bolt","2008","89 mins","Animation; Comedy; Family","No","","0","Vudu","PG"
"Bombshell","2019","108 mins","Biography; Drama","No","","0","Vudu","R"
"Bonanza Bunny","1959","7 mins","Animation; Comedy; Family","No","","0","Vudu",""
"Bonnie and Clyde","1967","111 mins","Action; Biography; Crime; Drama","No","","0","Vudu","R"
"Boo! A Madea Halloween","2016","103 mins","Comedy; Drama; Horror","No","","0","Vudu","PG-13"
"Boo 2! A Madea Halloween","2017","101 mins","Comedy; Drama; Horror; Mystery","No","","0","Vudu","PG-13"
"Boogie Nights","1997","155 mins","Drama","No","","0","Vudu","R"
"Book Club","2018","104 mins","Comedy; Drama; Romance","No","","0","Vudu","PG-13"
"The Book Of Pooh: Stories From The Heart","2001","30 mins","Family","No","The Book of Pooh","0","DVD","TV-G"
"Das Boot","1981","149 mins","Drama; War","No","","0","Vudu","R"
"Booty Call","1997","79 mins","Comedy; Romance","No","","0","Vudu","R"
"Borderlands","2024","101 mins","Action; Adventure; Comedy; Science Fiction; Thriller","No","","0","Vudu","PG-13"
"Born Free","1966","95 mins","Adventure; Biography; Drama; Family; History","No","","0","Vudu","PG"
"Born Yesterday","1950","103 mins","Comedy; Drama; Romance","No","","0","Vudu","US - Approved"
"The Boss Baby","2017","97 mins","Adventure; Animation; Comedy; Family; Fantasy","No","","0","Vudu","PG"
"The Bourne Identity","2002","119 mins","Action; Mystery; Thriller","No","","0","Vudu","PG-13"
"The Bourne Supremacy","2004","108 mins","Action; Mystery; Thriller","No","","0","Vudu","PG-13"
"The Bourne Ultimatum","2007","115 mins","Action; Adventure; Mystery; Thriller","No","","0","Vudu","PG-13"
"The Bourne Legacy","2012","135 mins","Action; Adventure; Thriller","No","","0","Vudu","PG-13"
"Jason Bourne","2016","123 mins","Action; Thriller","No","","0","Vudu","PG-13"
"The Boxtrolls","2014","96 mins","Adventure; Animation; Comedy; Family; Fantasy","No","","0","Vudu","PG"
"Brave","2012","93 mins","Action; Adventure; Animation; Comedy; Family","No","","0","Vudu","PG"
"Brave Little Tailor","1938","9 mins","Animation; Comedy; Family","No","","0","Vudu","US - Approved"
"Braveheart","1995","178 mins","Biography; Drama; History; War","No","","0","Vudu","R"
"Breakdown","1997","93 mins","Crime; Drama; Mystery; Thriller","No","","0","Vudu","R"
"Breakfast at Tiffany's","1961","115 mins","Comedy; Drama; Romance","No","","0","Vudu","TV-PG"
"Breaking Bad: Season 1","2008","346 mins","Crime; Drama; Thriller","Yes","Breaking Bad","7","Vudu","TV-14"
"Breaking Bad: Season 2","2009","611 mins","Crime; Drama; Thriller","Yes","Breaking Bad","13","Vudu","TV-14"
"Breaking Bad: Season 3","2010","611 mins","Crime; Drama; Thriller","Yes","Breaking Bad","13","Vudu","TV-14"
"Breaking Bad: Season 4","2011","780 mins","Crime; Drama; Thriller","Yes","Breaking Bad","13","Vudu","TV-14"
"Breaking Bad: Season 5","2012","776 mins","Crime; Drama; Thriller","Yes","Breaking Bad","16","Vudu","TV-14"
"Breaking Bad: Season 6","","","Crime; Drama; Thriller","No","","0","Vudu","TV-MA"
"The Break-Up","2006","106 mins","Comedy; Drama; Romance","No","","0","Vudu","PG-13"
"Brian's Song","1971","73 mins","Biography; Drama; Sports","No","","0","Vudu","G"
"Bridge To Terabithia","2007","95 mins","Action; Adventure; Family; Fantasy","No","","0","Vudu","PG"
"A Bridge Too Far","1977","175 mins","Drama; History; War","No","","0","Vudu","PG"
"The Bridges Of Madison County","1995","135 mins","Drama; Romance","No","","0","Vudu","PG-13"
"Bringing Out the Dead","1999","121 mins","Drama; Thriller","No","","0","Vudu","R"
"Broken Arrow","1996","108 mins","Action; Adventure; Thriller","No","","0","Vudu","R"
"Bros","2022","115 mins","Comedy; Romance","No","","0","Vudu","R"
"Brother Bear","2003","85 mins","Adventure; Animation; Comedy; Drama; Family; Fantasy; Musical","No","","0","Vudu","G"
"Brother Bear 2","2006","74 mins","Adventure; Animation; Comedy; Family; Fantasy; Romance","No","","0","Vudu","G"
"The Brothers Grimm","2005","118 mins","Action; Adventure; Comedy; Fantasy; Horror; Mystery; Thriller","No","","0","Vudu","PG-13"
"Bruce Almighty","2003","101 mins","Comedy; Fantasy; Romance","No","","0","Vudu","PG-13"
"Buck and the Preacher","1972","102 mins","Adventure; Drama; Western","No","","0","Vudu","G"
"The Bucket List","2007","97 mins","Adventure; Comedy; Drama","No","","0","Vudu","PG-13"
"Buddy","1997","84 mins","Adventure; Comedy; Drama; Family","No","","0","Vudu","PG"
"Buddy Games","2019","90 mins","Comedy","No","","0","Vudu","R"
"Buddy Games: Spring Awakening","2023","91 mins","Comedy","No","","0","Vudu","R"
"Bug","2006","102 mins","Drama; Horror; Thriller","No","","0","Vudu","R"
"Bug Rangers: Submarine Sandwich","2006","35 mins","Animation; Children; Family","No","","0","DVD","TV-G"
"Bugs Bunny and the Three Bears","1944","7 mins","Animation; Comedy; Family","No","","0","Vudu","US - Approved"
"Bugs Bunny Gets the Boid","1942","7 mins","Animation; Comedy; Family; Western","No","","0","Vudu","US - Approved"
"Bugs Bunny Rides Again","1948","7 mins","Animation; Comedy; Family; Western","No","","0","Vudu","US - Approved"
"A Bug's Life","1998","95 mins","Animation; Comedy; Family","No","","0","Vudu","G"
"Bugsy and Mugsy","1957","7 mins","Animation; Comedy","No","","0","Vudu","TV-PG"
"Bullet Train","2022","127 mins","Action; Comedy; Thriller","No","","0","Vudu","R"
"Bullitt","1968","114 mins","Action; Crime; Thriller","No","","0","Vudu","PG"
"Buried","2010","95 mins","Drama; Mystery; Thriller","No","","0","Vudu","R"
"But I'm a Cheerleader","1999","85 mins","Comedy; Drama; Romance","No","","0","Vudu","R"
"Butterflies Are Free","1972","109 mins","Comedy; Drama; Music; Romance","No","","0","Vudu","PG"
"The Butterfly Effect","2004","113 mins","Drama; Science Fiction; Thriller","No","","0","Vudu","R"
"Buzby The Misbehaving Bee","","","Family","No","","0","DVD","TV-G"
"Bye Bye Birdie","1963","112 mins","Comedy; Musical","No","","0","Vudu","G"
"The Cabinet Of Dr. Caligari","1920","67 mins","Horror; Mystery; Thriller","No","","0","","US - Not Rated"
"The Cable Guy","1996","96 mins","Comedy; Drama; Thriller","No","","0","Vudu","PG-13"
"Cactus Flower","1969","104 mins","Comedy; Romance","No","","0","Vudu","PG"
"Caddyshack","1980","98 mins","Comedy; Sports","No","","0","Vudu","R"
"The Caine Mutiny","1954","124 mins","Drama; War","No","","0","Vudu","US - Approved"
"The Call","2013","94 mins","Drama; Horror; Thriller","No","","0","Vudu","R"
"Camel Spiders","2011","79 mins","Action; Adventure; Comedy; Horror; Science Fiction; Thriller","No","","0","Vudu","R"
"Candleshoe","1977","101 mins","Adventure; Comedy; Family","No","","0","Vudu","G"
"Cannibals In The Streets","1980","96 mins","Drama; Fantasy; Horror; Thriller","No","","0","","R"
"Can't Hardly Wait","1998","100 mins","Comedy; Romance","No","","0","Vudu","PG-13"
"Capote","2005","114 mins","Biography; Crime; Drama; History","No","","0","Vudu","R"
"Captain America: The First Avenger","2011","124 mins","Action; Adventure; Drama; Fantasy; Science Fiction","No","","0","Vudu","PG-13"
"Captain America: Civil War","2016","147 mins","Action; Adventure; Comedy; Fantasy; Science Fiction; Thriller","No","","0","Vudu","PG-13"
"Captain America: Brave New World","2025","118 mins","Action; Adventure; Science Fiction","No","","0","Vudu","PG-13"
"Captain Hareblower","1954","7 mins","Animation; Comedy; Family","No","","0","Vudu",""
"Captain Marvel","2019","123 mins","Action; Adventure; Science Fiction","No","","0","Vudu","PG-13"
"Care Bears Movie 2: A New Generation","1986","76 mins","Adventure; Animation; Family","No","","0","Vudu","G"
"Career Opportunities","1991","83 mins","Comedy; Romance","No","","0","Vudu","PG-13"
"Cars","2006","117 mins","Action; Animation; Comedy; Family","No","","0","Vudu","G"
"Cars 2","2011","106 mins","Adventure; Animation; Family","No","","0","Vudu","G"
"Cars 3","2017","102 mins","Adventure; Animation; Comedy","No","","0","Vudu","G"
"Casablanca","1942","102 mins","Drama; Romance; War","No","","0","Vudu","PG"
"The Case for Christ","2017","112 mins","Biography; Drama","No","","0","Vudu","PG"
"Casper","1995","100 mins","Comedy; Family; Fantasy","No","","0","Vudu","PG"
"Cast Away","2000","143 mins","Adventure; Drama; Romance","No","","0","Vudu","PG-13"
"Casualties of War","1989","113 mins","Action; Crime; Drama; War","No","","0","Vudu","R"
"Cat Ballou","1965","97 mins","Western","No","","0","Vudu","US - Approved"
"The Cat from Outer Space","1978","104 mins","Comedy; Family; Science Fiction","No","","0","Vudu","G"
"The Cat In The Hat","2003","82 mins","Adventure; Comedy; Family; Fantasy","No","","0","Vudu","PG"
"Catch Me If You Can","2002","141 mins","Biography; Crime; Drama","No","","0","Vudu","PG-13"
"Catfish","2010","87 mins","Documentary; Drama; Mystery; Thriller","No","","0","Vudu","PG-13"
"Cats & Dogs","2001","87 mins","Comedy; Family; Fantasy","No","","0","Vudu","PG"
"Cats & Dogs: The Revenge Of Kitty Galore","2009","82 mins","Action; Comedy; Family","No","","0","Vudu","PG"
"Cats & Dogs 3: Paws Unite","2020","84 mins","Action; Comedy; Family; Fantasy","No","","0","Vudu","PG"
"Cedarmont Kids: Sing Along Songs: Action Bible Songs","1995","","Family","No","","0","DVD","TV-G"
"Celebrating Mickey","2018","99 mins","Animation; Children; Comedy; Family; Fantasy; Music; Musical; Romance","No","","0","Vudu","G"
"Cell","2016","98 mins","Action; Adventure; Horror; Science Fiction; Thriller","No","","0","Vudu","R"
"Chainsaw Man - The Movie: Reze Arc","2025","100 mins","Action; Adventure; Animation; Comedy; Fantasy; Romance; Thriller","No","","0","Vudu","R"
"Champions","2023","124 mins","Comedy; Drama; Sports","No","","0","Vudu","PG-13"
"Change Of Habit","1969","","Comedy; Musical","No","","0","DVD","G"
"Changing Lanes","2002","98 mins","Drama; Thriller","No","","0","Vudu","R"
"Chaos","2005","106 mins","Action; Crime; Drama; Thriller","No","","0","Vudu","R"
"Chaos Walking","2021","109 mins","Action; Adventure; Fantasy; Science Fiction; Western","No","","0","Vudu","PG-13"
"Chappie","2015","120 mins","Action; Crime; Drama; Science Fiction; Thriller","No","","0","Vudu","R"
"Charlie And The Chocolate Factory","2005","115 mins","Adventure; Comedy; Family; Fantasy","No","","0","Vudu","PG"
"A Charlie Brown Christmas","1965","25 mins","Animation; Comedy; Family","No","","0","Blu-ray","TV-G"
"Charlie's Angels","2000","98 mins","Action; Adventure; Comedy; Crime; Thriller","No","","0","Vudu","PG-13"
"Charlie's Angels: Full Throttle","2003","106 mins","Action; Adventure; Comedy; Crime","No","","0","Vudu","PG-13"
"Charlotte's Web","1973","94 mins","Animation; Family; Musical","No","","0","Vudu","G"
"Charlotte's Web (Live Action)","2006","97 mins","Animation; Comedy; Family; Fantasy","No","","0","Vudu","G"
"The Cheap Detective","1978","92 mins","Comedy; Crime; Mystery; Romance; Thriller","No","","0","Vudu","PG"
"Cheaper by the Dozen","2003","98 mins","Comedy; Family","No","","0","Vudu","PG"
"Cheers: Season 1","1982","660 mins","Comedy; Drama","Yes","Cheers","22","Vudu","TV-PG"
"Cheers: Season 2","1983","660 mins","Comedy; Drama","Yes","Cheers","22","Vudu","TV-PG"
"Cheers: Season 3","1984","744 mins","Comedy; Drama","Yes","Cheers","25","Vudu","TV-PG"
"Cheers: Season 4","1985","780 mins","Comedy; Drama","Yes","Cheers","26","Vudu","TV-PG"
"Cheers: Season 5","1987","780 mins","Comedy; Drama","Yes","Cheers","26","Vudu","TV-PG"
"Cheers: Season 6","1987","750 mins","Comedy; Drama","Yes","Cheers","25","Vudu","TV-PG"
"Cheers: Season 7","1989","660 mins","Comedy; Drama","Yes","Cheers","22","Vudu","TV-PG"
"Cheers: Season 8","1989","780 mins","Comedy; Drama","Yes","Cheers","26","Vudu","TV-PG"
"Cheers: Season 9","1990","803 mins","Comedy; Drama","Yes","Cheers","26","Vudu","TV-PG"
"Cheers: Season 10","1992","780 mins","Comedy; Drama","Yes","Cheers","25","Vudu","TV-PG"
"Cheers: Season 11","1993","799 mins","Comedy; Drama","Yes","Cheers","25","Vudu","TV-PG"
"Chicken Little","2005","81 mins","Adventure; Animation; Comedy; Family; Fantasy; Science Fiction","No","","0","Vudu","G"
"Chicken Run","2000","84 mins","Adventure; Animation; Comedy; Drama; Family","No","","0","Vudu","G"
"Chihuahua: The Movie","2010","90 mins","Comedy; Family; Fantasy","No","","0","DVD","US - Approved"
"Children of the Damned","1964","89 mins","Drama; Horror; Mystery; Science Fiction","No","","0","Vudu","US - Approved"
"Chimpanzee","2012","78 mins","Adventure; Documentary; Family","No","","0","Blu-ray","G"
"China Girl","1987","90 mins","Crime; Drama; Romance","No","","0","Vudu","R"
"The China Syndrome","1979","118 mins","Drama; Thriller","No","","0","Vudu","PG"
"Chinatown","1974","130 mins","Drama; Mystery; Thriller","No","","0","Vudu","R"
"CHiPs: Season 1","1977","1052 mins","Crime; Drama; Mystery","Yes","CHiPs","22","Vudu","TV-PG"
"CHiPs: Season 2","1978","1066 mins","Crime; Drama; Mystery","Yes","CHiPs","23","Vudu","TV-PG"
"Chitty Chitty Bang Bang","1968","144 mins","Comedy; Family; Fantasy; Musical","No","","0","Vudu","G"
"The Chosen: Season 1","2019","394 mins","Drama; History","Yes","The Chosen","9","Vudu","TV-PG"
"The Chosen: Season 2","2021","404 mins","Drama; History","Yes","The Chosen","9","Vudu","TV-PG"
"The Chosen: Season 3","2022","536 mins","Drama; History","Yes","The Chosen","8","Vudu","TV-PG"
"The Chosen: Season 4","2017","145 mins","Drama; History","Yes","The Chosen","8","Vudu","TV-PG"
"Christine","1983","109 mins","Horror; Thriller","No","","0","Vudu","R"
"A Christmas Carol","1951","86 mins","Drama; Fantasy","No","","0","Vudu","US - Approved"
"A Christmas Carol","2009","96 mins","Animation; Family; Fantasy","No","","0","Vudu","PG"
"A Christmas Story","1983","94 mins","Comedy; Family","No","","0","Vudu","PG"
"A Christmas Story 2","2012","85 mins","Comedy; Family","No","","0","Vudu","PG"
"A Christmas Story Christmas","2022","98 mins","Comedy; Family","No","","0","Vudu","PG"
"Christmas Vacation 2: Cousin Eddie's Island Adventure","2003","83 mins","Comedy","No","","0","Vudu","PG-13"
"Christmas With The Kranks","2004","98 mins","Comedy; Family","No","","0","Vudu","PG"
"Christopher Robin","2018","120 mins","Adventure; Animation; Comedy; Drama; Family; Fantasy","No","","0","Vudu","PG"
"The Chronicles Of Narnia: The Lion, The Witch And The Wardrobe","2005","143 mins","Adventure; Family; Fantasy","No","","0","Vudu","PG"
"The Chronicles Of Narnia: Prince Caspian","2008","150 mins","Action; Adventure; Family; Fantasy","No","","0","Vudu","PG"
"The Chronicles Of Narnia: The Voyage Of The Dawn Treader","2010","115 mins","Adventure; Family; Fantasy","No","","0","Vudu","PG"
"Cinderella (Live Action)","2015","105 mins","Adventure; Drama; Family; Fantasy; Romance; Science Fiction","No","","0","Vudu","PG"
"Cinderella","1950","75 mins","Animation; Family; Musical","No","","0","Vudu","G"
"Cinderella II: Dreams Come True","2002","73 mins","Animation; Family; Fantasy; Musical; Romance","No","","0","DVD; Vudu","G"
"Cinderella III: A Twist in Time","2007","73 mins","Adventure; Animation; Family; Fantasy; Musical; Romance","No","","0","Vudu","G"
"Cinderfella","1960","91 mins","Comedy; Family; Fantasy; Musical; Romance","No","","0","Vudu","US - Approved"
"The Circle","2017","110 mins","Drama; Science Fiction; Thriller","No","","0","Vudu","PG-13"
"Circus Of Horrors","1960","88 mins","Drama; Horror","No","","0","","US - Approved"
"Cirque Du Soleil: Worlds Away","2012","91 mins","Fantasy; Special Interest","No","","0","Vudu","PG"
"Citizen Kane","1941","119 mins","Drama; Mystery","No","","0","Vudu","PG"
"City Of Angels","1998","114 mins","Drama; Fantasy; Romance","No","","0","Vudu","PG-13"
"Civil War","2024","109 mins","Action; Adventure; Thriller","No","","0","Vudu","R"
"Clear And Present Danger","1994","141 mins","Action; Crime; Drama; Thriller","No","","0","Vudu","PG-13"
"Click","2006","107 mins","Comedy; Drama; Fantasy; Romance","No","","0","Vudu","PG-13"
"The Client","1994","119 mins","Crime; Drama; Mystery; Thriller","No","","0","Vudu","PG-13"
"Cliffhanger","1993","112 mins","Action; Adventure; Thriller","No","","0","Vudu","R"
"Clockmaker","1998","90 mins","Adventure; Science Fiction","No","","0","DVD","PG"
"A Clockwork Orange","1971","136 mins","Crime; Science Fiction","No","","0","Vudu","R"
"Close Encounters of the Third Kind","1977","135 mins","Drama; Science Fiction","No","","0","Vudu","PG"
"Cloud Atlas","2012","172 mins","Drama; Mystery; Science Fiction; Thriller","No","","0","Vudu","R"
"Cloudy with a Chance of Meatballs","2009","90 mins","Adventure; Animation; Comedy; Family; Fantasy; Science Fiction","No","","0","Vudu","PG"
"Cloudy With A Chance Of Meatballs 2","2013","95 mins","Animation; Comedy; Family; Fantasy; Science Fiction","No","","0","Vudu","PG"
"Cloverfield","2008","85 mins","Action; Science Fiction; Thriller","No","","0","Vudu","PG-13"
"Clue","1985","94 mins","Comedy; Crime; Mystery; Thriller","No","","0","Vudu","PG"
"Clueless","1995","97 mins","Comedy; Romance","No","","0","Vudu","PG-13"
"CNN Election 2000","2000","65 mins","Special Interest","No","","0","DVD","US - Approved"
"Coach Carter","2005","136 mins","Biography; Drama; Sports","No","","0","Vudu","PG-13"
"Cobra","1986","87 mins","Action; Adventure; Crime","No","","0","Vudu","R"
"Cocaine Bear","2023","95 mins","Comedy; Thriller","No","","0","Vudu","R"
"Cocaine Shark","2023","76 mins","Crime; Drama; Horror; Thriller","No","","0","Vudu","R"
"Coco","2017","105 mins","Adventure; Animation; Comedy; Family; Fantasy","No","","0","Vudu","PG"
"The Cold Light of Day","2012","93 mins","Action; Thriller","No","","0","Vudu","PG-13"
"Collateral","2004","120 mins","Action; Crime; Drama; Thriller","No","","0","Vudu","R"
"Collision Earth","2011","95 mins","Action; Adventure; Drama; Science Fiction; Thriller","No","","0","Vudu","PG"
"Colombiana","2011","108 mins","Action; Crime; Drama; Thriller","No","","0","Vudu","PG-13"
"The Color Purple","1985","154 mins","Drama","No","","0","Vudu","PG-13"
"Comanche Station","1960","73 mins","Drama; Western","No","","0","Vudu","US - Approved"
"Comatose Comes Alive","2008","82 mins","Horror; Music","No","","0","Vudu","US - Approved"
"The Commuter","2018","104 mins","Action; Mystery; Thriller","No","","0","Vudu","PG-13"
"Compressed Hare","1961","7 mins","Animation; Comedy; Family","No","","0","Vudu","US - Approved"
"The Computer Wore Tennis Shoes","1969","91 mins","Comedy; Family","No","","0","Vudu","G"
"Conan the Barbarian","1982","129 mins","Action; Adventure; Fantasy","No","","0","Vudu","R"
"Concussion","2015","123 mins","Biography; Drama; Sports","No","","0","Vudu","PG-13"
"Congo","1995","109 mins","Action; Adventure; Mystery; Science Fiction","No","","0","Vudu","PG-13"
"The Conjuring","2013","112 mins","Horror; Mystery; Thriller","No","","0","Vudu","R"
"Conspiracy Theory","1997","135 mins","Action; Mystery; Thriller","No","","0","Vudu","R"
"Constantine","2005","121 mins","Action; Fantasy; Horror; Mystery","No","","0","Vudu","R"
"Contagion","2011","106 mins","Drama; Thriller","No","","0","Vudu","PG-13"
"Cool Hand Luke","1967","127 mins","Crime; Drama","No","","0","Vudu","US - Approved"
"Cool Runnings","1993","98 mins","Biography; Comedy; Family","No","","0","Vudu","PG"
"Coraline","2009","100 mins","Animation; Drama; Family; Fantasy","No","","0","Vudu","PG"
"The Core","2003","135 mins","Action; Adventure; Science Fiction; Thriller","No","","0","Vudu","PG-13"
"Corpse Bride","2005","77 mins","Animation; Drama; Family; Fantasy; Musical; Romance","No","","0","Vudu","PG"
"The Cotton Club","1984","127 mins","Crime; Drama; Music","No","","0","Vudu","R"
"The Country Bears","2002","88 mins","Comedy; Family; Music","No","","0","Vudu","G"
"Couples Retreat","2009","113 mins","Comedy","No","","0","Vudu","R"
"Courageous","2011","130 mins","Drama","No","","0","Vudu","PG-13"
"The Courier","2020","112 mins","Drama; History; Mystery; Thriller","No","","0","Vudu","PG-13"
"The Court Jester","1955","101 mins","Adventure; Comedy; Family; Musical","No","","0","Vudu","US - Approved"
"The Covenant","2023","123 mins","Action; Thriller; War","No","","0","Vudu","R"
"Cowboy And The Senorita","1944","56 mins","Action; Adventure; Drama; Western","No","","0","VHS","US - Approved"
"The Craft","1996","101 mins","Drama; Fantasy; Horror; Thriller","No","","0","Vudu","R"
"Crank","2006","88 mins","Action; Crime; Thriller","No","","0","Vudu","R"
"Crash","2004","112 mins","Crime; Drama; Thriller","No","","0","Vudu","R"
"Crawl","2019","87 mins","Action; Horror; Thriller","No","","0","Vudu","R"
"Crazy Eights","2006","80 mins","Horror","No","","0","DVD","R"
"Crazy Rich Asians","2018","120 mins","Comedy; Drama; Romance","No","","0","Vudu","PG-13"
"Crazy, Stupid, Love.","2011","118 mins","Comedy; Drama; Romance","No","","0","Vudu","PG-13"
"Creation Festival Live","","","Music","No","","0","DVD","US - Approved"
"Creature from the Black Lagoon","1954","79 mins","Horror; Science Fiction","No","","0","Vudu","G"
"Creed","2015","133 mins","Action; Drama; Sports","No","","0","Vudu","PG-13"
"Creed II","2018","130 mins","Drama; Sports","No","","0","Vudu","PG-13"
"Creed III","2023","116 mins","Drama; Sports","No","","0","Vudu","PG-13"
"Criminal Minds: Season 1","2005","961 mins","Crime; Drama; Mystery; Thriller","Yes","Criminal Minds","22","Vudu","TV-PG"
"Criminal Minds: Season 2","2006","968 mins","Crime; Drama; Mystery; Thriller","Yes","Criminal Minds","23","Vudu","TV-PG"
"Criminal Minds: Season 3","2007","966 mins","Crime; Drama; Mystery; Thriller","Yes","Criminal Minds","20","Vudu","TV-PG"
"Criminal Minds: Season 4","2008","1090 mins","Crime; Drama; Mystery; Thriller","Yes","Criminal Minds","26","Vudu","TV-PG"
"Criminal Minds: Season 5","2009","1002 mins","Crime; Drama; Mystery; Thriller","Yes","Criminal Minds","23","Vudu","TV-PG"
"Criminal Minds: Season 6","2010","1025 mins","Crime; Drama; Mystery; Thriller","Yes","Criminal Minds","24","Vudu","TV-PG"
"Criminal Minds: Season 7","2011","1017 mins","Crime; Drama; Mystery; Thriller","Yes","Criminal Minds","24","Vudu","TV-PG"
"Criminal Minds: Season 8","2012","1009 mins","Crime; Drama; Mystery; Thriller","Yes","Criminal Minds","24","Vudu","TV-PG"
"Criminal Minds: Season 9","2013","1016 mins","Crime; Drama; Mystery; Thriller","Yes","Criminal Minds","24","Vudu","TV-PG"
"Criminal Minds: Season 10","2014","966 mins","Crime; Drama; Mystery; Thriller","Yes","Criminal Minds","23","Vudu","TV-PG"
"Criminal Minds: Season 11","2015","922 mins","Crime; Drama; Mystery; Thriller","Yes","Criminal Minds","22","Vudu","TV-PG"
"Criminal Minds: Season 12","2016","920 mins","Crime; Drama; Mystery; Thriller","Yes","Criminal Minds","22","Vudu","TV-PG"
"Criminal Minds: Season 13","2017","925 mins","Crime; Drama; Mystery; Thriller","Yes","Criminal Minds","22","Vudu","TV-PG"
"Criminal Minds: Season 14","2018","627 mins","Crime; Drama; Mystery; Thriller","Yes","Criminal Minds","15","Vudu","TV-PG"
"Criminal Minds: Season 15","2020","422 mins","Crime; Drama; Mystery; Thriller","Yes","Criminal Minds","10","Vudu","TV-PG"
"Crimson Tide","1995","116 mins","Action; Drama; Thriller; War","No","","0","","R"
"Crippled Lamb","2000","","Family","No","","0","DVD","TV-G"
"Crocodile Dundee","1986","97 mins","Action; Adventure; Comedy","No","","0","Vudu","PG-13"
"Crocodile Dundee II","1988","108 mins","Action; Adventure; Comedy","No","","0","Vudu","PG"
"Crocodile Dundee in Los Angeles","2001","92 mins","Action; Adventure; Comedy; Crime","No","","0","Vudu","PG"
"The Croods","2013","98 mins","Adventure; Animation; Comedy; Family","No","","0","Vudu","G"
"The Croods: A New Age","2020","95 mins","Adventure; Animation; Comedy; Family; Fantasy","No","","0","Vudu","PG"
"Cruella","2021","134 mins","Adventure; Comedy; Crime; Drama","No","","0","Vudu","PG-13"
"CSI: Crime Scene Investigation: Season 1","2000","1071 mins","Crime; Drama; Mystery; Thriller","Yes","CSI: Crime Scene Investigation","23","Vudu","TV-PG"
"CSI: Crime Scene Investigation: Season 2","2001","1051 mins","Crime; Drama; Mystery; Thriller","Yes","CSI: Crime Scene Investigation","23","Vudu","TV-PG"
"CSI: Crime Scene Investigation: Season 3","2002","1022 mins","Crime","Yes","CSI: Crime Scene Investigation","23","Vudu","TV-14"
"CSI: Crime Scene Investigation: Season 4","2003","1011 mins","Crime; Drama; Mystery; Thriller","Yes","CSI: Crime Scene Investigation","23","Vudu","TV-PG"
"CSI: Crime Scene Investigation: Season 5","2004","1237 mins","Crime; Drama; Mystery; Thriller","Yes","CSI: Crime Scene Investigation","25","Vudu","TV-PG"
"CSI: Crime Scene Investigation: Season 6","2005","1083 mins","Crime; Drama; Mystery; Thriller","Yes","CSI: Crime Scene Investigation","24","Vudu","TV-PG"
"CSI: Crime Scene Investigation: Season 7","2006","1440 mins","Crime; Drama; Mystery; Thriller","Yes","CSI: Crime Scene Investigation","24","Vudu","TV-PG"
"CSI: Crime Scene Investigation: Season 8","2007","772 mins","Crime; Drama; Mystery; Thriller","Yes","CSI: Crime Scene Investigation","17","Vudu","TV-PG"
"CSI: Crime Scene Investigation: Season 9","2008","1263 mins","Crime; Drama; Mystery; Thriller","Yes","CSI: Crime Scene Investigation","24","Vudu","TV-PG"
"CSI: Crime Scene Investigation: Season 10","2009","1370 mins","Crime; Drama; Mystery; Thriller","Yes","CSI: Crime Scene Investigation","23","Vudu","TV-PG"
"CSI: Crime Scene Investigation: Season 11","2010","1293 mins","Crime; Drama; Mystery; Thriller","Yes","CSI: Crime Scene Investigation","22","Vudu","TV-PG"
"CSI: Crime Scene Investigation: Season 12","2011","1264 mins","Crime; Drama; Mystery; Thriller","Yes","CSI: Crime Scene Investigation","22","Vudu","TV-PG"
"CSI: Crime Scene Investigation: Season 13","2012","962 mins","Crime; Drama; Mystery; Thriller","Yes","CSI: Crime Scene Investigation","22","Vudu","TV-PG"
"CSI: Crime Scene Investigation: Season 14","2013","951 mins","Crime; Drama; Mystery; Thriller","Yes","CSI: Crime Scene Investigation","22","Vudu","TV-PG"
"CSI: Crime Scene Investigation: Season 15","2014","771 mins","Crime; Drama; Mystery; Thriller","Yes","CSI: Crime Scene Investigation","18","Vudu","TV-PG"
"CSI: Vegas: Season 1","2021","369 mins","Crime; Drama; Mystery","Yes","CSI: Vegas","10","Vudu","TV-14"
"CSI: Vegas: Season 2","2022","","Crime; Drama; Mystery","Yes","CSI: Vegas","21","Vudu","TV-14"
"CSI: Vegas: Season 3","2024","","Crime; Drama; Mystery","Yes","CSI: Vegas","10","Vudu","TV-14"
"Cube","1997","90 mins","Horror; Mystery; Science Fiction","No","","0","Vudu","R"
"Cujo","1983","93 mins","Horror; Thriller","No","","0","Vudu","R"
"The Curious Case of Benjamin Button","2008","166 mins","Drama; Fantasy; Romance","No","","0","Vudu","PG-13"
"Curly Top","1935","75 mins","Family; Musical; Romance","No","","0","Vudu","G"
"Cutter's Way","1981","109 mins","Crime; Drama; Mystery; Thriller","No","","0","Vudu","R"
"The Cutting Edge","1992","97 mins","Comedy; Drama; Romance; Sports","No","","0","Vudu","PG"
"Cyrano","2021","124 mins","Drama","No","","0","Vudu","PG-13"
"The Da Vinci Code","2006","149 mins","Mystery; Thriller","No","","0","Vudu","PG-13"
"Daddy Day Camp","2007","89 mins","Comedy; Family","No","","0","Vudu","PG"
"Daddy's Home","2015","96 mins","Comedy; Family","No","","0","Vudu","PG-13"
"Daddy's Home 2","2017","100 mins","Comedy","No","","0","Vudu","PG-13"
"Daffy Duck's Movie: Fantastic Island","1983","78 mins","Animation; Comedy; Family","No","","0","Vudu","G"
"Daffy Duck's Quackbusters","1988","76 mins","Action; Adventure; Animation; Comedy; Family; Fantasy; Horror; Mystery","No","Daffy Duck's Quackbusters","0","Vudu","TV-G"
"Damaged","2024","97 mins","Action; Crime; Drama; Mystery; Thriller","No","","0","Vudu","R"
"Dan Da Dan: Season 1","","","Animation","No","","0","Vudu",""
"Dangerous Minds","1995","99 mins","Biography; Crime; Drama; Mystery; Thriller","No","","0","Vudu","R"
"Darby O'Gill And The Little People","1959","93 mins","Adventure; Family; Fantasy","No","","0","Vudu","G"
"Daredevil","2003","103 mins","Action; Crime","No","","0","Vudu","R"
"The Dark Crystal","1982","93 mins","Adventure; Family; Fantasy","No","","0","Vudu","PG"
"The Dark Knight","2008","152 mins","Action; Crime; Drama; Thriller","No","","0","Vudu","PG-13"
"The Dark Knight Rises","2012","164 mins","Action; Adventure","No","","0","Vudu","PG-13"
"The Darkest Hour","2011","89 mins","Action; Adventure; Horror; Science Fiction; Thriller","No","","0","Vudu","PG-13"
"Darkman","1990","96 mins","Action; Science Fiction; Thriller","No","","0","Vudu","R"
"Dave","1993","110 mins","Comedy; Romance","No","","0","Vudu","PG-13"
"David","2025","109 mins","Adventure; Animation; Drama; Family; Musical","No","","0","Vudu","PG"
"The Day the Earth Blew Up: A Looney Tunes Movie","2024","91 mins","Adventure; Animation; Comedy; Family; Science Fiction","No","","0","Vudu","PG"
"Daylight","1996","114 mins","Action; Adventure; Drama; Thriller","No","","0","Vudu","PG-13"
"Days Of Jesse James","1939","56 mins","Action; Western","No","","0","VHS","US - Approved"
"Days Of Thunder","1990","102 mins","Action; Adventure; Drama; Romance","No","","0","Vudu","PG-13"
"DC League of Super-Pets","2022","106 mins","Action; Adventure; Animation; Comedy; Crime; Family; Fantasy; Science Fiction","No","","0","Vudu","PG"
"Dc Talk: Free At Last: The Movie","2002","90 mins","Music","No","","0","DVD","G"
"Dead End","1937","93 mins","Crime; Drama; Film Noir; Romance","No","","0","Vudu","US - Approved"
"Dead Man Walking","1995","122 mins","Crime; Drama","No","","0","Vudu","R"
"Deadfall","2012","95 mins","Action; Adventure; Crime; Drama; Thriller","No","","0","Vudu","R"
"Deadpool & Wolverine","2024","128 mins","Action; Adventure; Comedy; Science Fiction","No","","0","Vudu","R"
"Death of a Unicorn","2025","107 mins","Comedy; Fantasy; Horror; Thriller","No","","0","Vudu","R"
"The Death of Superman","2018","81 mins","Action; Animation; Fantasy; Science Fiction","No","","0","Vudu","PG-13"
"Death On The Nile","2022","127 mins","Crime; Drama; Mystery","No","","0","Vudu","PG-13"
"Death Race","2008","105 mins","Action; Science Fiction; Thriller","No","","0","Vudu","R"
"Death Rides a Horse","1967","120 mins","Drama; Western","No","","0","Vudu","R"
"Death Wish","1974","93 mins","Action; Crime; Drama; Thriller","No","","0","Vudu","R"
"Declassified: Untold Stories Of American Spies: Season 1","2016","336 mins","Documentary; Thriller","Yes","Declassified: Untold Stories Of American Spies","8","Vudu","US - Approved"
"Declassified: Untold Stories Of American Spies: Season 2","2017","336 mins","Documentary; Thriller","Yes","Declassified: Untold Stories Of American Spies","8","Vudu","US - Approved"
"Declassified: Untold Stories Of American Spies: Season 3","2019","252 mins","Documentary; Thriller","Yes","Declassified: Untold Stories Of American Spies","8","Vudu","US - Approved"
"The Deep","1977","123 mins","Adventure; Mystery; Thriller","No","","0","Vudu","PG"
"Deepwater Horizon","2016","107 mins","Action; Drama; History; Thriller","No","","0","Vudu","PG-13"
"The Defiant Ones","1958","96 mins","Crime; Drama","No","","0","Vudu","US - Approved"
"Definitely, Maybe","2008","112 mins","Comedy; Drama; Romance","No","","0","Vudu","PG-13"
"Deliver Us from Eva","2003","105 mins","Comedy; Drama; Romance","No","","0","Vudu","R"
"De-Lovely","2004","125 mins","Biography; Drama; Music; Musical","No","","0","Vudu","PG-13"
"Demolition Man","1993","115 mins","Action; Science Fiction; Thriller","No","","0","Vudu","R"
"Den Of Thieves 2: Pantera","2025","144 mins","Action; Crime; Drama; Thriller","No","","0","Vudu","R"
"The Departed","2006","151 mins","Crime; Drama; Thriller","No","","0","Vudu","R"
"The Descent","2005","99 mins","Adventure; Horror; Thriller","No","","0","Vudu","R"
"Desperado","1995","104 mins","Action; Crime; Drama; Thriller; Western","No","","0","Vudu","R"
"The Desperate Riders","2022","90 mins","Drama; Western","No","","0","Vudu","PG-13"
"Despicable Me","2010","95 mins","Animation; Comedy; Family","No","","0","Vudu","PG"
"Despicable Me 2","2013","98 mins","Animation; Comedy; Family","No","","0","Vudu","PG"
"Despicable Me 3","2017","89 mins","Action; Adventure; Animation; Comedy; Family; Fantasy; Science Fiction","No","","0","Vudu","PG"
"Despicable Me 4","2024","94 mins","Adventure; Animation; Comedy; Crime; Family; Science Fiction","No","","0","Vudu","PG"
"Devotion","2022","139 mins","Action; Biography; Drama; War","No","","0","","PG-13"
"Diary of a Mad Black Woman","2005","116 mins","Comedy; Drama; Romance","No","","0","Vudu","PG-13"
"Diary Of A Wimpy Kid","2010","94 mins","Comedy; Family","No","","0","Vudu","PG"
"Diary Of A Wimpy Kid 2: Rodrick Rules","2011","96 mins","Children; Comedy; Family","No","","0","Vudu","PG"
"Diary Of A Wimpy Kid: Dog Days","2012","94 mins","Comedy; Family","No","","0","Vudu","PG"
"Diary of a Wimpy Kid: The Long Haul","2017","91 mins","Adventure; Comedy; Family","No","","0","Vudu","PG"
"Dick","1999","94 mins","Comedy","No","","0","Vudu","PG-13"
"The Dick Van Dyke Show: Season 1","1962","900 mins","Comedy; Family","Yes","The Dick Van Dyke Show","30","Vudu","TV-PG"
"The Dick Van Dyke Show: Season 2","1962","956 mins","Comedy; Family","Yes","The Dick Van Dyke Show","32","Vudu","TV-PG"
"The Dick Van Dyke Show: Season 3","1964","960 mins","Comedy; Family","Yes","The Dick Van Dyke Show","32","Vudu","TV-PG"
"The Dick Van Dyke Show: Season 4","1965","960 mins","Comedy; Family","Yes","The Dick Van Dyke Show","32","Vudu","TV-PG"
"The Dick Van Dyke Show: Season 5","1966","960 mins","Comedy; Family","Yes","The Dick Van Dyke Show","32","Vudu","TV-PG"
"Die Hard","1988","132 mins","Action","No","","0","Vudu","R"
"Die Hard 2","1990","124 mins","Action; Thriller","No","","0","Vudu","R"
"Die Hard: With A Vengeance","1995","128 mins","Action; Crime; Thriller","No","","0","Vudu","R"
"Live Free or Die Hard","2007","128 mins","Action; Thriller","No","","0","Vudu","R"
"A Good Day to Die Hard","2013","98 mins","Action; Thriller","No","","0","Vudu","R"
"Dilbert: Season 1","1999","374 mins","Animation; Comedy","Yes","Dilbert","13","DVD","TV-G"
"Dinocroc vs. Supergator","2010","87 mins","Action; Adventure; Comedy; Horror; Science Fiction; Thriller","No","","0","Vudu","US - Not Rated"
"Dinosaur","2000","82 mins","Adventure; Animation; Family","No","","0","Vudu","PG"
"Dinosaurs: Season 1","1991","119 mins","Comedy; Family; Fantasy; Science Fiction","Yes","Dinosaurs","5","Vudu","TV-PG"
"Dinosaurs: Season 2","1992","576 mins","Comedy; Family; Fantasy; Science Fiction","Yes","Dinosaurs","24","Vudu","TV-PG"
"Dinosaurs: Season 3","1992","526 mins","Comedy; Family; Fantasy; Science Fiction","Yes","Dinosaurs","22","Vudu","TV-PG"
"Dinosaurs: Season 4","1994","336 mins","Comedy; Family; Fantasy; Science Fiction","Yes","Dinosaurs","14","Vudu","TV-PG"
"Dinoshark","2010","92 mins","Action; Adventure; Comedy; Horror; Science Fiction; Thriller","No","","0","Vudu","US - Not Rated"
"Dirty Grandpa","2016","102 mins","Comedy","No","","0","Vudu","R"
"Dirty Harry","1971","102 mins","Action; Crime; Thriller","No","","0","Vudu","R"
"Dirty Movie","2011","91 mins","Comedy","No","","0","Vudu","R"
"Disneynature: Bears","2014","78 mins","Documentary; Family; Special Interest","No","","0","Blu-ray","G"
"Disneynature: The Crimson Wing","2008","","Documentary","No","","0","Blu-ray","G"
"The Disorderly Orderly","1964","89 mins","Comedy; Romance","No","","0","Vudu","US - Approved"
"District 9","2009","112 mins","Action; Science Fiction; Thriller","No","","0","Vudu","R"
"Divergent","2014","139 mins","Action; Adventure; Romance; Science Fiction","No","","0","Vudu","PG-13"
"Insurgent","2015","119 mins","Action; Adventure; Romance; Science Fiction; Thriller","No","","0","Vudu","PG-13"
"Allegiant","2016","120 mins","Action; Adventure; Fantasy; Mystery; Romance; Science Fiction","No","","0","Vudu","PG-13"
"Doc Hollywood","1991","104 mins","Comedy; Romance","No","","0","Vudu","PG-13"
"Doctor Dolittle","1998","85 mins","Comedy; Family","No","","0","Vudu","PG-13"
"Doctor Dolittle 2","2001","83 mins","Comedy; Family","No","","0","Vudu","PG"
"Doctor Dolittle 3","2006","98 mins","Children; Comedy; Family","No","","0","Vudu","PG"
"Doctor Strange","2016","115 mins","Action; Adventure; Fantasy; Science Fiction","No","","0","Vudu","PG-13"
"Doctor Strange in the Multiverse of Madness","2022","126 mins","Action; Adventure; Fantasy; Horror; Science Fiction","No","","0","Vudu","PG-13"
"Doctor Who: Season 1","2006","567 mins","Adventure; Drama; Family; Mystery; Science Fiction","Yes","Doctor Who (2005)","13","Vudu","TV-PG"
"Doctor Who: Season 2","2006","912 mins","Adventure; Drama; Family; Mystery; Science Fiction","Yes","Doctor Who (2005)","14","Vudu","TV-PG"
"Doctor Who: Season 3","2007","585 mins","Adventure; Drama; Family; Mystery; Science Fiction","Yes","Doctor Who (2005)","14","Vudu","TV-PG"
"Doctor Who: Season 4","2008","682 mins","Adventure; Drama; Family; Mystery; Science Fiction","Yes","Doctor Who (2005)","14","Vudu","TV-PG"
"Doctor Who: Season 5","2010","594 mins","Adventure; Drama; Family; Mystery; Science Fiction","Yes","Doctor Who (2005)","13","Vudu","TV-PG"
"Doctor Who: Season 6","2010","593 mins","Adventure; Drama; Family; Mystery; Science Fiction","Yes","Doctor Who (2005)","14","Vudu","TV-PG"
"Doctor Who: The Doctor, The Widow And The Wardrobe","2011","58 mins","Adventure; Drama; Science Fiction","Yes","The Doctor, the Widow and the Wardrobe","0","Vudu","TV-PG"
"Doctor Who: Season 7","2011","704 mins","Adventure; Drama; Family; Mystery; Science Fiction","Yes","Doctor Who (2005)","15","Vudu","TV-PG"
"Doctor Who: The Snowmen","2012","60 mins","Adventure; Drama; Science Fiction","No","","0","Vudu","TV-PG"
"Doctor Who: Season 8","2013","590 mins","Adventure; Drama; Family; Mystery; Science Fiction","Yes","Doctor Who (2005)","13","Vudu","TV-PG"
"Doctor Who: Last Christmas","2014","57 mins","Adventure; Science Fiction","No","","0","Vudu","TV-PG"
"Doctor Who: Season 9","2014","700 mins","Adventure; Drama; Family; Mystery; Science Fiction","Yes","Doctor Who (2005)","14","Vudu","TV-PG"
"Doctor Who: The Husbands Of River Song","2015","56 mins","Adventure; Drama; Family; Mystery; Science Fiction","No","","0","Vudu","TV-PG"
"Doctor Who: The Return Of Doctor Mysterio","2016","","Adventure; Science Fiction","No","","0","Vudu","TV-PG"
"Doctor Who: Season 10","2016","540 mins","Adventure; Drama; Family; Mystery; Science Fiction","Yes","Doctor Who (2005)","13","Vudu","TV-PG"
"Doctor Who: Twice Upon A Time","2017","60 mins","Adventure; Drama; Family; Mystery; Science Fiction","No","","0","Vudu","TV-PG"
"Doctor Who: Season 11","2017","619 mins","Adventure; Drama; Family; Mystery; Science Fiction","Yes","Doctor Who (2005)","11","Vudu","TV-PG"
"Doctor Who: Resolution","2019","60 mins","Adventure; Drama; Family; Mystery; Science Fiction","No","","0","Vudu","TV-PG"
"Doctor Who: Season 12","2020","600 mins","Adventure; Drama; Family; Mystery; Science Fiction","Yes","Doctor Who","10","Vudu","TV-PG"
"Doctor Who: Revolution of the Daleks","2021","71 mins","Adventure; Drama; Science Fiction","No","","0","Vudu","TV-PG"
"Doctor Who: Season 13","2021","","Adventure; Drama; Family; Mystery; Science Fiction","Yes","Doctor Who","6","Vudu","TV-PG"
"Doctor Who: Eve Of The Daleks","2022","116 mins","Adventure; Drama; Science Fiction","No","","0","Vudu","TV-PG"
"Doctor Who: Legend of the Sea Devils","2022","","Adventure; Science Fiction","No","","0","Vudu","TV-PG"
"Doctor Who: The Power of the Doctor","2022","88 mins","Adventure; Drama; Science Fiction","Yes","The Power of the Doctor","0","Vudu","TV-PG"
"Doctor Zhivago","1965","197 mins","Drama; Romance; War","No","","0","Vudu","US - Approved"
"Dodsworth","1936","101 mins","Drama; Romance","No","","0","Vudu","US - Approved"
"Dog","2022","98 mins","Comedy; Drama","No","","0","Vudu","PG-13"
"Dog Man","2025","89 mins","Action; Adventure; Animation; Comedy; Crime; Family; Fantasy; Science Fiction","No","","0","Vudu","PG"
"Dolphin Tale","2011","113 mins","Children; Drama; Family","No","","0","Vudu","PG"
"Dr. Dolittle: Tail to the Chief","2008","85 mins","Comedy; Family","No","","0","Vudu","PG"
"Dr. Strangelove or: How I Learned to Stop Worrying and Love the Bomb","1964","95 mins","Comedy; War","No","","0","Vudu","PG"
"Dr. T & the Women","2000","122 mins","Comedy; Drama; Romance","No","","0","Vudu","R"
"Dracula: Dead and Loving It","1995","90 mins","Comedy; Fantasy; Horror","No","","0","Vudu","PG-13"
"Dracula's Dog","1977","87 mins","Horror","No","","0","","R"
"Dragon Lord","1982","102 mins","Action; Comedy; Sports","No","","0","","PG-13"
"Dragon Tales: We Can Work It Out","1999","","Animation","No","Dragon Tales","0","DVD","TV-G"
"Dragons Forever","1988","102 mins","Action; Comedy; Romance","No","","0","","TV-14"
"Dragons: Gift of the Night Fury","2011","22 mins","Adventure; Animation; Comedy; Family; Fantasy","No","","0","DVD","TV-PG"
"Dredd","2012","95 mins","Action; Crime; Science Fiction","No","","0","Vudu","R"
"Drive Angry","2011","104 mins","Action; Comedy; Fantasy; Thriller","No","","0","Vudu","R"
"Drop","2025","95 mins","Drama; Mystery; Thriller","No","","0","Vudu","PG-13"
"Drunk History: Season 1","2013","176 mins","Comedy; History","Yes","Drunk History","8","Vudu","TV-14"
"Drunk History: Season 2","2014","220 mins","Comedy; History","Yes","Drunk History","10","Vudu","TV-14"
"Drunk History: Season 3","2015","281 mins","Comedy; History","Yes","Drunk History","13","Vudu","TV-14"
"Drunk History: Season 4","2016","231 mins","Comedy; History","Yes","Drunk History","11","Vudu","TV-14"
"Drunk History: Season 5","2017","294 mins","Comedy; History","Yes","Drunk History","14","Vudu","TV-14"
"A Dry White Season","1989","106 mins","Drama; Thriller","No","","0","Vudu","R"
"Duck Dynasty: Season 1","2012","630 mins","Comedy","Yes","Duck Dynasty","15","Vudu","TV-PG"
"Duck Dynasty: Season 2","2012","480 mins","Comedy","Yes","Duck Dynasty","13","Vudu","TV-PG"
"Duck Dynasty: Season 3","2013","390 mins","Comedy","Yes","Duck Dynasty","13","Vudu","TV-PG"
"Duck Dynasty: Season 4","2013","450 mins","Comedy","Yes","Duck Dynasty","11","Vudu","TV-PG"
"Duck Dynasty: Season 5","2014","300 mins","Comedy","Yes","Duck Dynasty","10","Vudu","TV-PG"
"Duck Dynasty: Season 6","2014","300 mins","Comedy","Yes","Duck Dynasty","9","Vudu","TV-PG"
"Duck Dynasty: Season 7","2014","241 mins","Comedy","Yes","Duck Dynasty","10","Vudu","TV-PG"
"Duck Dynasty: Season 8","2015","300 mins","Comedy","Yes","Duck Dynasty","9","Vudu","TV-PG"
"Duck Dynasty: Season 9","2016","300 mins","Comedy","Yes","Duck Dynasty","11","Vudu","TV-PG"
"Duck Dynasty: Season 10","2016","350 mins","Comedy","Yes","Duck Dynasty","14","Vudu","TV-PG"
"Ducktales The Movie: Treasure Of The Lost Lamp","1990","74 mins","Adventure; Animation; Comedy; Family; Fantasy","No","","0","Vudu","G"
"The Duel","2016","110 mins","Drama; Western","No","","0","Vudu","R"
"The Dukes of Hazzard","2005","104 mins","Comedy","No","","0","Vudu","PG-13"
"The Dukes Of Hazzard: Season 1","1979","637 mins","Action; Comedy","Yes","The Dukes of Hazzard","13","Vudu","TV-PG"
"The Dukes Of Hazzard: Season 2","1979","1133 mins","Action; Comedy","Yes","The Dukes of Hazzard","23","Vudu","TV-PG"
"The Dukes Of Hazzard: Season 3","1980","1135 mins","Action; Comedy","Yes","The Dukes of Hazzard","22","Vudu","TV-PG"
"The Dukes Of Hazzard: Season 4","1981","1316 mins","Action; Comedy","Yes","The Dukes of Hazzard","27","Vudu","TV-PG"
"The Dukes Of Hazzard: Season 5","1982","1059 mins","Action; Comedy","Yes","The Dukes of Hazzard","22","Vudu","TV-PG"
"The Dukes of Hazzard: Season 6","1979","1061 mins","Action; Comedy","Yes","The Dukes of Hazzard","22","Vudu","TV-PG"
"The Dukes of Hazzard: Season 7","1979","822 mins","Action; Comedy","Yes","The Dukes of Hazzard","17","Vudu","TV-PG"
"Dumb and Dumber","1994","107 mins","Comedy","No","","0","Vudu","PG-13"
"Dumb Money","2023","105 mins","Biography; Comedy; Drama","No","","0","Vudu","R"
"Dumbo","1941","64 mins","Animation; Drama; Family; Musical","No","","0","Vudu","G"
"Dumbo (Live Action)","2019","112 mins","Adventure; Family; Fantasy","No","","0","Vudu","PG"
"Dune","2021","155 mins","Action; Adventure; Drama; Science Fiction","No","","0","Vudu","PG-13"
"Dune: Part Two","2024","166 mins","Action; Adventure; Drama; Science Fiction","No","","0","Vudu","PG-13"
"Dungeons & Dragons: Honor Among Thieves","2023","134 mins","Action; Adventure; Comedy; Fantasy","No","","0","Vudu","PG-13"
"Dunkirk","2017","106 mins","Action; Drama; History; Thriller; War","No","","0","Vudu","PG-13"
"Dying Of The Light","2014","94 mins","Action; Drama; Thriller","No","","0","Vudu","R"
"E.T. The Extra-Terrestrial","1982","115 mins","Family; Fantasy; Science Fiction","No","","0","Vudu","PG"
"Eagle Eye","2008","118 mins","Action; Mystery; Thriller","No","","0","Vudu","PG-13"
"Earth Girls Are Easy","1988","100 mins","Comedy; Musical; Romance; Science Fiction","No","","0","Vudu","PG"
"Earthfall","2015","89 mins","Action; Adventure; Drama; Horror; Science Fiction; Thriller","No","","0","Vudu","US - Not Rated"
"Earth's Final Hours","2011","84 mins","Action; Science Fiction; Thriller","No","","0","Vudu","PG-13"
"Easy Come, Easy Go","1967","95 mins","Adventure; Comedy; Music","No","","0","Vudu","US - Approved"
"Easy Rider","1969","95 mins","Adventure; Drama","No","","0","Vudu","R"
"Eddie Murphy: Delirious","1983","69 mins","Comedy","No","","0","DVD","R"
"Edward Scissorhands","1990","105 mins","Drama; Fantasy; Romance","No","","0","Vudu","PG-13"
"The Eiger Sanction","1975","129 mins","Action; Crime; Thriller","No","","0","Vudu","R"
"Eight Below","2006","120 mins","Adventure; Drama; Family","No","","0","Vudu","PG"
"Elemental","2023","101 mins","Adventure; Animation; Comedy; Drama; Family; Fantasy; Science Fiction","No","","0","Vudu","PG"
"Elevation","2024","91 mins","Action; Science Fiction; Thriller","No","","0","Vudu","R"
"Elf","2003","95 mins","Comedy; Family; Fantasy","No","","0","Vudu","PG"
"Elio","2025","98 mins","Adventure; Animation; Comedy; Drama; Family; Fantasy; Science Fiction","No","","0","Vudu","PG"
"Elmer's Candid Camera","1940","8 mins","Animation; Comedy; Family","No","","0","Vudu","US - Approved"
"Elvis","2022","159 mins","Biography; Drama; Music","No","","0","Vudu","PG-13"
"Elvis Presley: Aloha From Hawaii","1973","72 mins","Music","No","","0","VHS","US - Approved"
"Elvis: Viva Las Vegas","2007","120 mins","Drama; Music","No","","0","Vudu","US - Approved"
"Elysium","2013","109 mins","Action; Drama; Science Fiction; Thriller","No","","0","Vudu","R"
"The Emperor's New Groove","2000","78 mins","Animation; Comedy; Family","No","","0","Vudu","G"
"Empire of the Sun","1987","153 mins","Drama; War","No","","0","Vudu","PG"
"Empire State","2013","94 mins","Action; Crime; Thriller","No","","0","Vudu","R"
"Employee Of The Month","2006","108 mins","Comedy","No","","0","Vudu","PG-13"
"Encanto","2021","2 mins","Adventure; Animation; Comedy; Drama; Family; Fantasy; Musical","No","","0","Vudu","PG"
"Encino Man","1992","88 mins","Comedy","No","","0","Vudu","PG"
"End of Days","1999","122 mins","Action; Fantasy; Horror; Thriller","No","","0","Vudu","R"
"Endless Night","1972","95 mins","Crime; Drama; Mystery; Romance","No","","0","","US - Not Rated"
"Enemy Of The State","1998","132 mins","Action; Thriller","No","","0","Vudu","R"
"Enough","2002","115 mins","Crime; Drama; Thriller","No","","0","Vudu","PG-13"
"Entrapment","1999","113 mins","Action; Crime; Romance; Thriller","No","","0","Vudu","PG-13"
"Epic","2013","102 mins","Adventure; Animation; Family","No","","0","Vudu","PG"
"The Equalizer","2014","132 mins","Action; Crime; Thriller","No","","0","Vudu","R"
"Equilibrium","2002","107 mins","Action; Drama; Science Fiction; Thriller","No","","0","Vudu","R"
"Erin Brockovich","2000","131 mins","Biography; Drama","No","","0","Vudu","R"
"Escape from Alcatraz","1979","112 mins","Biography; Crime; Drama; Thriller","No","","0","Vudu","PG"
"Escape from L.A.","1996","101 mins","Action; Adventure; Science Fiction; Thriller","No","","0","Vudu","R"
"Escape Plan","2013","115 mins","Action; Thriller","No","","0","Vudu","R"
"Escape Plan 2: Hades","2018","96 mins","Action; Crime; Mystery; Science Fiction; Thriller","No","","0","Vudu","R"
"Escape Plan: The Extractors","2019","97 mins","Action; Crime; Thriller","No","","0","Vudu","R"
"Escape To Witch Mountain","1975","97 mins","Adventure; Family; Fantasy; Mystery; Science Fiction","No","","0","Vudu","G"
"Eternals","2021","157 mins","Action; Adventure; Fantasy; Science Fiction","No","","0","Vudu","PG-13"
"Evan Almighty","2007","96 mins","Comedy; Fantasy","No","","0","Vudu","PG"
"Everyone's Hero","2006","87 mins","Adventure; Animation; Comedy; Family; Sports","No","","0","DVD","G"
"Everything Everywhere All at Once","2022","139 mins","Action; Adventure; Comedy; Fantasy; Science Fiction","No","","0","Vudu","R"
"Everything Is Spiritual","2007","78 mins","Documentary; Special Interest","No","","0","DVD","US - Approved"
"Eve's Bayou","1997","108 mins","Drama","No","","0","Vudu","R"
"Executive Decision","1996","133 mins","Action; Adventure; Thriller","No","","0","Vudu","R"
"Exodus","1960","208 mins","Action; Drama; History; War","No","","0","Vudu","US - Approved"
"The Exorcist","1973","122 mins","Horror","No","","0","Vudu","R"
"The Expendables","2010","103 mins","Action; Adventure; Thriller","No","","0","Vudu","R"
"The Expendables 2","2012","103 mins","Action; Adventure; Thriller","No","","0","Vudu","R"
"The Expendables 3","2014","126 mins","Action; Adventure; Thriller","No","","0","Vudu","R"
"Expend4bles","2023","103 mins","Action; Adventure; Thriller; War","No","","0","Vudu","R"
"Extreme Days","2001","93 mins","Action; Adventure; Comedy; Romance","No","","0","DVD","PG"
"Eye in the Sky","2015","102 mins","Action; Drama; Thriller; War","No","","0","Vudu","R"
"Eye of the Needle","1981","112 mins","Romance; Thriller; War","No","","0","Vudu","R"
"EZ Money","2005","86 mins","Comedy; Family","No","","0","DVD","US - Approved"
"F1: The Movie","2025","155 mins","Action; Drama; Sports","No","","0","Vudu","PG-13"
"Face/Off","1997","138 mins","Action; Crime; Science Fiction; Thriller","No","","0","Vudu","R"
"Fail Safe","1964","112 mins","Drama; Thriller","No","","0","Vudu","US - Approved"
"Failure to Launch","2006","97 mins","Comedy; Romance","No","","0","Vudu","PG-13"
"The Fair Haired Hare","1951","7 mins","Animation; Comedy; Family","No","","0","Vudu","US - Approved"
"The Fairly OddParents: Season 1","2001","169 mins","Adventure; Animation; Comedy; Family; Fantasy","Yes","The Fairly OddParents","7","Vudu","TV-PG"
"The Fairly OddParents: Season 2","2002","374 mins","Adventure; Animation; Comedy; Family; Fantasy","Yes","The Fairly OddParents","15","Vudu","TV-PG"
"The Fairly OddParents: Season 3","2003","471 mins","Adventure; Animation; Comedy; Family; Fantasy","Yes","The Fairly OddParents","17","Vudu","TV-PG"
"The Fairly OddParents: Season 4","2004","346 mins","Adventure; Animation; Comedy; Family; Fantasy","Yes","The Fairly OddParents","12","Vudu","TV-PG"
"The Fairly OddParents: Season 5","2005","599 mins","Adventure; Animation; Comedy; Family; Fantasy","Yes","The Fairly OddParents","21","Vudu","TV-PG"
"The Fairly OddParents: Season 6","2008","322 mins","Adventure; Animation; Comedy; Family; Fantasy","Yes","The Fairly OddParents","12","Vudu","TV-PG"
"The Fairly OddParents: Season 7","2009","511 mins","Adventure; Animation; Comedy; Family; Fantasy","Yes","The Fairly OddParents","18","Vudu","TV-PG"
"The Fairly OddParents: Season 8","2011","300 mins","Adventure; Animation; Comedy; Family; Fantasy","Yes","The Fairly OddParents","11","Vudu","TV-PG"
"The Fairly OddParents: Season 9","2013","618 mins","Adventure; Animation; Comedy; Family; Fantasy","Yes","The Fairly OddParents","26","Vudu","TV-PG"
"The Fairly OddParents: Season 10","2016","459 mins","Adventure; Animation; Comedy; Family; Fantasy","Yes","The Fairly OddParents","20","Vudu","TV-PG"
"Fall","2022","107 mins","Action; Thriller","No","","0","Vudu","PG-13"
"The Fall Guy","2024","126 mins","Action; Comedy; Drama; Romance","No","","0","Vudu","PG-13"
"Falling Down","1993","113 mins","Action; Crime; Drama; Thriller","No","","0","Vudu","R"
"False Hare","1964","6 mins","Animation; Comedy; Family","No","","0","Vudu","US - Approved"
"The Family","2013","111 mins","Comedy; Crime; Thriller","No","","0","Blu-ray","R"
"Family Guy Presents: It's A Trap","2011","56 mins","Animation; Comedy","No","Family Guy","0","Vudu",""
"Family Guy: Blue Harvest","2007","48 mins","Animation; Comedy","No","Family Guy","0","Vudu",""
"Family Guy: Something, Something, Something Dark Side","2010","44 mins","Animation; Comedy","No","Family Guy","0","Vudu",""
"The Family Jewels","1965","99 mins","Comedy","No","","0","Vudu","US - Approved"
"The Family Man","2000","125 mins","Comedy; Drama; Fantasy; Romance","No","","0","Vudu","PG-13"
"Family Matters: Season 1","1989","660 mins","Adventure; Comedy; Drama; Family; Science Fiction","Yes","Family Matters","22","Vudu","TV-PG"
"Family Matters: Season 2","1990","750 mins","Adventure; Comedy; Drama; Family; Science Fiction","Yes","Family Matters","25","Vudu","TV-PG"
"Family Matters: Season 3","1991","750 mins","Adventure; Comedy; Drama; Family; Science Fiction","Yes","Family Matters","25","Vudu","TV-PG"
"Family Matters: Season 4","1992","720 mins","Adventure; Comedy; Drama; Family; Science Fiction","Yes","Family Matters","24","Vudu","TV-PG"
"Family Matters: Season 5","1993","720 mins","Adventure; Comedy; Drama; Family; Science Fiction","Yes","Family Matters","24","Vudu","TV-PG"
"Family Matters: Season 6","1994","750 mins","Adventure; Comedy; Drama; Family; Science Fiction","Yes","Family Matters","25","Vudu","TV-PG"
"Family Matters: Season 7","1995","720 mins","Adventure; Comedy; Drama; Family; Science Fiction","Yes","Family Matters","24","Vudu","TV-PG"
"Family Matters: Season 8","1996","720 mins","Adventure; Comedy; Drama; Family; Science Fiction","Yes","Family Matters","24","Vudu","TV-PG"
"Family Matters: Season 9","1997","660 mins","Adventure; Comedy; Drama; Family; Science Fiction","Yes","Family Matters","22","Vudu","TV-PG"
"Family Plot","1976","120 mins","Comedy; Crime; Drama; Thriller","No","","0","Vudu","PG"
"A Family Thing","1996","109 mins","Comedy; Drama","No","","0","Vudu","PG-13"
"Family Ties: Season 1","1982","582 mins","Comedy; Drama; Family","Yes","Family Ties","22","Vudu","TV-PG"
"Family Ties: Season 2","1983","594 mins","Comedy; Drama; Family","Yes","Family Ties","22","Vudu","TV-PG"
"Family Ties: Season 3","1984","608 mins","Comedy; Drama; Family","Yes","Family Ties","23","Vudu","TV-PG"
"Family Ties: Season 4","1985","674 mins","Comedy; Drama; Family","Yes","Family Ties","24","Vudu","TV-PG"
"Family Ties: Season 5","1986","754 mins","Comedy; Drama; Family","Yes","Family Ties","29","Vudu","TV-PG"
"Family Ties: Season 6","1987","815 mins","Comedy; Drama; Family","Yes","Family Ties","27","Vudu","TV-PG"
"Family Ties: Season 7","1988","680 mins","Comedy; Drama; Family","Yes","Family Ties","25","Vudu","TV-PG"
"Fanboys","2009","90 mins","Adventure; Comedy; Crime","No","","0","Vudu","PG-13"
"Fantasia","1940","125 mins","Animation; Family; Fantasy; Music; Musical","No","","0","Vudu","G"
"Fantastic Beasts And Where To Find Them","2016","133 mins","Adventure; Family; Fantasy","No","","0","Vudu","PG-13"
"Fantastic Beasts: The Crimes Of Grindelwald","2018","134 mins","Adventure; Drama; Family; Fantasy; Romance","No","","0","Vudu","PG-13"
"Fantastic Beasts: The Secrets of Dumbledore","2022","142 mins","Action; Adventure; Fantasy","No","","0","Vudu","PG-13"
"Fantastic Four","2005","106 mins","Action; Adventure; Science Fiction","No","","0","Vudu","PG-13"
"The Fantastic Four: First Steps","2025","114 mins","Action; Adventure; Science Fiction","No","","0","Vudu","PG-13"
"The Fast And The Furious","2001","106 mins","Action; Crime; Thriller","No","","0","Vudu","PG-13"
"2 Fast 2 Furious","2003","107 mins","Action; Crime; Thriller","No","","0","Vudu","PG-13"
"The Fast And The Furious: Tokyo Drift","2006","104 mins","Action; Crime; Thriller","No","","0","Vudu","PG-13"
"Fast & Furious","2009","107 mins","Action; Thriller","No","","0","Vudu","PG-13"
"Fast Five","2011","130 mins","Action; Adventure; Crime; Thriller","No","","0","Vudu","PG-13"
"Fast & Furious 6","2013","130 mins","Action; Adventure; Thriller","No","","0","Vudu","PG-13"
"Furious 7","2015","137 mins","Action; Adventure; Thriller","No","","0","Vudu","PG-13"
"The Fate Of The Furious","2017","136 mins","Action; Adventure; Crime; Thriller","No","","0","Vudu","PG-13"
"F9: The Fast Saga","2021","145 mins","Action; Adventure; Crime; Thriller","No","","0","Vudu","PG-13"
"Fast & Furious Presents: Hobbs & Shaw","2019","137 mins","Action; Adventure; Thriller","No","","0","Vudu","PG-13"
"Fast X","2023","141 mins","Action; Adventure; Crime; Mystery; Thriller","No","","0","Vudu","PG-13"
"Fat City","1972","96 mins","Drama; Sports","No","","0","Vudu","PG"
"Father Stu","2022","124 mins","Biography; Drama","No","","0","Vudu","R"
"Fatherhood","2021","109 mins","Comedy; Drama","No","","0","Vudu","PG-13"
"Fatman","2020","100 mins","Action; Comedy; Fantasy; Thriller","No","","0","Vudu","R"
"Fearless","2006","104 mins","Action; Biography; Drama","No","","0","Vudu","PG-13"
"Feast","2005","95 mins","Action; Comedy; Horror; Science Fiction; Thriller","No","","0","Vudu","R"
"Ferdinand","2017","108 mins","Adventure; Animation; Comedy; Family; Fantasy","No","","0","Vudu","PG"
"Ferris Bueller's Day Off","1986","103 mins","Comedy","No","","0","Vudu","PG-13"
"A Few Good Men","1992","138 mins","Drama; Thriller","No","","0","Vudu","R"
"Field Of Dreams","1989","107 mins","Drama; Family; Fantasy; Sports","No","","0","Vudu","PG"
"Figaro and Frankie","1947","7 mins","Animation; Comedy; Family","No","","0","Vudu","US - Approved"
"The Fighter","2010","116 mins","Action; Biography; Drama; Sports","No","","0","Vudu","R"
"The Fighting Seabees","1944","100 mins","Drama; Romance; War","No","","0","Vudu","US - Approved"
"Fighting with My Family","2019","108 mins","Biography; Comedy; Drama; Sports","No","","0","Vudu","PG-13"
"Finding Dory","2016","97 mins","Adventure; Animation; Comedy; Family","No","","0","Vudu","PG"
"Finding Nemo","2003","100 mins","Adventure; Animation; Comedy; Family","No","","0","Vudu","G"
"Finding Neverland","2004","106 mins","Biography; Drama; Family","No","","0","Vudu","PG"
"Fire with Fire","2012","97 mins","Action; Thriller","No","","0","Vudu","R"
"Firehouse Dog","2007","111 mins","Action; Comedy; Family","No","","0","Vudu","PG"
"Fireproof","2008","122 mins","Action; Drama; Romance","No","","0","Vudu","G"
"The Firm","1993","154 mins","Drama; Mystery; Thriller","No","","0","Vudu","R"
"The First Wives Club","1996","103 mins","Comedy","No","","0","Vudu","PG"
"A Fish Called Wanda","1988","108 mins","Comedy; Crime","No","","0","Vudu","R"
"Five Easy Pieces","1970","98 mins","Drama","No","","0","Vudu","R"
"Five Nights at Freddy's","2023","109 mins","Horror; Mystery; Thriller","No","","0","Vudu","PG-13"
"The Five-Year Engagement","2012","124 mins","Comedy; Drama; Romance","No","","0","Vudu","R"
"The Flash","2023","144 mins","Action; Adventure; Fantasy; Science Fiction","No","","0","Vudu","PG-13"
"Flashdance","1983","95 mins","Drama; Music; Romance","No","","0","Vudu","R"
"Flatliners","1990","115 mins","Drama; Horror; Science Fiction; Thriller","No","","0","Vudu","R"
"Flatliners","2017","109 mins","Drama; Horror; Mystery; Science Fiction; Thriller","No","","0","Vudu","PG-13"
"Flawless","1999","112 mins","Comedy; Crime; Drama","No","","0","Vudu","R"
"Flight","2012","138 mins","Drama; Thriller","No","","0","Vudu","R"
"Flight Risk","2025","91 mins","Action; Crime; Drama; Thriller","No","","0","Vudu","R"
"A Flintstone Christmas","1977","60 mins","Animation; Family","No","","0","Vudu","TV-G"
"A Flintstone Family Christmas","1993","23 mins","Animation; Comedy; Family","No","","0","Vudu","TV-G"
"The Flintstones: Season 1","1960","737 mins","Adventure; Animation; Comedy; Family","Yes","The Flintstones","29","Vudu","TV-G"
"The Flintstones: Season 2","1961","828 mins","Adventure; Animation; Comedy; Family","Yes","The Flintstones","32","Vudu","TV-G"
"The Flintstones: Season 3","1962","616 mins","Adventure; Animation; Comedy; Family","Yes","The Flintstones","28","Vudu","TV-G"
"The Flintstones: Season 4","1963","676 mins","Adventure; Animation; Comedy; Family","Yes","The Flintstones","26","Vudu","TV-G"
"The Flintstones: Season 5","1960","675 mins","Adventure; Animation; Comedy; Family","Yes","The Flintstones","26","Vudu","TV-G"
"The Flintstones: Season 6","1960","780 mins","Adventure; Animation; Comedy; Family","Yes","The Flintstones","26","Vudu","TV-G"
"The Flintstones: Season 7","1960","","Adventure; Animation; Comedy; Family","Yes","The Flintstones","0","Vudu","TV-G"
"The Flood","2023","93 mins","Action; Horror; Thriller","No","","0","Vudu","R"
"Flow","2024","85 mins","Adventure; Animation; Family; Fantasy","No","","0","Vudu","PG"
"Flubber","1997","93 mins","Comedy; Family; Fantasy","No","","0","Vudu","PG"
"Flushed Away","2006","90 mins","Animation; Comedy; Family","No","","0","Vudu","PG"
"Fly Me To The Moon","2024","132 mins","Comedy; Romance","No","","0","Vudu","PG-13"
"Flywheel","2003","114 mins","Drama","No","","0","Vudu","US - Approved"
"The Fog","2005","100 mins","Horror; Mystery","No","","0","Vudu","PG-13"
"Follow Me, Boys!","1966","131 mins","Drama; Family","No","","0","Vudu","US - Approved"
"Fools Rush In","1997","109 mins","Comedy; Drama; Romance","No","","0","Vudu","PG-13"
"Footloose","1984","107 mins","Drama; Music; Romance","No","","0","Vudu","PG"
"The Forbidden Kingdom","2008","104 mins","Action; Adventure; Fantasy","No","","0","Vudu","PG-13"
"Ford V Ferrari","2019","152 mins","Action; Biography; Drama; Sports","No","","0","Vudu","PG-13"
"The Forge","2024","124 mins","Drama; Family","No","","0","Vudu","PG"
"Forgetting Sarah Marshall","2008","111 mins","Comedy; Drama; Romance","No","","0","Vudu","R"
"Forrest Gump","1994","142 mins","Comedy; Family","No","","0","Vudu","PG-13"
"The Fortune Cookie","1966","125 mins","Comedy; Romance","No","","0","Vudu","US - Approved"
"Foul Play","1978","116 mins","Comedy; Mystery; Thriller","No","","0","Vudu","PG"
"The Founder","2016","115 mins","Biography; Drama; History","No","","0","Vudu","PG-13"
"Four Christmases","2008","88 mins","Comedy; Drama; Romance","No","","0","Vudu","PG-13"
"The Fox and the Hound","1981","83 mins","Adventure; Animation; Drama; Family","No","","0","Vudu","G"
"The Fox And The Hound / The Fox And The Hound 2","2007","152 mins","Action; Adventure; Family","No","","0","Blu-ray","G"
"Frailty","2012","","Drama","No","","0","Vudu","R"
"Frankenweenie","2012","87 mins","Animation; Comedy; Drama; Family; Horror; Science Fiction; Thriller","No","","0","Vudu","PG"
"Frat Party","2009","90 mins","Comedy","No","","0","Vudu","R"
"Freakier Friday","2025","110 mins","Comedy; Family; Fantasy","No","","0","Vudu","PG"
"Freakonomics","2010","93 mins","Documentary","No","","0","Vudu","PG-13"
"Freaky Friday","1976","98 mins","Comedy; Family; Fantasy","No","","0","Vudu","G"
"Free Birds","2013","91 mins","Animation; Comedy; Family","No","","0","Vudu","PG"
"Free Guy","2021","115 mins","Action; Adventure; Comedy; Fantasy; Science Fiction","No","","0","Vudu","PG-13"
"Free Willy","1993","112 mins","Adventure; Drama; Family","No","","0","Vudu","PG"
"Free Willy 2: Adventure Home","1995","95 mins","Adventure; Drama; Family","No","","0","Vudu","PG"
"Free Willy 3: The Rescue","1997","86 mins","Adventure; Drama; Family","No","","0","Vudu","PG"
"Free Willy: Escape From Pirate's Cove","2010","101 mins","Action; Adventure; Drama; Family","No","","0","Vudu","PG"
"Freelance","2023","108 mins","Action; Comedy","No","","0","Vudu","R"
"Frenemy","2014","7 mins","Animation; Comedy; Family","No","","0","DVD",""
"Frenzy","1972","116 mins","Thriller","No","","0","Vudu","R"
"The Fresh Prince Of Bel-Air: Season 1","1990","650 mins","Comedy","Yes","The Fresh Prince of Bel-Air","25","Vudu","TV-PG"
"The Fresh Prince Of Bel-Air: Season 2","1991","600 mins","Comedy","Yes","The Fresh Prince of Bel-Air","24","Vudu","TV-PG"
"The Fresh Prince Of Bel-Air: Season 3","1992","610 mins","Comedy","Yes","The Fresh Prince of Bel-Air","24","Vudu","TV-PG"
"The Fresh Prince Of Bel-Air: Season 4","1993","615 mins","Comedy","Yes","The Fresh Prince of Bel-Air","26","Vudu","TV-PG"
"The Fresh Prince Of Bel-Air: Season 5","1994","575 mins","Comedy","Yes","The Fresh Prince of Bel-Air","25","Vudu","TV-PG"
"The Fresh Prince Of Bel-Air: Season 6","1995","940 mins","Comedy","Yes","The Fresh Prince of Bel-Air","24","Vudu","TV-PG"
"The Freshman","1990","102 mins","Comedy; Crime","No","","0","Vudu","PG"
"Friday","1995","91 mins","Comedy; Drama","No","","0","Vudu","R"
"Friday the 13th","1980","95 mins","Horror; Mystery; Thriller","No","","0","Vudu","R"
"Friends And Heroes: Long Journey","","","Animation; Religious","No","","0","DVD","US - Approved"
"Friends with Money","2006","88 mins","Comedy; Drama; Romance","No","","0","Vudu","R"
"Friends: Season 1","1994","525 mins","Comedy; Romance","Yes","Friends","24","Vudu","TV-14"
"Friends: Season 2","1995","567 mins","Comedy; Romance","Yes","Friends","24","Vudu","TV-14"
"Friends: Season 3","1996","587 mins","Comedy; Romance","Yes","Friends","25","Vudu","TV-14"
"Friends: Season 4","1997","559 mins","Comedy; Romance","Yes","Friends","24","Vudu","TV-14"
"Friends: Season 5","1998","563 mins","Comedy; Romance","Yes","Friends","24","Vudu","TV-14"
"Friends: Season 6","1999","569 mins","Comedy; Romance","Yes","Friends","25","Vudu","TV-14"
"Friends: Season 7","2000","600 mins","Comedy; Romance","Yes","Friends","24","Vudu","TV-14"
"Friends: Season 8","2001","1440 mins","Comedy; Romance","Yes","Friends","24","Vudu","TV-14"
"Friends: Season 9","2002","1440 mins","Comedy; Romance","Yes","Friends","23","Vudu","TV-14"
"Friends: Season 10","2004","427 mins","Comedy; Romance","Yes","Friends","18","Vudu","TV-14"
"Friends: The Series Finale","2004","50 mins","Comedy; Romance","Yes","Friends","0","DVD","TV-14"
"Fright","1971","87 mins","Horror; Thriller","No","","0","","PG"
"Fright Night","1985","106 mins","Fantasy; Horror","No","","0","Vudu","R"
"From Hare to Heir","1960","7 mins","Animation; Comedy; Family","No","","0","Vudu","US - Approved"
"From Paris with Love","2010","92 mins","Action; Crime; Thriller","No","","0","Vudu","R"
"Frosty Returns","1993","24 mins","Animation","No","","0","Vudu","TV-G"
"Frosty The Snowman","1969","","Animation","No","","0","Vudu","TV-G"
"Frosty's Winter Wonderland / Twas The Night Before Christmas","1974","70 mins","Animation; Children","No","","0","DVD; Vudu","G"
"Frozen","2013","102 mins","Adventure; Animation; Family; Musical","No","","0","Vudu","PG"
"The Frozen Ground","2013","105 mins","Biography; Crime; Drama; Mystery; Thriller","No","","0","Vudu","R"
"Frozen II","2019","103 mins","Adventure; Animation; Comedy; Family; Fantasy; Musical","No","","0","Vudu","PG"
"The Fugitive","1993","130 mins","Action; Crime; Drama; Mystery; Thriller","No","","0","Vudu","PG-13"
"Full House: Season 1","1988","583 mins","Comedy; Drama; Family","Yes","Full House","23","Vudu","TV-PG"
"Full House: Season 2","1989","575 mins","Comedy; Drama; Family","Yes","Full House","22","Vudu","TV-PG"
"Full House: Season 3","1990","629 mins","Comedy; Drama; Family","Yes","Full House","24","Vudu","TV-PG"
"Full House: Season 4","1991","605 mins","Comedy; Drama; Family","Yes","Full House","26","Vudu","TV-PG"
"Full House: Season 5","1991","639 mins","Comedy; Drama; Family","Yes","Full House","26","Vudu","TV-PG"
"Full House: Season 6","1993","618 mins","Comedy; Drama; Family","Yes","Full House","24","Vudu","TV-PG"
"Full House: Season 7","1994","621 mins","Comedy; Drama; Family","Yes","Full House","24","Vudu","TV-PG"
"Full House: Season 8","1995","598 mins","Comedy; Drama; Family","Yes","Full House","24","Vudu","TV-PG"
"Full Metal Jacket","1987","116 mins","Drama; War","No","","0","Vudu","R"
"Fun And Fancy Free","1947","72 mins","Animation; Family; Fantasy; Music; Musical","No","","0","DVD; Vudu","G"
"Fun In Acapulco","1963","97 mins","Comedy; Music","No","","0","Vudu","US - Approved"
"Fun with Dick and Jane","1977","95 mins","Comedy; Crime","No","","0","Vudu","PG"
"Fun with Dick and Jane","2005","90 mins","Comedy; Crime","No","","0","Vudu","PG-13"
"Funny Face","1957","103 mins","Comedy; Musical; Romance","No","","0","Vudu","US - Approved"
"Funny Lady","1975","136 mins","Biography; Comedy; Drama; Musical; Romance","No","","0","Vudu","PG"
"Furiosa: A Mad Max Saga","2024","148 mins","Action; Adventure; Science Fiction; Thriller","No","","0","Vudu","R"
"G.I. Blues","1960","104 mins","Comedy; Musical","No","","0","Vudu","US - Approved"
"G.I. Joe: The Rise Of Cobra","2009","117 mins","Action; Adventure; Science Fiction","No","","0","Vudu","PG-13"
"G.I. Joe: Retaliation","2013","110 mins","Action; Adventure; Science Fiction; Thriller; War","No","","0","Vudu","PG-13"
"G.I. Joe: A Real American Hero:  Complete Series","1983","705 mins","Action; Animation; Science Fiction","Yes","G.I. Joe (1985)","190","DVD","TV-G"
"G.I. Joe: The Movie","1987","93 mins","Action; Adventure; Animation; Family; Fantasy; Science Fiction","No","","0","Vudu","PG"
"Galaxy Quest","1999","102 mins","Adventure; Comedy; Science Fiction","No","","0","Vudu","PG"
"The Gallant Hours","1960","115 mins","Biography; Drama; War","No","","0","Vudu","US - Approved"
"Game Night","2018","100 mins","Action; Comedy; Crime; Thriller","No","","0","Vudu","R"
"Gamestop: Rise of the Players","2022","94 mins","Documentary","No","","0","Vudu","R"
"Gandhi","1982","191 mins","Biography; Drama; History","No","","0","Vudu","PG"
"Garfield","2004","80 mins","Animation; Comedy; Family; Fantasy","No","","0","Vudu","PG"
"Garfield: A Tale Of Two Kitties","2006","82 mins","Adventure; Comedy; Family","No","","0","Vudu","PG"
"The Garfield Movie","2024","101 mins","Adventure; Animation; Comedy; Family; Fantasy","No","","0","Vudu","PG"
"George of the Jungle","1997","88 mins","Action; Adventure; Comedy; Family; Romance","No","","0","Vudu","PG"
"Geronimo: An American Legend","1993","115 mins","Drama; History; Western","No","","0","Vudu","PG-13"
"Get Smart","2008","110 mins","Action; Adventure; Comedy","No","","0","Vudu","PG-13"
"Get Smart: Season 1","1965","900 mins","Action; Adventure; Comedy; Crime; Family; Mystery; Science Fiction","Yes","Get Smart","30","Vudu","TV-G"
"Get Smart: Season 2","1966","900 mins","Action; Adventure; Comedy; Crime; Family; Mystery; Science Fiction","Yes","Get Smart","30","Vudu","TV-G"
"Get Smart: Season 3","1967","780 mins","Action; Adventure; Comedy; Crime; Family; Mystery; Science Fiction","Yes","Get Smart","26","Vudu","TV-G"
"Get Smart: Season 4","1968","780 mins","Action; Adventure; Comedy; Crime; Family; Mystery; Science Fiction","Yes","Get Smart","26","Vudu","TV-G"
"Get Smart: Season 5","1969","780 mins","Action; Adventure; Comedy; Crime; Family; Mystery; Science Fiction","Yes","Get Smart","26","Vudu","TV-G"
"G-Force","2009","88 mins","Action; Adventure; Family; Fantasy","No","","0","Vudu","PG"
"Ghost","1990","128 mins","Drama; Fantasy; Romance; Thriller","No","","0","Vudu","PG-13"
"The Ghost And The Darkness","1996","110 mins","Adventure; Drama; Thriller","No","","0","Vudu","R"
"Ghost In The Shell","2017","107 mins","Action; Crime; Drama; Mystery; Science Fiction; Thriller","No","","0","Vudu","PG-13"
"Ghostbusters","2016","116 mins","Action; Comedy; Fantasy; Science Fiction","No","","0","Vudu","PG-13"
"Ghostbusters","1984","105 mins","Action; Comedy; Fantasy; Science Fiction","No","","0","Vudu","PG"
"Ghostbusters II","1989","108 mins","Action; Comedy; Fantasy; Science Fiction","No","","0","Vudu","PG"
"Ghostbusters: Afterlife","2021","124 mins","Adventure; Comedy; Fantasy; Science Fiction","No","","0","Vudu","PG-13"
"Ghostbusters: Frozen Empire","2024","115 mins","Adventure; Comedy; Fantasy; Science Fiction","No","","0","Vudu","PG-13"
"Giant","1956","201 mins","Drama; Western","No","","0","Vudu","G"
"Gidget","1959","95 mins","Comedy; Drama; Romance","No","","0","Vudu","US - Approved"
"Gidget Goes to Rome","1963","104 mins","Adventure; Comedy; Romance","No","","0","Vudu","US - Approved"
"Gifted","2017","101 mins","Drama","No","","0","Vudu","PG"
"Gilda","1946","110 mins","Drama; Film Noir; Romance; Thriller","No","","0","Vudu","US - Approved"
"Gilligan's Island: Season 1","1964","916 mins","Comedy; Family","Yes","Gilligan's Island","37","Vudu","TV-G"
"Gilligan's Island: Season 2","1965","811 mins","Comedy; Family","Yes","Gilligan's Island","32","Vudu","TV-G"
"Gilligan's Island: Season 3","1966","780 mins","Comedy; Family","Yes","Gilligan's Island","30","Vudu","TV-G"
"The Girl In The Spider's Web","2018","115 mins","Action; Adventure; Crime; Drama; Mystery; Thriller","No","","0","Vudu","R"
"Girl, Interrupted","1999","127 mins","Biography; Drama","No","","0","Vudu","R"
"Girls! Girls! Girls!","1962","106 mins","Comedy; Musical","No","","0","Vudu","PG"
"Gladiator","2000","155 mins","Action; Adventure; Drama","No","","0","Vudu","R"
"Gladiator Ii","2024","148 mins","Action; Adventure; Drama","No","","0","Vudu","R"
"Glass","2019","129 mins","Drama; Science Fiction; Thriller","No","","0","Vudu","R"
"Gloria","1999","108 mins","Crime; Drama; Thriller","No","","0","Vudu","R"
"Gnome Mobile","1967","85 mins","Comedy; Family; Fantasy; Science Fiction","No","","0","DVD; Vudu","G"
"Go","1999","102 mins","Comedy; Crime","No","","0","Vudu","R"
"Goat","2026","100 mins","Adventure; Animation; Comedy; Family; Sports","No","","0","","PG"
"God's Not Dead","2014","95 mins","Drama; Family","No","","0","Vudu","PG"
"God's Not Dead 2","2016","120 mins","Drama","No","","0","Vudu","PG"
"God's Not Dead: A Light In Darkness","2018","105 mins","Drama","No","","0","Vudu","PG"
"God's Not Dead: In God We Trust","2024","96 mins","Drama","No","","0","Vudu","PG-13"
"God's Not Dead: We the People","2021","110 mins","Drama","No","","0","Vudu","PG"
"Godzilla","1998","139 mins","Action; Science Fiction; Thriller","No","","0","Vudu","PG-13"
"Godzilla","2014","123 mins","Action; Adventure; Science Fiction; Thriller","No","","0","Vudu","PG-13"
"Godzilla vs. Kong","2021","113 mins","Action; Science Fiction; Thriller","No","","0","Vudu","PG-13"
"Godzilla x Kong: The New Empire","2024","115 mins","Action; Adventure; Fantasy; Science Fiction; Thriller","No","","0","Vudu","PG-13"
"Godzilla: King of the Monsters","2019","132 mins","Action; Adventure; Fantasy; Science Fiction","No","","0","Vudu","PG-13"
"Going In Style","2017","96 mins","Comedy; Crime; Drama","No","","0","Vudu","PG-13"
"Going Overboard","1989","99 mins","Comedy","No","","0","Vudu","R"
"The Golden Compass","2007","113 mins","Adventure; Family; Fantasy","No","","0","Vudu","PG-13"
"The Golden Voyage of Sinbad","1973","105 mins","Action; Adventure; Fantasy","No","","0","Vudu","G"
"Gone Are the Days","2018","99 mins","Drama; Western","No","","0","Vudu","R"
"Gone Girl","2014","149 mins","Drama; Mystery; Thriller","No","","0","Vudu","R"
"Gone In 60 Seconds","2000","118 mins","Action; Crime; Thriller","No","","0","Vudu","PG-13"
"Gone With The Wind","1939","238 mins","Drama; Romance; War","No","","0","Vudu","G"
"Good Boy!","2003","88 mins","Comedy; Drama; Family","No","","0","Vudu","PG"
"The Good Dinosaur","2015","93 mins","Action; Adventure; Animation; Comedy; Family; Fantasy","No","","0","Vudu","PG"
"Good Luck Chuck","2007","96 mins","Comedy; Romance","No","","0","Vudu","R"
"Good Will Hunting","1997","126 mins","Drama; Romance","No","","0","Vudu","R"
"Goodfellas","1990","145 mins","Biography; Crime; Drama","No","","0","Vudu","R"
"A Goofy Movie","1995","78 mins","Adventure; Animation; Comedy; Family; Musical; Romance","No","","0","Vudu","G"
"The Goonies","1985","114 mins","Action; Adventure; Comedy; Family; Thriller","No","","0","Vudu","PG"
"Goosebumps","2015","103 mins","Action; Adventure; Comedy; Horror","No","","0","Vudu","PG"
"Goosebumps 2: Haunted Halloween","2018","90 mins","Adventure; Comedy; Family; Fantasy; Horror","No","","0","Vudu","PG"
"Goosebumps: Say Cheese And Die","1996","45 mins","Family; Horror; Mystery","Yes","Goosebumps","0","DVD","TV-PG"
"Gordy","1994","90 mins","Comedy; Drama; Family; Fantasy","No","","0","DVD","G"
"Gran Torino","2008","116 mins","Drama","No","","0","Vudu","R"
"Gran Turismo","2023","134 mins","Action; Adventure; Drama; Sports","No","","0","Vudu","PG-13"
"Grand Hotel","1932","112 mins","Drama; Romance","No","","0","Vudu","US - Approved"
"Gravity","2013","91 mins","Science Fiction; Thriller","No","","0","Vudu","PG-13"
"Grease","1978","110 mins","Comedy; Musical; Romance","No","","0","Vudu","PG"
"The Great Escape","1963","172 mins","Adventure; Drama; History; Thriller; War","No","","0","Vudu","US - Approved"
"The Great Mouse Detective","1986","74 mins","Action; Adventure; Animation; Family; Mystery","No","","0","Vudu","G"
"The Great Muppet Caper","1981","95 mins","Comedy; Family; Musical","No","","0","Vudu","G"
"The Great Ziegfeld","1936","176 mins","Biography; Drama; Musical; Romance","No","","0","DVD","US - Approved"
"The Greatest Show on Earth","1952","152 mins","Drama; Family; Romance","No","","0","Vudu","US - Approved"
"The Greatest Showman","2017","105 mins","Biography; Comedy; Drama; Music; Musical","No","","0","Vudu","PG"
"Green Acres: Season 1","1965","950 mins","Comedy; Family","Yes","Green Acres","32","DVD","TV-G"
"Green Acres: Season 2","1966","786 mins","Comedy; Family","Yes","Green Acres","30","DVD","TV-G"
"Green Acres: Season 3","1967","900 mins","Comedy; Family","Yes","Green Acres","30","DVD","TV-G"
"Green Acres: Season 4","1968","780 mins","Comedy; Family","Yes","Green Acres","26","DVD","TV-G"
"Green Acres: Season 5","1969","780 mins","Comedy; Family","Yes","Green Acres","26","DVD","TV-G"
"Green Acres: Season 6","1970","780 mins","Comedy; Family","Yes","Green Acres","26","DVD","TV-G"
"Green Lantern: Emerald Knights","2011","84 mins","Action; Adventure; Animation; Family; Science Fiction","No","","0","DVD","PG"
"The Green Mile","1999","189 mins","Drama; Fantasy; Thriller","No","","0","Vudu","R"
"Gremlins","1984","106 mins","Comedy; Family; Fantasy; Horror; Science Fiction","No","","0","Vudu","PG"
"Gremlins 2: The New Batch","1990","106 mins","Comedy; Fantasy; Horror","No","","0","Vudu","PG"
"The Grey","2011","117 mins","Action; Adventure; Drama; Thriller","No","","0","Vudu","R"
"Gridiron Gang","2006","125 mins","Biography; Crime; Drama; Sports","No","","0","Vudu","PG-13"
"The Grinch","2018","85 mins","Adventure; Animation; Comedy; Family; Fantasy; Musical","No","","0","Vudu","PG"
"Grosse Pointe Blank","1997","107 mins","Action; Comedy; Crime; Romance; Thriller","No","","0","Vudu","R"
"Groundhog Day","1993","101 mins","Comedy; Fantasy; Romance","No","","0","Vudu","PG"
"The Group","1966","150 mins","Drama","No","","0","Vudu","US - Approved"
"Growing Pains: Season 1","1985","527 mins","Comedy; Family","Yes","","23","Vudu","TV-G"
"Growing Pains: Season 2","1985","","Comedy; Family","Yes","Growing Pains","22","Vudu","TV-G"
"Growing Pains: Season 3","1985","","Comedy; Family","Yes","Growing Pains","26","Vudu","TV-G"
"Growing Pains: Season 4","1985","","Comedy; Family","Yes","Growing Pains","22","Vudu","TV-G"
"Growing Pains: Season 5","1985","611 mins","Comedy; Family","Yes","Growing Pains","26","Vudu","TV-G"
"Growing Pains: Season 6","1985","560 mins","Comedy; Family","Yes","Growing Pains","24","Vudu","TV-G"
"Growing Pains: Season 7","1985","568 mins","Comedy; Family","Yes","Growing Pains","24","Vudu","TV-G"
"Grown Ups","2010","102 mins","Comedy","No","","0","Vudu","PG-13"
"Grown Ups 2","2013","101 mins","Comedy","No","","0","Vudu","PG-13"
"Grumpier Old Men","1995","101 mins","Comedy; Romance","No","","0","Vudu","PG-13"
"Grumpy Old Men / Grumpier Old Men","2000","204 mins","Comedy","No","","0","Vudu","PG"
"The Guardian","2006","139 mins","Action; Adventure; Drama","No","","0","DVD","PG-13"
"Guardians Of The Galaxy","2014","121 mins","Adventure; Fantasy; Science Fiction","No","","0","Vudu","PG-13"
"Guardians Of The Galaxy 2","2017","136 mins","Action; Adventure; Comedy; Science Fiction","No","","0","Vudu","PG-13"
"Guardians of the Galaxy Vol. 3","2023","150 mins","Action; Adventure; Comedy; Science Fiction","No","","0","Vudu","PG-13"
"Guess Who","2005","105 mins","Comedy; Romance","No","","0","Vudu","PG-13"
"Guest House","2020","84 mins","Comedy","No","","0","Vudu","R"
"Gus","1976","96 mins","Family","No","","0","Vudu","G"
"Guys and Dolls","1955","150 mins","Comedy; Crime; Musical; Romance","No","","0","Vudu","US - Approved"
"Hackers","1995","107 mins","Thriller","No","","0","Vudu","PG-13"
"Hacker's Game","2015","90 mins","Drama; Romance; Thriller","No","","0","Vudu","US - Not Rated"
"Hacksaw Ridge","2016","139 mins","Biography; Drama; History; War","No","","0","Vudu","R"
"Hair","1979","121 mins","Comedy; Drama; Musical; Romance; War","No","","0","Vudu","PG"
"Hair-Raising Hare","1946","7 mins","Animation; Comedy; Family; Horror; Science Fiction","No","","0","Vudu","US - Approved"
"Hairspray","1988","92 mins","Comedy; Drama; Family; Music; Musical; Romance","No","","0","Vudu","PG"
"Half-Fare Hare","1956","7 mins","Animation; Comedy; Family","No","","0","Vudu","US - Approved"
"Hancock","2008","92 mins","Action; Comedy; Drama; Fantasy","No","","0","Vudu","R"
"The Hand That Rocks The Cradle","1992","110 mins","Drama; Thriller","No","","0","Vudu","R"
"The Hangover","2009","100 mins","Comedy","No","","0","Vudu","R"
"Hannah Montana: The Movie","2009","102 mins","Comedy; Drama; Family; Music; Romance","No","","0","Vudu","G"
"Hannibal","2001","131 mins","Crime; Drama; Thriller","No","","0","DVD","R"
"Hanover Street","1979","109 mins","Action; Adventure; Drama; Romance; War","No","","0","Vudu","PG"
"Hans Christian Andersen","1952","112 mins","Biography; Family; Musical; Romance","No","","0","Vudu","US - Approved"
"Happiest Millionaire","1967","141 mins","Comedy; Drama; Family; Music; Musical","No","","0","DVD; Vudu","G"
"Happy Feet","2006","108 mins","Animation; Comedy; Family; Musical","No","","0","Vudu","PG"
"Happy Gilmore","1996","92 mins","Comedy; Sports","No","","0","Vudu","PG-13"
"Happy Halloween, Scooby-Doo!","2020","80 mins","Adventure; Animation; Comedy; Family; Fantasy; Horror; Mystery","No","","0","Vudu","TV-PG"
"Hard Target","1993","97 mins","Action; Crime; Thriller","No","","0","Vudu","R"
"Hardware Wars: The Original Edition","1978","13 mins","Comedy; Science Fiction","No","","0","Vudu","US - Approved"
"Hare Brush","1955","7 mins","Animation; Comedy; Family","No","","0","Vudu",""
"Hare Lift","1952","7 mins","Animation; Comedy; Family","No","","0","Vudu",""
"Hare Ribbin'","1944","8 mins","Animation; Comedy; Family","No","","0","Vudu","US - Approved"
"Hare Splitter","1948","7 mins","Animation; Comedy; Family","No","","0","Vudu","US - Approved"
"Hare-Abian Nights","1959","7 mins","Animation; Comedy; Family","No","","0","Vudu",""
"Haredevil Hare","1948","7 mins","Animation; Comedy; Family; Science Fiction","No","","0","Vudu","US - Approved"
"Hare-Less Wolf","1958","7 mins","Animation; Comedy; Family","No","","0","Vudu",""
"Harold and Maude","1971","91 mins","Comedy; Drama; Romance","No","","0","Vudu","PG"
"Harold And The Purple Crayon","2024","90 mins","Adventure; Animation; Comedy; Family; Fantasy","No","","0","Vudu","PG"
"Harry And The Hendersons","1987","110 mins","Comedy; Family; Fantasy","No","","0","Vudu","PG"
"Harry Potter And The Sorcerer's Stone","2001","152 mins","Adventure; Family; Fantasy","No","","0","Vudu","PG"
"Harry Potter And The Chamber Of Secrets","2002","161 mins","Adventure; Family; Fantasy","No","","0","Vudu","PG"
"Harry Potter And The Prisoner Of Azkaban","2004","142 mins","Adventure; Family; Fantasy","No","","0","Vudu","PG"
"Harry Potter And The Goblet Of Fire","2005","157 mins","Adventure; Fantasy; Mystery; Thriller","No","","0","Vudu","PG"
"Harry Potter And The Order Of The Phoenix","2007","138 mins","Adventure; Drama; Family; Fantasy","No","","0","Vudu","PG-13"
"Harry Potter And The Half-Blood Prince","2008","153 mins","Adventure; Fantasy; Mystery","No","","0","Vudu","PG"
"Harry Potter And The Deathly Hallows: Part I","2010","146 mins","Adventure; Fantasy; Mystery","No","","0","Vudu","PG-13"
"Harry Potter And The Deathly Hallows: Part Ii","2011","130 mins","Adventure; Fantasy","No","","0","Vudu","PG-13"
"The Haunted Mansion","2003","99 mins","Comedy; Family; Fantasy","No","","0","Vudu","PG-13"
"Haunted Mansion","2023","123 mins","Comedy; Drama; Family; Fantasy; Horror; Mystery","No","","0","Vudu","PG-13"
"Have A Laugh!: Volume 1","2009","73 mins","Animation; Family","No","","0","Vudu","TV-G"
"Have A Laugh!: Volume 2","2009","63 mins","Animation; Children; Family","No","","0","Vudu","TV-G"
"Have A Laugh!: Volume 3","2009","67 mins","Animation","No","","0","Vudu","TV-G"
"Have A Laugh!: Volume 4","2009","65 mins","Animation","No","","0","Vudu","TV-G"
"Hawaiian Holiday","1937","8 mins","Animation; Comedy; Family; Sports","No","","0","Vudu","US - Approved"
"He Walked by Night","1948","79 mins","Crime; Film Noir; Thriller","No","","0","Vudu","US - Approved"
"The Heat","2013","117 mins","Action; Comedy; Crime","No","","0","Vudu","R"
"Heathers","1989","103 mins","Comedy; Crime","No","","0","Vudu","R"
"Heaven Is For Real","2014","99 mins","Drama","No","","0","Vudu","PG"
"Heavy Metal","1981","86 mins","Adventure; Animation; Fantasy; Science Fiction","No","","0","Vudu","R"
"Heidi","1937","88 mins","Drama; Family; Musical","No","","0","Vudu","G"
"Heist","2001","109 mins","Action; Crime; Drama; Thriller","No","","0","Vudu","R"
"Hell on the Border","2019","106 mins","Adventure; Biography; Drama; Western","No","","0","Vudu","R"
"Hell or High Water","2016","102 mins","Crime; Drama; Thriller; Western","No","","0","Vudu","R"
"He-Man And The Masters Of The Universe: Season 1","1983","1430 mins","Action; Adventure; Animation; Family; Fantasy; Science Fiction","Yes","He-Man and the Masters of the Universe","65","Vudu","TV-Y7"
"He-Man And The Masters Of The Universe: Season 2","1985","1430 mins","Action; Adventure; Animation; Family; Fantasy; Science Fiction","Yes","He-Man and the Masters of the Universe","65","Vudu","TV-Y7"
"Her","2013","126 mins","Drama; Romance; Science Fiction","No","","0","Vudu","R"
"Herbie Fully Loaded","2005","101 mins","Adventure; Comedy; Family; Fantasy; Romance; Sports","No","","0","Vudu","G"
"Herbie Goes Bananas","1980","100 mins","Adventure; Comedy; Family; Fantasy","No","","0","Vudu","G"
"Herbie Goes To Monte Carlo","1977","105 mins","Adventure; Comedy; Family","No","","0","Vudu","G"
"Herbie Rides Again","1974","88 mins","Action; Adventure; Comedy; Family; Fantasy; Romance","No","","0","Vudu","G"
"Hercules","2014","98 mins","Action; Adventure; Fantasy","No","","0","Vudu","PG-13"
"Hercules","1997","93 mins","Adventure; Animation; Comedy; Family; Musical","No","","0","Vudu","G"
"Hercules in New York","1970","92 mins","Adventure; Comedy; Fantasy","No","","0","Vudu","G"
"Here","2024","104 mins","Drama","No","","0","Vudu","PG-13"
"Here Comes The Boom","2012","105 mins","Action; Comedy; Drama","No","","0","Vudu","PG"
"Hero","1992","119 mins","Comedy; Drama; Romance","No","","0","Vudu","PG-13"
"He's Just Not That Into You","2009","129 mins","Comedy; Drama; Romance","No","","0","Vudu","PG-13"
"Hey Arnold! The Movie","2002","76 mins","Adventure; Animation; Comedy; Family","No","","0","Vudu","PG"
"Hey There, It's Yogi Bear","1964","89 mins","Adventure; Animation; Comedy; Family; Musical; Romance","No","","0","Vudu","G"
"Hidden Figures","2016","127 mins","Biography; Drama; History","No","","0","Vudu","PG"
"The High And The Mighty","1954","147 mins","Action; Adventure; Drama; Thriller","No","","0","Vudu","US - Approved"
"High Noon","1952","85 mins","Drama; Thriller; Western","No","","0","Vudu","US - Approved"
"The High Note","2020","113 mins","Drama; Music; Romance","No","","0","Vudu","PG-13"
"High School Musical","2006","93 mins","Comedy; Drama; Family; Musical","No","","0","Vudu","PG"
"High School Musical 2","2007","111 mins","Comedy; Family; Musical","No","","0","Vudu","TV-G"
"High School Musical 3","2008","112 mins","Comedy; Drama; Family; Music; Musical; Romance","No","","0","Vudu","G"
"High School Musical: The Concert","2007","57 mins","Family; Musical","No","","0","DVD","US - Approved"
"His Girl Friday","1939","92 mins","Comedy; Drama; Romance","No","","0","Vudu","US - Approved"
"His Hare Raising Tale","1951","7 mins","Animation; Comedy; Family","No","","0","Vudu","US - Approved"
"A History of Violence","2005","96 mins","Drama; Thriller","No","","0","Vudu","R"
"Hitch","2005","118 mins","Comedy; Romance","No","","0","Vudu","PG-13"
"The Hitchhiker's Guide to the Galaxy","2005","109 mins","Adventure; Comedy; Science Fiction","No","","0","Vudu","PG"
"Hitman","2007","100 mins","Action; Crime; Thriller","No","","0","Vudu","R"
"The Hitman's Bodyguard","2017","118 mins","Action; Comedy; Crime; Thriller","No","","0","Vudu","R"
"Hitman's Wife's Bodyguard","2021","116 mins","Action; Comedy; Crime; Thriller","No","","0","Vudu","R"
"The Hobbit","1977","77 mins","Adventure; Animation; Family; Fantasy; Musical","No","","0","Vudu","TV-PG"
"The Hobbit: An Unexpected Journey","2012","169 mins","Action; Adventure; Fantasy","No","","0","Vudu","PG-13"
"The Hobbit: The Battle Of The Five Armies","2014","144 mins","Action; Adventure; Fantasy","No","","0","Vudu","PG-13"
"The Hobbit: The Desolation Of Smaug","2013","161 mins","Action; Adventure; Fantasy","No","","0","Vudu","PG-13"
"Hocus Pocus","1993","96 mins","Comedy; Family; Fantasy; Horror","No","","0","Vudu","PG"
"Hold the Lion, Please","1942","8 mins","Animation; Comedy; Family","No","","0","Vudu","US - Approved"
"A Hole in the Head","1959","120 mins","Comedy; Drama","No","","0","Vudu","US - Approved"
"Holes","2003","117 mins","Adventure; Comedy; Drama; Family; Mystery","No","","0","Vudu","PG"
"Hollywood Homicide","2003","116 mins","Action; Comedy; Crime; Drama; Thriller","No","","0","Vudu","PG-13"
"Home","2015","94 mins","Adventure; Animation; Comedy; Family; Fantasy; Science Fiction","No","","0","Vudu","PG"
"Home Alone","1990","103 mins","Comedy; Family","No","","0","Vudu","PG"
"Home Alone 2: Lost In New York","1992","120 mins","Adventure; Comedy; Crime; Family","No","","0","Vudu","PG"
"Home Improvement: Season 1","1991","566 mins","Comedy; Family","Yes","Home Improvement","24","Vudu","TV-PG"
"Home Improvement: Season 2","1992","588 mins","Comedy; Family","Yes","Home Improvement","26","Vudu","TV-PG"
"Home Improvement: Season 3","1993","695 mins","Comedy; Family","Yes","Home Improvement","25","Vudu","TV-PG"
"Home Improvement: Season 4","1994","760 mins","Comedy; Family","Yes","Home Improvement","26","Vudu","TV-PG"
"Home Improvement: Season 5","1995","672 mins","Comedy; Family","Yes","Home Improvement","26","Vudu","TV-PG"
"Home Improvement: Season 6","1996","645 mins","Comedy; Family","Yes","Home Improvement","25","Vudu","TV-PG"
"Home Improvement: Season 7","1997","554 mins","Comedy; Family","Yes","Home Improvement","26","Vudu","TV-PG"
"Home Improvement: Season 8","1998","665 mins","Comedy; Family","Yes","Home Improvement","27","Vudu","TV-PG"
"Home On The Range","2004","76 mins","Adventure; Animation; Comedy; Family","No","","0","Vudu","PG"
"The Homesman","2014","122 mins","Drama; Western","No","","0","Vudu","R"
"Homeward Bound: The Incredible Journey","1993","84 mins","Adventure; Comedy; Drama; Family","No","","0","Vudu","G"
"Honey, I Blew Up the Kid","1992","89 mins","Adventure; Comedy; Family; Romance; Science Fiction","No","","0","Vudu","PG"
"Honey, I Shrunk the Kids","1989","93 mins","Adventure; Comedy; Family; Science Fiction","No","","0","Vudu","PG"
"Hop","2011","95 mins","Animation; Comedy; Family","No","","0","Vudu","PG"
"Horned Avenger: The Battle Against Von Boredom","","","Family","No","","0","DVD","US - Approved"
"The Horse In The Gray Flannel Suit","1968","113 mins","Comedy; Drama; Family","No","","0","DVD","G"
"Horton Hears A Who!","2008","83 mins","Adventure; Animation; Family","No","","0","Vudu","G"
"The Hospital","1971","103 mins","Comedy; Drama; Mystery","No","","0","Vudu","PG-13"
"Hostiles","2017","134 mins","Drama; Western","No","","0","Vudu","R"
"Hot Cross Bunny","1948","7 mins","Animation; Comedy; Family","No","","0","Vudu",""
"Hot Lead & Cold Feet","1978","90 mins","Action; Adventure; Comedy; Family; Western","No","","0","Vudu","G"
"Hot Pursuit","2015","87 mins","Action; Comedy; Crime","No","","0","Vudu","PG-13"
"Hot Wheels Battle Force 5: Season 1","2000","","Animation","Yes","","0","DVD","TV-G"
"Hot Wheels: Battle Force 5: Season 1, Vol. 2","2009","","Animation","Yes","Hot Wheels: Battle Force 5","26","DVD","TV-G"
"Hotel for Dogs","2009","100 mins","Comedy; Family","No","","0","Vudu","PG"
"Hotel Transylvania","2011","91 mins","Animation; Comedy; Family","No","","0","Vudu","PG"
"Hotel Transylvania 2","2015","89 mins","Animation; Children; Comedy; Family; Fantasy","No","","0","Vudu","PG"
"Hotel Transylvania 4: Transformania","2022","87 mins","Adventure; Animation; Comedy; Family; Fantasy; Horror","No","","0","Vudu","PG"
"Hotel Transylvania 3: Summer Vacation","2018","97 mins","Adventure; Animation; Children; Comedy; Family; Fantasy","No","","0","Vudu","PG"
"The Hound of the Baskervilles","1939","80 mins","Horror; Mystery; Thriller","No","","0","Vudu","US - Approved"
"House","1985","93 mins","Comedy; Fantasy; Horror","No","","0","Vudu","R"
"House II: The Second Story","1987","88 mins","Comedy; Fantasy; Horror","No","","0","Vudu","PG-13"
"House of 1000 Corpses","2003","89 mins","Horror","No","","0","Vudu","R"
"House of Gucci","2021","158 mins","Biography; Crime; Drama","No","","0","Vudu","R"
"HouseSitter","1992","102 mins","Comedy; Romance","No","","0","Vudu","PG"
"How The Grinch Stole Christmas (Live Action)","2000","105 mins","Animation; Comedy; Family; Fantasy","No","","0","Vudu","PG"
"How The Grinch Stole Christmas / Horton Hears A Who!","","188 mins","Action; Music; Science Fiction","No","","0","Vudu","TV-G"
"How To Eat Fried Worms","2006","84 mins","Comedy; Family","No","","0","Vudu","PG"
"How to Lose a Guy in 10 Days","2003","116 mins","Comedy; Romance","No","","0","Vudu","PG-13"
"How to Succeed in Business Without Really Trying","1967","121 mins","Comedy; Musical","No","","0","Vudu","US - Approved"
"How to Train Your Dragon","2025","125 mins","Action; Adventure; Comedy; Drama; Family; Fantasy; Science Fiction","No","","0","Vudu","PG"
"How To Train Your Dragon","2010","98 mins","Action; Adventure; Animation; Family; Fantasy","No","","0","Vudu","PG"
"How To Train Your Dragon 2","2014","102 mins","Action; Adventure; Animation; Comedy; Family; Fantasy","No","","0","Vudu","PG"
"How To Train Your Dragon: The Hidden World","2019","104 mins","Action; Adventure; Animation; Family; Fantasy","No","","0","Vudu","PG"
"Hudson Hawk","1991","100 mins","Action; Adventure; Comedy","No","","0","Vudu","R"
"Hulk","2003","138 mins","Action; Animation; Fantasy","No","","0","Vudu","PG-13"
"The Hunchback of Notre Dame","1996","91 mins","Animation; Drama; Family; Musical; Romance","No","","0","Vudu","G"
"The Hunger Games","2011","142 mins","Action; Drama; Science Fiction","No","","0","Vudu","PG-13"
"The Hunger Games: Catching Fire","2013","146 mins","Action; Adventure; Science Fiction; Thriller","No","","0","Vudu","PG-13"
"The Hunger Games: Mockingjay - Part 1","2014","123 mins","Action; Adventure; Drama; Science Fiction; Thriller","No","","0","Vudu","PG-13"
"The Hunger Games: Mockingjay, Part 2","2015","137 mins","Action; Adventure; Drama; Science Fiction","No","","0","Vudu","PG-13"
"The Hunger Games: The Ballad of Songbirds & Snakes","2023","157 mins","Action; Adventure; Drama; Science Fiction; Thriller; War","No","","0","Vudu","PG-13"
"The Hunt","2020","90 mins","Action; Horror; Thriller","No","","0","Vudu","R"
"The Hunt For Red October","1990","135 mins","Action; Adventure; Thriller","No","","0","Vudu","PG"
"Hunting Season","2025","100 mins","Action; Crime; Drama; Mystery; Thriller","No","","0","Vudu",""
"The Hurt Locker","2008","131 mins","Drama; Thriller; War","No","","0","Vudu","R"
"The Hustle","2019","93 mins","Comedy; Crime","No","","0","Vudu","PG-13"
"Hustle & Flow","2005","116 mins","Crime; Drama; Music","No","","0","Vudu","R"
"I Am Legend","2007","101 mins","Action; Adventure; Drama; Science Fiction; Thriller","No","","0","Vudu","PG-13"
"I Am Number Four","2011","111 mins","Action; Adventure; Science Fiction; Thriller","No","","0","Vudu","PG-13"
"I Can Only Imagine","2018","110 mins","Drama; Family; Music","No","","0","Vudu","PG"
"I Can Only Imagine 2","2026","110 mins","Biography; Drama; Music","No","","0","","PG"
"I Dream Of Jeannie: Season 1","1965","756 mins","Comedy; Family; Fantasy","Yes","I Dream of Jeannie","30","Vudu","TV-PG"
"I Dream Of Jeannie: Season 2","1967","775 mins","Comedy; Family; Fantasy","Yes","I Dream of Jeannie","31","Vudu","TV-PG"
"I Dream Of Jeannie: Season 3","1968","650 mins","Comedy; Family; Fantasy","Yes","I Dream of Jeannie","26","Vudu","TV-PG"
"I Dream Of Jeannie: Season 4","1968","650 mins","Comedy; Family; Fantasy","Yes","I Dream of Jeannie","26","Vudu","TV-PG"
"I Dream Of Jeannie: Season 5","1970","650 mins","Comedy; Family; Fantasy","Yes","I Dream of Jeannie","26","Vudu","TV-PG"
"I Love You to Death","1990","97 mins","Comedy; Crime","No","","0","Vudu","R"
"I Now Pronounce You Chuck And Larry","2007","140 mins","Comedy; Romance","No","","0","Vudu","PG-13"
"I Still Believe","2020","115 mins","Biography; Drama; Music; Romance","No","","0","Vudu","PG"
"I.T.","2016","95 mins","Crime; Drama; Mystery; Thriller","No","","0","Vudu","PG-13"
"Ice Age","2002","81 mins","Adventure; Animation; Comedy; Family","No","","0","Vudu","PG"
"Ice Age 2: The Meltdown","2006","91 mins","Animation; Comedy; Family","No","","0","Vudu","PG"
"Ice Age: Dawn Of The Dinosaurs","2009","93 mins","Action; Animation; Comedy; Family","No","","0","Vudu","PG"
"Ice Age: Continental Drift","2012","87 mins","Adventure; Animation; Comedy; Family","No","","0","Vudu","PG"
"Ice Age: Collision Course","2016","94 mins","Adventure; Animation; Comedy; Family; Science Fiction","No","","0","Vudu","PG"
"Ice Castles","1978","108 mins","Drama; Romance; Sports","No","","0","Vudu","PG"
"Ice Princess","2005","98 mins","Comedy; Drama; Family; Sports","No","","0","Vudu","G"
"Identity","2003","90 mins","Mystery; Thriller","No","","0","Vudu","R"
"If","2024","104 mins","Animation; Comedy; Drama; Family; Fantasy","No","","0","Vudu","PG"
"If I Stay","2014","107 mins","Drama; Fantasy; Music; Romance; Science Fiction","No","","0","Vudu","PG-13"
"If....","1968","111 mins","Crime; Drama","No","","0","Vudu","R"
"Igby Goes Down","2002","98 mins","Comedy; Drama","No","","0","Vudu","R"
"Imaginary","2024","104 mins","Horror; Mystery; Thriller","No","","0","Vudu","PG-13"
"The Immigrant","2013","120 mins","Drama; Romance","No","","0","Vudu","R"
"The Impossible","2012","114 mins","Drama; History; Thriller","No","","0","Vudu","PG-13"
"In a Lonely Place","1950","94 mins","Drama; Film Noir; Mystery; Romance; Thriller","No","","0","Vudu","US - Approved"
"In a Valley of Violence","2016","104 mins","Action; Western","No","","0","Vudu","R"
"In Cold Blood","1967","134 mins","Biography; Crime; Drama; History","No","","0","Vudu","R"
"In Harm's Way","1965","165 mins","Drama; Romance; War","No","","0","Vudu","US - Approved"
"In Search Of The Castaways","1962","98 mins","Family","No","","0","Vudu","G"
"In the Army Now","1994","91 mins","Comedy; War","No","","0","Vudu","PG"
"In the Heights","2021","120 mins","Drama; Musical; Romance","No","","0","Vudu","PG-13"
"In the Name of God","2013","86 mins","Drama","No","","0","DVD","PG"
"In Time","2011","109 mins","Action; Science Fiction; Thriller","No","","0","Vudu","PG-13"
"Inconceivable","2017","105 mins","Drama; Thriller","No","","0","Vudu","R"
"The Incredible Hulk","2008","112 mins","Action; Adventure; Fantasy; Science Fiction; Thriller","No","","0","Vudu","PG-13"
"The Incredible Hulk: Season 1","1978","688 mins","Action; Adventure; Drama; Science Fiction","Yes","The Incredible Hulk","12","Vudu","TV-PG"
"The Incredible Hulk: Season 2","1978","1111 mins","Action; Adventure; Drama; Science Fiction","Yes","The Incredible Hulk","22","Vudu","TV-PG"
"The Incredible Hulk: Season 3","1980","1970 mins","Action; Adventure; Drama; Science Fiction","Yes","The Incredible Hulk (1978)","23","Vudu","TV-PG"
"The Incredible Hulk: Season 4","1981","864 mins","Action; Adventure; Drama; Science Fiction","Yes","The Incredible Hulk (1978)","18","Vudu","TV-PG"
"Incredible Journey","1963","80 mins","Action; Adventure; Children; Family","No","","0","Vudu","G"
"The Incredibles","2004","115 mins","Action; Animation; Comedy; Family","No","","0","Vudu","PG"
"The Incredibles 2","2018","118 mins","Action; Adventure; Animation; Comedy; Family; Science Fiction","No","","0","Vudu","PG"
"Indecent Proposal","1993","117 mins","Drama; Romance","No","","0","Vudu","R"
"Independence Day","1996","145 mins","Action; Science Fiction","No","","0","Vudu","PG-13"
"Independence Day: Resurgence","2016","120 mins","Action; Adventure; Science Fiction","No","","0","Vudu","PG-13"
"Raiders of the Lost Ark","1981","115 mins","Action; Adventure","No","","0","Vudu","PG"
"Indiana Jones and the Temple of Doom","1984","118 mins","Action; Adventure","No","","0","Vudu","PG"
"Indiana Jones and the Last Crusade","1989","127 mins","Action; Adventure","No","","0","Vudu","PG-13"
"Indiana Jones and the Kingdom of the Crystal Skull","2008","122 mins","Action; Adventure","No","","0","Vudu","PG-13"
"Indiana Jones and the Dial of Destiny","2023","154 mins","Action; Adventure; Science Fiction","No","","0","Vudu","PG-13"
"Infidel","2019","107 mins","Action; Adventure; Thriller","No","","0","Vudu","R"
"Inside Out","2015","95 mins","Adventure; Animation; Comedy; Drama; Family; Fantasy","No","","0","Vudu","G"
"Inside Out 2","2024","96 mins","Adventure; Animation; Comedy; Drama; Family; Fantasy","No","","0","Vudu","PG"
"Inspector Gadget: Season 1","1983","1487 mins","Action; Adventure; Animation; Comedy; Crime; Family; Mystery; Science Fiction","Yes","Inspector Gadget","65","Vudu","TV-G"
"Instant Family","2018","118 mins","Comedy; Drama","No","","0","Vudu","PG-13"
"Interiors","1978","92 mins","Drama","No","","0","Vudu","PG"
"Interstellar","2014","169 mins","Adventure; Drama; Science Fiction; Thriller","No","","0","Vudu","PG"
"Interview with the Vampire","1994","123 mins","Drama; Fantasy; Horror","No","","0","Vudu","R"
"Into The Storm","2014","89 mins","Action; Adventure; Drama; Thriller","No","","0","Vudu","PG-13"
"Into the West","1992","97 mins","Adventure; Family; Fantasy","No","","0","Vudu","PG"
"Into the Wild","2007","148 mins","Adventure; Biography; Drama","No","","0","Vudu","R"
"Into The Woods","2014","125 mins","Action; Adventure; Comedy; Drama; Family; Fantasy; Music; Musical","No","","0","Vudu","PG"
"Intolerable Cruelty","2003","100 mins","Comedy; Crime; Romance","No","","0","Vudu","PG-13"
"Invasion of the Body Snatchers","1956","80 mins","Drama; Horror; Science Fiction","No","","0","Vudu","US - Approved"
"Invictus","2009","134 mins","Action; Adventure; Biography; Drama; History; Sports; Thriller","No","","0","Vudu","PG-13"
"Irma la Douce","1963","147 mins","Comedy; Romance","No","","0","Vudu","US - Approved"
"Iron Eagle","1986","117 mins","Action; Thriller; War","No","","0","Vudu","PG-13"
"Iron Eagle II","1988","105 mins","Action; Drama; Romance; War","No","","0","Vudu","PG"
"The Iron Giant","1999","86 mins","Action; Adventure; Animation; Comedy; Crime; Family; Science Fiction","No","","0","Vudu","PG"
"Iron Man","2008","126 mins","Action; Adventure; Fantasy; Science Fiction; Thriller","No","","0","Vudu","PG-13"
"Iron Man 2","2010","124 mins","Action; Adventure; Science Fiction","No","","0","Vudu","PG-13"
"Iron Man 3","2013","130 mins","Action; Adventure; Science Fiction","No","","0","Vudu","PG-13"
"Iron Will","1994","109 mins","Adventure; Family","No","","0","VHS; Vudu","PG"
"The Island","2005","136 mins","Action; Science Fiction; Thriller","No","","0","Vudu","PG-13"
"Island In The Sky","1953","109 mins","Adventure; Drama","No","","0","Vudu","US - Approved"
"IT","2017","","Horror; Thriller","No","","0","Vudu","R"
"It Came from Beneath the Sea","1955","79 mins","Horror; Science Fiction","No","","0","Vudu","US - Approved"
"It Could Happen to You","1994","101 mins","Comedy; Drama; Romance","No","","0","Vudu","PG"
"It's a Mad Mad Mad Mad World","1963","161 mins","Action; Adventure; Comedy; Crime","No","","0","Vudu","US - Approved"
"It's A Wonderful Life","1947","130 mins","Drama; Family; Fantasy","No","","0","Vudu","PG"
"It's Complicated","2009","120 mins","Comedy; Drama; Romance","No","","0","Vudu","R"
"Jack Frost","1979","48 mins","Adventure; Animation; Comedy; Family; Fantasy; Musical; Romance","No","","0","Vudu","TV-G"
"Jack Reacher","2012","130 mins","Action; Thriller","No","","0","Vudu","PG-13"
"Jack Reacher: Never Go Back","2016","118 mins","Action; Thriller","No","","0","Vudu","PG-13"
"Jack Ryan: Shadow Recruit","2014","105 mins","Action; Drama; Thriller","No","","0","Vudu","PG-13"
"Jack-Wabbit and the Beanstalk","1943","7 mins","Animation; Comedy; Family","No","","0","Vudu",""
"Jagged Edge","1985","108 mins","Drama; Mystery; Thriller","No","","0","Vudu","R"
"Jailhouse Rock","1957","96 mins","Crime; Musical","No","","0","Vudu","US - Approved"
"Dr. No","1962","110 mins","Action; Adventure; Thriller","No","","0","Vudu","PG"
"From Russia with Love","1963","115 mins","Action; Adventure; Thriller","No","","0","Vudu","PG"
"Goldfinger","1964","","Action","No","","0","Vudu","PG"
"Thunderball","1965","130 mins","Action; Adventure; Thriller","No","","0","Vudu","PG"
"You Only Live Twice","1967","117 mins","Action; Adventure; Thriller","No","","0","Vudu","PG"
"On Her Majesty's Secret Service","1969","142 mins","Action; Adventure; Thriller","No","","0","Vudu","PG"
"Diamonds Are Forever","1971","120 mins","Action; Adventure; Thriller","No","","0","Vudu","PG"
"Live and Let Die","1973","121 mins","Action; Adventure; Thriller","No","","0","Vudu","PG"
"The Man with the Golden Gun","1974","125 mins","Action; Adventure; Thriller","No","","0","Vudu","PG"
"The Spy Who Loved Me","1977","125 mins","Action; Adventure; Thriller","No","","0","Vudu","PG"
"Moonraker","1979","126 mins","Action; Adventure; Science Fiction; Thriller","No","","0","Vudu","PG"
"For Your Eyes Only","1981","127 mins","Action; Adventure; Thriller","No","","0","Vudu","PG"
"Octopussy","1983","131 mins","Action; Adventure; Thriller","No","","0","Vudu","PG"
"A View to a Kill","1985","131 mins","Action; Adventure; Thriller","No","","0","Vudu","PG"
"The Living Daylights","1987","130 mins","Action; Adventure; Thriller","No","","0","Vudu","PG"
"Licence to Kill","1989","133 mins","Action; Adventure; Thriller","No","","0","Vudu","PG-13"
"GoldenEye","1995","130 mins","Action; Adventure; Thriller","No","","0","Vudu","PG-13"
"Tomorrow Never Dies","1997","119 mins","Action; Adventure; Thriller","No","","0","Vudu","PG-13"
"The World Is Not Enough","1999","128 mins","Action; Adventure; Thriller","No","","0","Vudu","PG-13"
"Die Another Day","2002","133 mins","Action; Adventure; Thriller","No","","0","Vudu","PG-13"
"Casino Royale","2006","144 mins","Action; Adventure; Thriller","No","","0","Vudu","PG-13"
"Quantum of Solace","2008","106 mins","Action; Adventure; Thriller","No","","0","Vudu","PG-13"
"Skyfall","2012","143 mins","Action; Adventure; Thriller","No","","0","Vudu","PG-13"
"Spectre","2015","148 mins","Action; Adventure; Thriller","No","","0","Vudu","PG-13"
"No Time to Die","2021","163 mins","Action; Adventure; Thriller","No","","0","Vudu","PG-13"
"Jason and the Argonauts","1963","104 mins","Action; Adventure; Family; Fantasy","No","","0","Vudu","G"
"Jaws","1975","124 mins","Adventure; Thriller","No","","0","Vudu","PG"
"Jaws 2","1978","116 mins","Adventure; Horror; Thriller","No","","0","Vudu","PG"
"Jaws 3-D","1983","99 mins","Adventure; Horror; Thriller","No","","0","Vudu","PG"
"Jaws: The Revenge","1987","89 mins","Adventure; Horror; Thriller","No","","0","Vudu","PG-13"
"The Jazz Singer","1927","88 mins","Drama; Music; Musical; Romance","No","","0","DVD","US - Approved"
"Jerry and Marge Go Large","2022","90 mins","Biography; Comedy; Drama","No","","0","Vudu","PG-13"
"The Jesus Music","2021","109 mins","Documentary","No","","0","Vudu","PG-13"
"Jesus Revolution","2023","120 mins","Drama","No","","0","Vudu","PG-13"
"The Jetsons: Season 1","1963","720 mins","Animation; Comedy; Family; Science Fiction","Yes","The Jetsons","24","Vudu","TV-G"
"The Jetsons: Season 2","1985","1214 mins","Animation; Comedy; Family; Science Fiction","Yes","The Jetsons","41","Vudu","TV-G"
"The Jetsons: Season 3","1987","300 mins","Animation; Comedy; Family; Science Fiction","Yes","The Jetsons","10","Vudu","TV-G"
"Jetsons: The Movie","1990","82 mins","Animation; Comedy; Family; Musical; Science Fiction","No","","0","Vudu","G"
"Jexi","2019","84 mins","Comedy; Romance; Science Fiction","No","","0","Vudu","R"
"Jimmy Neutron: Boy Genius","2001","82 mins","Action; Adventure; Animation; Comedy; Family; Science Fiction","No","The Adventures of Jimmy Neutron, Boy Genius","0","Vudu","G"
"Jingle All The Way","1996","89 mins","Adventure; Comedy; Family","No","","0","Vudu","PG"
"Jingle All The Way 2","2014","93 mins","Comedy; Family","No","","0","Vudu","PG"
"Joe","2013","117 mins","Crime; Drama; Thriller","No","","0","Vudu","R"
"John Carter","2011","132 mins","Action; Adventure; Fantasy","No","","0","Blu-ray","PG-13"
"John Wick","2014","101 mins","Action; Crime; Thriller","No","","0","Vudu","R"
"John Wick: Chapter 2","2017","122 mins","Action; Crime; Thriller","No","","0","Vudu","R"
"John Wick: Chapter 3 - Parabellum","2019","130 mins","Action; Crime; Thriller","No","","0","Vudu","R"
"John Wick: Chapter 4","2023","169 mins","Action; Crime; Thriller","No","","0","Vudu","R"
"Joker","2019","122 mins","Crime; Drama; Thriller","No","","0","Vudu","R"
"Joker: Folie À Deux","2024","138 mins","Drama; Musical; Thriller","No","","0","Vudu","R"
"Jonah: A Veggietales Movie","2002","83 mins","Animation; Comedy; Family","No","","0","DVD; Vudu","G"
"Jonas Brothers: The 3D Concert Experience","2009","76 mins","Documentary; Music","No","","0","DVD","G"
"Journey 2: The Mysterious Island","2012","94 mins","Action; Adventure; Comedy; Family; Fantasy; Science Fiction","No","","0","Vudu","PG"
"The Journey Of Natty Gann","1985","101 mins","Adventure; Comedy; Family","No","","0","Vudu","PG"
"Journey to Bethlehem","2023","99 mins","Adventure; Family; Musical","No","","0","Vudu","PG"
"Journey to the Center of the Earth","2008","93 mins","Action; Adventure; Family; Fantasy; Science Fiction","No","","0","Vudu","PG"
"Judas and the Black Messiah","2021","126 mins","Biography; Drama; History","No","","0","Vudu","R"
"Judas Kiss","1998","98 mins","Crime; Drama; Thriller","No","","0","Vudu","R"
"Judge Dredd","1995","96 mins","Action; Crime; Science Fiction; Thriller","No","","0","Vudu","R"
"Judgment at Nuremberg","1961","179 mins","Drama; War","No","","0","Vudu","US - Approved"
"Julie & Julia","2009","123 mins","Biography; Drama; Romance","No","","0","Blu-ray","PG-13"
"Jumanji","1995","104 mins","Action; Adventure; Family; Fantasy","No","","0","Vudu","PG"
"Jumanji: Welcome To The Jungle","2017","119 mins","Action; Adventure; Comedy; Family; Fantasy","No","","0","Vudu","PG-13"
"Jumanji: The Next Level","2019","123 mins","Action; Adventure; Comedy; Fantasy","No","","0","Vudu","PG-13"
"Jump In!","2007","85 mins","Comedy; Drama","No","","0","DVD","TV-G"
"Jumper","2008","88 mins","Action; Adventure; Science Fiction; Thriller","No","","0","Vudu","PG-13"
"Jumping Jacks","1952","96 mins","Comedy; Musical","No","","0","Vudu","US - Approved"
"Jungle 2 Jungle","1997","101 mins","Comedy; Family","No","","0","Vudu","PG"
"The Jungle Book (Live Action)","2016","105 mins","Adventure; Drama; Family; Fantasy","No","","0","Vudu","PG"
"The Jungle Book","1967","78 mins","Animation; Family","No","","0","Vudu","G"
"The Jungle Book 2","2003","72 mins","Adventure; Animation; Family; Musical","No","","0","DVD","G"
"Jungle Cruise","2021","90 mins","Action; Adventure; Comedy; Fantasy","No","","0","Vudu","PG-13"
"Jupiter Ascending","2015","127 mins","Action; Adventure; Science Fiction","No","","0","Vudu","PG-13"
"Jurassic Park","1993","127 mins","Action; Adventure; Science Fiction; Thriller","No","","0","Vudu","PG-13"
"The Lost World: Jurassic Park","1997","129 mins","Action; Adventure; Science Fiction","No","","0","Vudu","PG-13"
"Jurassic Park Iii","2001","92 mins","Action; Adventure; Science Fiction; Thriller","No","","0","Vudu","PG-13"
"Jurassic World","2015","124 mins","Action; Adventure; Science Fiction; Thriller","No","","0","Vudu","PG"
"Jurassic World Dominion","2022","147 mins","Adventure","No","","0","Vudu","PG-13"
"Jurassic World: Fallen Kingdom","2018","128 mins","Action; Adventure; Drama; Horror; Science Fiction; Thriller","No","","0","Vudu","PG-13"
"Jurassic World: Rebirth","2025","133 mins","Action; Adventure; Science Fiction; Thriller","No","","0","Vudu","PG-13"
"Jury Duty","1995","88 mins","Comedy","No","","0","Vudu","PG-13"
"Just Go with It","2011","117 mins","Comedy; Romance","No","","0","Vudu","PG-13"
"Just Married","2003","95 mins","Comedy; Romance","No","","0","Vudu","PG-13"
"Just Mercy","2019","136 mins","Biography; Crime; Drama","No","","0","Vudu","PG-13"
"Just One of the Guys","1985","100 mins","Comedy; Romance","No","","0","Vudu","PG-13"
"Justice League","2017","120 mins","Action; Adventure; Fantasy; Science Fiction","No","","0","Vudu","PG-13"
"Justice League: Starcrossed","1949","","Animation; Children; Family; Fantasy","No","Justice League","0","DVD","TV-G"
"Justice League: The Brave And The Bold","2006","87 mins","Action; Adventure; Animation; Family","No","Justice League","0","DVD","TV-G"
"Justice League: Warworld","2023","89 mins","Action; Adventure; Animation; Fantasy; Science Fiction","No","","0","Vudu","R"
"Kaiju No. 8: Season 1","2024","168 mins","Action; Adventure; Animation; Science Fiction","Yes","Kaiju No. 8","12","","TV-MA"
"Kaiju No. 8: Season 2","2025","","Action; Adventure; Animation; Science Fiction","Yes","Kaiju No. 8","12","","TV-MA"
"The Karate Kid","2010","140 mins","Action; Drama; Family; Sports","No","","0","Vudu","PG"
"The Karate Kid","1984","126 mins","Action; Adventure; Drama; Family","No","","0","Vudu","PG"
"The Karate Kid Part III","1989","112 mins","Action; Drama; Family; Sports","No","","0","Vudu","PG"
"The Karate Kid Part II","1986","113 mins","Action; Family; Sports","No","","0","Vudu","PG"
"Karate Kid: Legends","2025","94 mins","Action; Drama; Family; Sports","No","","0","Vudu","PG-13"
"Kelly's Heroes","1970","144 mins","Adventure; Comedy; War","No","","0","Vudu","PG"
"The Kentuckian","1955","104 mins","Drama; Western","No","","0","Vudu","US - Approved"
"Key Largo","1948","100 mins","Action; Crime; Drama; Film Noir; Thriller","No","","0","Vudu","US - Approved"
"Kick-Ass","2010","117 mins","Action; Comedy; Crime","No","","0","Vudu","R"
"Kickboxer","1989","97 mins","Action; Sports; Thriller","No","","0","Vudu","R"
"The Kid","2010","111 mins","Drama","No","","0","Vudu",""
"The Kid","2019","100 mins","Biography; Drama; Western","No","","0","Vudu","R"
"Kidnapped","1960","97 mins","Action; Adventure; Drama; Family","No","","0","DVD; Vudu","PG"
"Kill Bill: Vol. 1","2003","111 mins","Action; Crime; Drama; Thriller","No","","0","Vudu","R"
"Kill Bill: Vol. 2","2004","137 mins","Action; Crime; Thriller","No","","0","Vudu","R"
"The Killing","1956","84 mins","Crime; Drama; Film Noir; Thriller","No","","0","Vudu","US - Approved"
"Kimi","2022","89 mins","Crime; Drama; Mystery; Thriller","No","","0","Vudu","R"
"Kindergarten Cop","1990","111 mins","Action; Comedy; Crime","No","","0","Vudu","PG-13"
"King Cobra","1999","93 mins","Action; Adventure; Horror; Science Fiction; Thriller","No","","0","Vudu","PG-13"
"King Creole","1958","116 mins","Crime; Drama; Musical","No","","0","","US - Approved"
"King Kong","2005","187 mins","Action; Adventure; Romance","No","","0","Vudu","PG-13"
"King Kong","1933","100 mins","Adventure; Horror","No","","0","Vudu","US - Approved"
"King Kong","1976","134 mins","Adventure; Horror","No","","0","","PG"
"The King of Kings","2025","103 mins","Animation; Family","No","","0","Vudu","PG"
"The King Of Queens: Season 2","1999","550 mins","Comedy","Yes","The King of Queens","25","DVD","TV-PG"
"The King Of Queens: Season 6","2003","576 mins","Comedy; Family","Yes","The King of Queens","24","DVD","TV-PG"
"King Tweety","2022","81 mins","Adventure; Animation; Comedy; Family; Fantasy; Mystery","No","","0","Vudu","TV-PG"
"Kingdom of the Planet of the Apes","2024","145 mins","Action; Adventure; Drama; Science Fiction; Thriller","No","","0","Vudu","PG-13"
"The King's Man","2021","131 mins","Action; Adventure; Thriller","No","","0","Vudu","R"
"The King's Speech","2010","118 mins","Biography; Drama; History","No","","0","Vudu","R"
"Kingsman: The Golden Circle","2017","141 mins","Action; Adventure; Comedy; Crime; Thriller","No","","0","Vudu","R"
"Kingsman: The Secret Service","2014","129 mins","Action; Adventure; Comedy; Thriller","No","","0","Vudu","R"
"Kite","2014","90 mins","Action; Crime; Thriller","No","","0","Vudu","R"
"The Kite Runner","2007","128 mins","Drama","No","","0","Vudu","PG-13"
"Knight Rider","2000","80 mins","Action; Crime; Science Fiction; Thriller","No","","0","Vudu","TV-14"
"Knight Rider: Season 1","1982","990 mins","Action; Crime; Drama; Science Fiction","Yes","Knight Rider","22","Vudu","TV-PG"
"Knight Rider: Season 2","1983","1440 mins","Action; Crime; Drama; Science Fiction","Yes","Knight Rider","24","Vudu","TV-PG"
"Knight Rider: Season 3","1984","1320 mins","Action; Crime; Drama; Science Fiction","Yes","Knight Rider","22","Vudu","TV-PG"
"Knight Rider: Season 4","1985","1029 mins","Action; Crime; Drama; Science Fiction","Yes","Knight Rider","22","Vudu","TV-PG"
"Knights Must Fall","1949","7 mins","Animation; Comedy; Family","No","","0","",""
"A Knight's Tale","2001","132 mins","Action; Adventure; Romance","No","","0","Vudu","PG-13"
"Knighty Knight Bugs","1958","6 mins","Animation; Comedy; Family; Fantasy","No","","0","","US - Approved"
"Knives Out","2019","130 mins","Comedy; Crime; Drama; Mystery; Thriller","No","","0","Vudu","PG-13"
"Knocked Up","2007","129 mins","Comedy; Romance","No","","0","Vudu","R"
"Knowing","2009","121 mins","Action; Drama; Science Fiction; Thriller","No","","0","Vudu","PG-13"
"Kong: Skull Island","2017","118 mins","Action; Adventure; Fantasy; Science Fiction","No","","0","Vudu","PG-13"
"Kronk's New Groove","2005","75 mins","Animation; Comedy; Family","No","","0","Vudu","G"
"Krull","1983","116 mins","Action; Adventure; Fantasy; Science Fiction","No","","0","Vudu","PG"
"Kubo And The Two Strings","2016","101 mins","Action; Adventure; Animation; Family; Fantasy","No","","0","Vudu","PG"
"Kung Fu Panda","2008","92 mins","Action; Adventure; Animation; Comedy","No","","0","Vudu","PG"
"Kung Fu Panda 2","2011","90 mins","Action; Adventure; Animation; Comedy; Family; Fantasy","No","","0","Vudu","PG"
"Kung Fu Panda 3","2016","95 mins","Action; Adventure; Animation; Comedy; Family","No","","0","Vudu","PG"
"Kung Fu Panda 4","2024","94 mins","Action; Adventure; Animation; Comedy; Family; Fantasy","No","","0","Vudu","PG"
"The Ladies Man","1961","95 mins","Comedy","No","","0","Vudu","US - Approved"
"Lady And The Tramp","1955","76 mins","Animation; Comedy; Family; Romance","No","","0","Vudu","G"
"Lady And The Tramp 2: Scamp's Adventure","2001","69 mins","Animation; Drama; Family; Musical","No","","0","Vudu","G"
"The Lady from Shanghai","1947","87 mins","Crime; Drama; Film Noir; Mystery; Thriller","No","","0","Vudu","US - Approved"
"The Lake House","2006","99 mins","Drama; Fantasy; Romance","No","","0","Vudu","PG"
"Lake Placid vs. Anaconda","2015","92 mins","Action; Adventure; Comedy; Horror; Science Fiction; Thriller","No","","0","","TV-14"
"Lakeview Terrace","2008","110 mins","Crime; Drama; Thriller","No","","0","DVD; Vudu","PG-13"
"Land of the Lost","2009","102 mins","Action; Adventure; Comedy; Science Fiction","No","","0","Vudu","R"
"Land Of The Lost: Season 1","1974","391 mins","Adventure; Family; Fantasy; Science Fiction","Yes","Land of the Lost","17","Vudu","TV-G"
"Land Of The Lost: Season 2","1975","390 mins","Adventure; Family; Fantasy; Science Fiction","Yes","Land of the Lost","13","Vudu","TV-G"
"Land Of The Lost: Season 3","1976","390 mins","Adventure; Family; Fantasy; Science Fiction","Yes","Land of the Lost","13","Vudu","TV-G"
"Lara Croft Tomb Raider: The Cradle of Life","2003","117 mins","Action; Adventure; Fantasy","No","","0","Vudu","PG-13"
"Lara Croft: Tomb Raider","2001","100 mins","Action; Adventure; Fantasy; Thriller","No","","0","Vudu","PG-13"
"Lassie: 50th Television Anniversary Edition","1954","528 mins","Adventure; Drama; Family","Yes","Lassie (1954)","0","DVD","TV-G"
"Last Action Hero","1993","131 mins","Action; Adventure; Comedy; Fantasy","No","","0","Vudu","PG-13"
"The Last Detail","1973","104 mins","Comedy; Drama","No","","0","Vudu","R"
"The Last Dragon","1985","109 mins","Action; Comedy; Drama; Music; Sports","No","","0","Vudu","PG-13"
"Last Knights","2015","115 mins","Action; Drama; History; War","No","","0","Vudu","R"
"Last Man Standing: Season 1","2011","542 mins","Comedy","Yes","Last Man Standing","24","Vudu","TV-PG"
"Last Man Standing: Season 2","2012","394 mins","Comedy","Yes","Last Man Standing","18","Vudu","TV-PG"
"Last Man Standing: Season 3","2013","625 mins","Comedy","Yes","Last Man Standing","22","Vudu","TV-PG"
"Last Man Standing: Season 4","2014","483 mins","Comedy","Yes","Last Man Standing","22","Vudu","TV-PG"
"Last Man Standing: Season 5","2015","465 mins","Comedy","Yes","Last Man Standing","22","Vudu","TV-PG"
"Last Man Standing: Season 6","2016","462 mins","Comedy","Yes","Last Man Standing","22","Vudu","TV-PG"
"Last Man Standing: Season 7","2019","483 mins","Comedy","Yes","Last Man Standing","22","Vudu","TV-PG"
"Last Man Standing: Season 8","2020","462 mins","Comedy","Yes","Last Man Standing","21","Vudu","TV-PG"
"Last Man Standing: Season 9","2021","176 mins","Comedy","Yes","Last Man Standing","21","Vudu","TV-PG"
"The Last of Us: Season 1","2023","521 mins","Action; Adventure; Drama; Horror; Science Fiction; Thriller","Yes","The Last of Us","9","Vudu","TV-MA"
"Last Scene Alive: An Aurora Teagarden Mystery","2018","85 mins","","No","","0","",""
"The Last Stand","2013","107 mins","Action; Thriller; Western","No","","0","Vudu","R"
"The Last Waltz","1978","117 mins","Biography; Documentary; Music","No","","0","Vudu","PG"
"Law Abiding Citizen","2009","109 mins","Action; Crime; Drama; Thriller","No","","0","Vudu","R"
"Lawless","2012","116 mins","Biography; Crime; Drama; Thriller","No","","0","Vudu","R"
"The League of Extraordinary Gentlemen","2003","110 mins","Action; Adventure; Fantasy; Science Fiction","No","","0","Vudu","PG-13"
"Lean On Me","1989","104 mins","Drama; Family","No","","0","Vudu","PG-13"
"Leap Year","2010","100 mins","Comedy; Romance","No","","0","Vudu","PG"
"Leave It to Beaver: Season 1","1957","1170 mins","Comedy; Family","Yes","Leave It to Beaver","40","","TV-G"
"Leave It To Beaver: Season 2","1958","1170 mins","Comedy; Family","Yes","Leave It to Beaver","39","","TV-G"
"Leave It To Beaver: Season 3","1959","1170 mins","Comedy; Family","Yes","Leave It to Beaver","39","","TV-G"
"Leave It To Beaver: Season 4","1960","1170 mins","Comedy; Family","Yes","Leave It to Beaver","39","","TV-G"
"Leave It To Beaver: Season 5","1961","1170 mins","Comedy; Family","Yes","Leave It to Beaver","39","","TV-G"
"Leave It to Beaver: Season 6","1962","1170 mins","Comedy; Family","Yes","Leave It to Beaver","40","","TV-G"
"Left Behind","2000","96 mins","Adventure; Drama; Thriller","No","","0","Vudu","PG-13"
"Left Behind","2014","110 mins","Action; Fantasy; Science Fiction; Thriller","No","","0","Vudu","PG-13"
"Left Behind 2: Tribulation Force","2002","94 mins","Action; Drama; Family; Fantasy","No","","0","Vudu","PG-13"
"Left Behind: World At War","2005","95 mins","Drama; Family; Thriller","No","","0","Vudu","PG-13"
"Legally Blonde","2001","96 mins","Comedy; Romance","No","","0","Vudu","PG-13"
"Legally Blonde 2: Red, White & Blonde","2003","95 mins","Comedy","No","","0","Vudu","PG-13"
"Legend of Frosty the Snowman","2005","75 mins","Animation; Comedy; Family; Fantasy","No","","0","Vudu","TV-G"
"The Legend of Zorro","2005","129 mins","Action; Adventure; Romance; Thriller; Western","No","","0","Vudu","PG"
"Legends of the Fall","1994","128 mins","Drama; Romance; War; Western","No","","0","Vudu","R"
"The Lego Batman Movie","2017","104 mins","Action; Adventure; Animation; Comedy; Family; Fantasy","No","","0","Vudu","PG"
"Lego Batman: The Movie - DC Superheroes Unite","2013","71 mins","Action; Adventure; Animation; Children; Family","No","","0","Vudu","G"
"Lego DC Comics Super Heroes: Justice League Vs. Bizarro League","2015","49 mins","Action; Adventure; Animation; Comedy; Family","No","","0","Vudu","PG"
"Lego Dc Comics Super Heroes: The Flash","2018","78 mins","Action; Animation; Science Fiction","No","","0","","US - Not Rated"
"Lego Dc Comics Superheroes: Justice League - Gotham City Breakout","2016","78 mins","Action; Adventure; Animation; Comedy; Family; Science Fiction","No","","0","","US - Not Rated"
"The Lego Movie","2014","100 mins","Adventure; Animation; Comedy; Family; Fantasy","No","","0","Vudu","PG"
"The Lego Movie 2: The Second Part","2019","107 mins","Action; Adventure; Animation; Comedy; Family; Fantasy; Musical; Science Fiction","No","","0","Vudu","PG"
"The Lego Ninjago Movie","2017","101 mins","Action; Adventure; Animation; Comedy; Family","No","","0","Vudu","PG"
"Lego Scooby-Doo!: Haunted Hollywood","2016","75 mins","Adventure; Animation; Comedy; Family","No","","0","Vudu","PG"
"Lego Star Wars: The Padawan Menace","2011","22 mins","Animation; Children; Family","No","","0","Blu-ray","G"
"Lego: Adventures Of Clutch Powers","2000","78 mins","Action; Adventure; Animation; Family","No","","0","Vudu","G"
"Lego: Hero Planet: Savage Planet","2011","88 mins","Adventure; Animation; Children","No","","0","DVD","G"
"Lemony Snicket's A Series of Unfortunate Events","2004","108 mins","Adventure; Comedy; Family; Fantasy","No","","0","Vudu","PG"
"Lenny","1974","111 mins","Biography; Drama","No","","0","Vudu","R"
"Leroy & Stitch","2006","73 mins","Adventure; Animation; Children","No","","0","Vudu","G"
"Lethal Weapon","1987","109 mins","Action; Crime; Thriller","No","","0","Vudu","R"
"Lethal Weapon 2","1989","114 mins","Action; Crime; Thriller","No","","0","Vudu","R"
"Lethal Weapon 3","1992","118 mins","Action; Crime; Thriller","No","","0","Vudu","R"
"Lethal Weapon 4","1998","127 mins","Action; Crime; Thriller","No","","0","Vudu","R"
"Letters from Iwo Jima","2006","141 mins","Action; Adventure; Drama; History; War","No","","0","Vudu","R"
"Liar Liar","1997","86 mins","Comedy; Fantasy","No","","0","Vudu","PG-13"
"Like Father Like Son","1987","100 mins","Comedy; Fantasy","No","","0","Vudu","PG-13"
"Lilo & Stitch","2025","108 mins","Action; Adventure; Comedy; Drama; Family; Fantasy; Science Fiction","No","","0","Vudu","PG"
"Lilo & Stitch","2002","85 mins","Adventure; Animation; Comedy; Drama; Family; Fantasy; Science Fiction","No","","0","Vudu","PG"
"The Lincoln Lawyer","2011","118 mins","Crime; Drama; Mystery; Thriller","No","","0","","R"
"Link","1986","103 mins","Horror","No","","0","","R"
"The Lion King","1994","88 mins","Adventure; Animation; Drama; Family; Fantasy; Musical","No","","0","Vudu","G"
"The Lion King 1½","2004","77 mins","Adventure; Animation; Comedy; Family; Musical","No","","0","Vudu","G"
"The Lion King II: Simba's Pride","1998","81 mins","Adventure; Animation; Drama; Family; Musical; Romance","No","","0","Vudu","G"
"Lions for Lambs","2007","92 mins","Crime; Drama; Mystery; Thriller; War","No","","0","Vudu","R"
"The Little Colonel","1935","81 mins","Comedy; Family; Musical; Romance","No","","0","Vudu","PG"
"Little Fockers","2011","98 mins","Comedy","No","","0","Vudu","PG-13"
"The Little Foxes","1941","116 mins","Drama; Romance","No","","0","","US - Approved"
"Little Heroes","1999","92 mins","Family","No","","0","DVD","PG"
"Little House On The Prairie: Season 1","1974","1080 mins","Drama; Family; Romance; Western","Yes","Little House on the Prairie","25","Vudu","TV-PG"
"Little House On The Prairie: Season 2","1975","999 mins","Drama; Family; Romance; Western","Yes","Little House on the Prairie","22","Vudu","TV-PG"
"Little House On The Prairie: Season 3","1976","1080 mins","Drama; Family; Romance; Western","Yes","Little House on the Prairie","21","Vudu","TV-PG"
"Little House On The Prairie: Season 4","1977","1080 mins","Drama; Family; Romance; Western","Yes","Little House on the Prairie","22","Vudu","TV-PG"
"Little House On The Prairie: Season 5","1978","1260 mins","Drama; Family; Romance; Western","Yes","Little House on the Prairie","24","Vudu","TV-PG"
"Little House On The Prairie: Season 6","1979","1200 mins","Drama; Family; Romance; Western","Yes","Little House on the Prairie","24","Vudu","TV-PG"
"Little House On The Prairie: Season 7","1980","1020 mins","Drama; Family; Romance; Western","Yes","Little House on the Prairie","22","Vudu","TV-PG"
"Little House On The Prairie: Season 8","1981","1080 mins","Drama; Family; Romance; Western","Yes","Little House on the Prairie","22","Vudu","TV-PG"
"Little House On The Prairie: Season 9","1974","1020 mins","Drama; Family; Romance; Western","Yes","Little House on the Prairie","22","Vudu","TV-PG"
"Little House on the Prairie: Specials","1974","180 mins","Drama; Family; Romance; Western","Yes","Little House on the Prairie","3","DVD","TV-PG"
"The Little Mermaid","2023","135 mins","Adventure; Family; Fantasy; Musical; Romance","No","","0","Vudu","PG"
"The Little Mermaid","1989","83 mins","Animation; Comedy; Family; Romance","No","","0","Vudu","G"
"The Little Mermaid II: Return To The Sea","2000","75 mins","Adventure; Animation; Family; Fantasy; Musical","No","","0","Vudu","G"
"Little Miss Marker","1934","80 mins","Adventure; Comedy; Drama; Music","No","","0","DVD","US - Approved"
"Little Nicky","2000","90 mins","Comedy; Fantasy","No","","0","Vudu","PG-13"
"Little Nikita","1988","98 mins","Drama; Thriller","No","","0","Vudu","PG"
"Little Shop of Horrors","1986","94 mins","Comedy; Horror; Musical; Romance; Science Fiction","No","","0","Vudu","PG-13"
"The Little Whirlwind","1941","8 mins","Animation; Comedy; Family; Romance","No","","0","Vudu","US - Approved"
"Littlest Light On The Christmas Tree","2004","45 mins","Family","No","","0","DVD","US - Approved"
"The Littlest Rebel","1935","73 mins","Comedy; Drama; Family; Musical; War","No","","0","Vudu","PG"
"Live Die Repeat and Repeat","2000","","Action; Adventure; Science Fiction","No","","0","Vudu","R"
"Living It Up","1954","95 mins","Comedy; Musical","No","","0","Vudu","US - Approved"
"Lock Up","1989","109 mins","Action; Adventure; Crime; Thriller","No","","0","Vudu","R"
"Logan","2017","137 mins","Action; Drama; Science Fiction; Thriller","No","","0","Vudu","R"
"London Has Fallen","2016","99 mins","Action; Thriller","No","","0","Vudu","R"
"The Lone Ranger","2013","150 mins","Action; Adventure; Drama; Western","No","","0","","PG-13"
"Lone Survivor","2013","121 mins","Action; Biography; Drama; Thriller; War","No","","0","Vudu","R"
"The Long Goodbye","1973","112 mins","Comedy; Crime; Drama; Mystery; Thriller","No","","0","Vudu","R"
"Long Lost Family (US): Season 1","2015","","Documentary; Drama","Yes","Long Lost Family (US)","11","Vudu",""
"Long Lost Family (US): Season 2","2016","","Documentary; Drama","Yes","Long Lost Family (US)","13","Vudu",""
"Long Lost Family (US): Season 3","2016","","Documentary; Drama","Yes","Long Lost Family (US)","6","Vudu",""
"Long Lost Family (US): Season 4","2016","","Documentary; Drama","Yes","Long Lost Family (US)","8","Vudu",""
"Long Lost Family (US): Season 5","2016","","Documentary; Drama","Yes","Long Lost Family (US)","9","Vudu",""
"Long Lost Family (US): Season 6","2015","","Documentary; Drama","Yes","Long Lost Family (US)","3","Vudu",""
"The Long Riders","1980","100 mins","Biography; Crime; Western","No","","0","Vudu","R"
"The Long Walk","2025","108 mins","Horror; Science Fiction; Thriller","No","","0","Vudu","R"
"The Longest Yard","1974","121 mins","Comedy; Crime; Drama; Sports","No","","0","Vudu","R"
"The Longshots","2008","94 mins","Biography; Comedy; Drama; Family; Sports","No","","0","DVD","PG"
"Look Who's Talking","1989","93 mins","Comedy","No","","0","Vudu","PG-13"
"Looking Glass","2018","103 mins","Mystery; Thriller","No","","0","Vudu","R"
"Looney Tunes: Back in Action","2003","91 mins","Adventure; Animation; Comedy; Family","No","","0","Vudu","PG"
"Looney Tunes: Rabbits Run","2015","74 mins","Adventure; Animation; Comedy; Family; Musical","No","","0","Vudu","TV-PG"
"The Looney, Looney, Looney Bugs Bunny Movie","1981","79 mins","Animation; Comedy; Crime; Family; Music; Western","No","","0","Vudu","G"
"Looper","2012","119 mins","Action; Drama; Science Fiction; Thriller","No","","0","Vudu","R"
"The Lorax","2012","86 mins","Animation; Children; Family","No","","0","Blu-ray","PG"
"The Lord of the Rings: The Fellowship of the Ring","2001","178 mins","Action; Adventure; Drama; Fantasy","No","","0","Vudu","PG-13"
"The Lord of the Rings: The Two Towers","2002","179 mins","Action; Adventure; Drama; Fantasy","No","","0","Vudu","PG"
"The Lord of the Rings: The Return of the King","2003","201 mins","Action; Adventure; Drama; Fantasy","No","","0","Vudu","PG-13"
"The Lord Of The Rings: Animated Collection","1978","128 mins","Adventure; Animation; Children; Fantasy","No","","0","",""
"Lord Of War","2005","122 mins","Crime; Drama","No","","0","Vudu","R"
"Losin' It","1982","100 mins","Comedy; Drama","No","","0","DVD","R"
"The Lost City","2022","92 mins","Action; Adventure; Comedy; Romance","No","","0","Vudu","PG-13"
"Lost Horizon","1937","132 mins","Adventure; Drama; Fantasy; Mystery","No","","0","Vudu","US - Approved"
"Lost in Space","1998","130 mins","Action; Adventure; Family; Science Fiction; Thriller","No","","0","Vudu","PG-13"
"Lost In Space: Season 1","1965","1421 mins","Adventure; Comedy; Family; Fantasy; Science Fiction","Yes","Lost In Space","30","Vudu","TV-PG"
"Lost In Space: Season 2","1966","1800 mins","Adventure; Comedy; Family; Fantasy; Science Fiction","Yes","Lost In Space","30","Vudu","TV-PG"
"Lost In Space: Season 3","1967","1440 mins","Adventure; Comedy; Family; Fantasy; Science Fiction","Yes","Lost In Space","24","Vudu","TV-PG"
"Love Actually","2003","135 mins","Comedy; Drama; Romance","No","","0","Vudu","R"
"The Love Bug","1968","108 mins","Action; Adventure; Family","No","","0","Vudu","G"
"Love Story","1970","100 mins","Drama; Romance","No","","0","Vudu","PG"
"The Lovely Bones","2009","135 mins","Drama; Fantasy; Thriller","No","","0","Vudu","PG-13"
"Luca","2021","95 mins","Adventure; Animation; Comedy; Family; Fantasy","No","","0","Vudu","PG"
"Lucy","2014","90 mins","Action; Science Fiction; Thriller","No","","0","Vudu","R"
"Lumber Jack-Rabbit","1953","7 mins","Animation; Comedy; Family","No","","0","","US - Approved"
"Lust for Gold","1949","90 mins","Romance; Western","No","","0","Vudu","US - Approved"
"Lyle, Lyle, Crocodile","2022","80 mins","Adventure; Animation; Comedy; Family; Fantasy; Musical","No","","0","Vudu","PG"
"M3GAN","2022","102 mins","Horror; Science Fiction; Thriller","No","","0","Vudu","PG-13"
"Mad Max","1979","88 mins","Action; Adventure; Science Fiction; Thriller","No","","0","Vudu","R"
"Mad Max Beyond Thunderdome","1985","107 mins","Action; Adventure; Science Fiction","No","","0","Vudu","PG-13"
"Mad Max: Fury Road","2015","120 mins","Action; Adventure; Science Fiction; Thriller","No","","0","Vudu","R"
"Madagascar","2005","86 mins","Adventure; Animation; Comedy","No","","0","Vudu","PG"
"Madagascar: Escape 2 Africa","2008","89 mins","Adventure; Animation; Comedy; Family","No","","0","Vudu","PG"
"Madagascar 3","2012","93 mins","Adventure; Animation; Comedy; Family","No","","0","Vudu","PG"
"Made","2001","95 mins","Comedy; Crime; Drama","No","","0","Vudu","R"
"Made of Honor","2008","101 mins","Comedy; Romance","No","","0","Vudu","R"
"A Madea Family Funeral","2019","109 mins","Comedy; Drama","No","","0","Vudu","PG-13"
"Madea Goes to Jail","2009","103 mins","Comedy; Crime; Drama","No","","0","Vudu","PG-13"
"Madea's Big Happy Family","2011","106 mins","Comedy; Drama","No","","0","Vudu","PG-13"
"Madea's Family Reunion","2006","107 mins","Comedy; Drama; Romance","No","","0","Vudu","PG-13"
"Madea's Witness Protection","2012","114 mins","Comedy; Crime; Drama","No","","0","Vudu","PG-13"
"Major League","1989","107 mins","Comedy; Sports","No","","0","Vudu","R"
"Major Payne","1995","95 mins","Comedy; Family","No","","0","Vudu","PG-13"
"Make Mine Music","1946","75 mins","Adventure; Animation; Comedy; Family; Music; Musical","No","","0","","US - Approved"
"Maleficent","2013","97 mins","Action; Adventure; Family; Fantasy; Romance","No","","0","Vudu","PG"
"The Maltese Falcon","1941","100 mins","Crime; Film Noir; Mystery; Romance","No","","0","Vudu","US - Approved"
"Mama's Family: Season 1","1983","390 mins","Comedy","Yes","Mama's Family","13","Vudu","TV-PG"
"Mama's Family: Season 2","1984","660 mins","Comedy","Yes","Mama's Family","22","Vudu","TV-PG"
"Mama's Family: Season 3","1986","750 mins","Comedy","Yes","Mama's Family","25","Vudu","TV-PG"
"Mama's Family: Season 4","1988","750 mins","Comedy","Yes","Mama's Family","25","Vudu","TV-PG"
"Mama's Family: Season 5","1989","750 mins","Comedy","Yes","Mama's Family","25","Vudu","TV-PG"
"Mama's Family: Season 6","1989","600 mins","Comedy","Yes","Mama's Family","20","Vudu","TV-PG"
"A Man Called Otto","2022","126 mins","Comedy; Drama","No","","0","Vudu","PG-13"
"A Man for All Seasons","1966","120 mins","Biography; Drama; History","No","","0","Vudu","G"
"The Man from Laramie","1955","103 mins","Western","No","","0","Vudu","US - Approved"
"The Man From U.N.C.L.E.","2015","116 mins","Action; Adventure; Comedy","No","","0","Vudu","PG-13"
"The Man in the Iron Mask","1998","132 mins","Action; Adventure; Drama","No","","0","Vudu","PG-13"
"The Man in the Moon","1991","99 mins","Drama; Romance","No","","0","Vudu","PG-13"
"Man of the West","1958","100 mins","Western","No","","0","Vudu","US - Approved"
"Man on Fire","2004","146 mins","Action; Crime; Drama; Thriller","No","","0","Vudu","R"
"The Man Who Knew Too Much","1956","120 mins","Drama; Thriller","No","","0","Vudu","PG"
"The Man Who Loved Women","1983","110 mins","Comedy; Drama; Romance","No","","0","Vudu","R"
"The Man Who Shot Liberty Valance","1962","123 mins","Action; Adventure; Western","No","","0","VHS; Vudu","US - Approved"
"The Man with Nine Lives","1940","74 mins","Horror; Mystery; Science Fiction","No","","0","Vudu","US - Approved"
"The Man with the Iron Fists","2012","95 mins","Action","No","","0","Vudu","R"
"Maneater","2022","87 mins","Action; Horror; Thriller","No","","0","Vudu","R"
"Maneater","2022","87 mins","Action; Horror; Thriller","No","","0","","R"
"The Many Adventures Of Winnie The Pooh","1977","74 mins","Animation; Family; Musical","No","","0","Vudu","G"
"Marathon Man","1976","125 mins","Crime; Drama; Thriller","No","","0","Vudu","R"
"March Of The Penguins","2005","85 mins","Documentary; Family","No","","0","Vudu","G"
"Margin Call","2011","107 mins","Drama; Thriller","No","","0","Vudu","R"
"El Mariachi","1992","81 mins","Action; Crime; Thriller","No","","0","Vudu","R"
"The Marine","2006","92 mins","Action; Comedy; Drama; Thriller","No","","0","Vudu","PG-13"
"The Marine 2","2009","95 mins","Action; Drama; Thriller","No","","0","Vudu","R"
"The Marine 3: Homefront","2013","86 mins","Action; Thriller","No","","0","Vudu","R"
"The Marine 4: Moving Target","2015","90 mins","Action; Crime; Drama; Thriller","No","","0","Vudu","R"
"Marley & Me","2008","115 mins","Comedy; Drama; Family","No","","0","Vudu","PG"
"Marnie","1964","130 mins","Crime; Drama; Mystery; Romance; Thriller","No","","0","Vudu","PG"
"Marry Me","2022","112 mins","Comedy; Music; Romance","No","","0","Vudu","PG-13"
"Mars Attacks!","1996","106 mins","Comedy; Science Fiction","No","","0","Vudu","PG-13"
"The Martian","2015","144 mins","Adventure; Drama; Science Fiction","No","","0","Vudu","PG-13"
"Marty","1955","90 mins","Drama; Romance","No","","0","Vudu","US - Approved"
"Mary Poppins","1965","139 mins","Comedy; Family; Musical","No","","0","Vudu","G"
"The Mask","1994","101 mins","Action; Comedy; Crime; Fantasy","No","","0","Vudu","PG"
"The Mask of Zorro","1998","136 mins","Action; Adventure; Comedy; Romance; Thriller; Western","No","","0","Vudu","PG-13"
"Master And Commander","2003","138 mins","Action; Adventure; Drama; History; War","No","","0","DVD","PG-13"
"Mater's Tall Tales","2010","38 mins","Adventure; Animation; Children; Comedy; Family","No","Mater's Tall Tales","0","Blu-ray","TV-G"
"The Matrix","1999","136 mins","Action; Science Fiction","No","","0","Vudu","R"
"The Matrix Reloaded","2003","138 mins","Action; Science Fiction","No","","0","Vudu","R"
"The Matrix Revolutions","2003","129 mins","Action; Science Fiction","No","","0","Vudu","R"
"The Matrix Resurrections","2021","148 mins","Action; Science Fiction","No","","0","Vudu","R"
"Max Payne","2008","100 mins","Action; Crime; Drama; Thriller","No","","0","DVD; Vudu","R"
"Maximum Risk","1996","101 mins","Action; Crime; Thriller","No","","0","Vudu","R"
"The Maze Runner","2014","113 mins","Action; Mystery; Science Fiction; Thriller","No","","0","Vudu","PG-13"
"The Maze Runner: The Death Cure","2018","143 mins","Action; Adventure; Fantasy; Mystery; Science Fiction; Thriller","No","","0","Vudu","PG-13"
"Me, Myself & Irene","2000","116 mins","Comedy","No","","0","Vudu","R"
"Mean Girls","2004","97 mins","Comedy","No","","0","Vudu","PG-13"
"Meatballs","1979","94 mins","Comedy","No","","0","","PG"
"Meatballs Part II","1984","87 mins","Comedy","No","","0","Vudu","PG"
"The Mechanic","2011","93 mins","Action; Crime; Thriller","No","","0","Vudu","R"
"Mechanic: Resurrection","2016","98 mins","Action; Adventure; Thriller","No","","0","Vudu","R"
"Meet Me in St. Louis","1944","113 mins","Comedy; Drama; Family; Musical; Romance","No","","0","Vudu","US - Approved"
"Meet The Fockers","2004","115 mins","Comedy","No","","0","Vudu","PG-13"
"Meet The Muppets","1994","35 mins","Comedy; Musical","No","","0","DVD","TV-G"
"Meet The Parents","2000","108 mins","Comedy","No","","0","Vudu","PG-13"
"Meet The Robinsons","2007","102 mins","Animation; Comedy; Science Fiction","No","","0","Vudu","G"
"The Meg","2018","113 mins","Action; Horror; Science Fiction; Thriller","No","","0","Vudu","PG-13"
"Meg 2: The Trench","2023","116 mins","Action; Adventure; Horror; Science Fiction; Thriller","No","","0","Vudu","PG-13"
"Megamind","2010","95 mins","Animation; Comedy; Family","No","","0","Vudu","PG"
"Megan 2.0","2024","13 mins","Horror; Science Fiction","No","","0","Vudu",""
"Melody Time","1948","75 mins","Animation; Comedy; Family; Musical","No","","0","","US - Approved"
"Men In Black","1997","98 mins","Action; Comedy; Science Fiction","No","","0","Vudu","PG-13"
"Men In Black II","2002","88 mins","Action; Comedy; Science Fiction","No","","0","Vudu","PG-13"
"Men In Black 3","2012","106 mins","Action; Comedy; Science Fiction","No","","0","Vudu","PG-13"
"Men In Black: International","2019","114 mins","Action; Adventure; Comedy; Science Fiction","No","","0","Vudu","PG-13"
"Mercury Rising","1998","111 mins","Action; Crime; Drama; Thriller","No","","0","Vudu","R"
"The Mexican","2001","123 mins","Adventure; Comedy; Crime; Romance","No","","0","Vudu","R"
"Miami Vice","2006","132 mins","Action; Crime; Thriller","No","","0","Vudu","R"
"Michael Clayton","2007","119 mins","Crime; Drama; Mystery; Thriller","No","","0","Vudu","R"
"Michael W. Smith: Live In Concert: A 20 Year Celebration","2004","100 mins","Music","No","","0","DVD","US - Approved"
"Michael W. Smith: Worship","2001","66 mins","Music","No","","0","DVD","US - Approved"
"Mickey Mouse Clubhouse: Mickey Saves Santa","2006","60 mins","Animation","No","Mickey Mouse Clubhouse","0","DVD","TV-G"
"Mickey, Donald, Goofy: The Three Musketeers","2004","68 mins","Adventure; Animation; Comedy; Family; Musical; Romance","No","","0","Vudu","G"
"Mickey's Christmas Carol","1983","25 mins","Animation; Family; Fantasy","No","","0","Vudu","G"
"Mickey's Delayed Date","1947","7 mins","Animation; Comedy; Family; Romance","No","","0","Vudu","US - Approved"
"Mickey's Great Clubhouse Hunt","2007","71 mins","Animation; Children; Family","No","","0","DVD","TV-G"
"Mickey's Magical Christmas: Snowed In At The House Of Mouse","2001","65 mins","Adventure; Animation; Comedy; Family; Fantasy; Music","No","","0","Vudu","TV-G"
"Mickey's Once Upon a Christmas","1999","66 mins","Animation; Comedy; Family; Fantasy","No","","0","DVD; Vudu","G"
"Mickey's Twice Upon a Christmas","2004","68 mins","Animation; Comedy; Family; Fantasy","No","","0","","G"
"Midnight Cowboy","1969","113 mins","Drama","No","","0","Vudu","R"
"Midnight Express","1978","121 mins","Biography; Crime; Drama; Thriller","No","","0","Vudu","R"
"The Midnight Meat Train","2008","100 mins","Horror; Mystery; Thriller","No","","0","Vudu","R"
"Midnight Run","1988","126 mins","Action; Comedy; Crime; Thriller","No","","0","Vudu","R"
"Midway","2019","138 mins","Action; Drama; History; War","No","","0","Vudu","PG-13"
"Mighty Morphin Power Rangers: The Movie","1995","95 mins","Action; Adventure; Family","No","","0","DVD","PG"
"Migration","2023","83 mins","Adventure; Animation; Comedy; Family","No","","0","Vudu","PG"
"Mildred Pierce","1945","111 mins","Crime; Drama; Film Noir; Mystery; Romance","No","","0","Vudu","US - Approved"
"Million Dollar Arm","2014","124 mins","Biography; Drama; Sports","No","","0","Blu-ray","PG"
"Million Dollar Baby","2004","132 mins","Drama; Sports","No","","0","Vudu","PG-13"
"The Million Dollar Duck","1971","89 mins","Comedy; Family; Science Fiction","No","","0","Vudu","G"
"The Million Hare","1963","7 mins","Animation; Comedy; Family","No","","0","","US - Approved"
"A Minecraft Movie","2025","101 mins","Action; Adventure; Comedy; Family; Fantasy","No","","0","Vudu","PG"
"Minions","2015","90 mins","Adventure; Animation; Comedy; Family; Fantasy","No","","0","Vudu","PG"
"Minions: The Rise of Gru","2022","87 mins","Adventure; Animation; Comedy; Crime; Family; Science Fiction","No","","0","Vudu","PG"
"The Ministry Of Ungentlemanly Warfare","2024","120 mins","Action; Comedy; War","No","","0","Vudu","R"
"Minority Report","2002","145 mins","Action; Crime; Mystery; Science Fiction; Thriller","No","","0","","PG-13"
"Miracle On 34th Street","1947","96 mins","Comedy; Drama; Family","No","","0","Vudu","US - Approved"
"The Miracle Worker","1962","106 mins","Biography; Drama","No","","0","Vudu","US - Approved"
"Les Misérables","2012","158 mins","Drama; History; Musical; Romance; War","No","","0","Vudu","PG-13"
"The Misfits","1961","125 mins","Drama; Romance; Western","No","","0","Vudu","US - Approved"
"Miss Congeniality","2000","111 mins","Action; Comedy; Romance","No","","0","Vudu","PG-13"
"Miss Congeniality 2: Armed & Fabulous","2005","115 mins","Action; Comedy; Crime","No","","0","Vudu","PG-13"
"Missing","2023","111 mins","Drama; Thriller","No","","0","Vudu","PG-13"
"Mission: Impossible","1996","110 mins","Action; Adventure; Thriller","No","","0","Vudu","PG-13"
"Mission: Impossible II","2000","123 mins","Action; Adventure; Thriller","No","","0","Vudu","PG-13"
"Mission: Impossible III","2006","126 mins","Action; Adventure; Thriller","No","","0","Vudu","PG-13"
"Mission: Impossible - Ghost Protocol","2011","132 mins","Action; Adventure; Thriller","No","","0","Vudu","PG-13"
"Mission: Impossible - Rogue Nation","2015","131 mins","Action; Adventure; Thriller","No","","0","Vudu","PG-13"
"Mission: Impossible - Fallout","2018","147 mins","Action; Adventure; Thriller","No","","0","Vudu","PG-13"
"Mission: Impossible - Dead Reckoning Part One","2023","163 mins","Action; Adventure; Thriller","No","","0","Vudu","PG-13"
"Mission: Impossible - The Final Reckoning","2025","169 mins","Action; Adventure; Thriller","No","","0","Vudu","PG-13"
"Mission: Impossible: Season 1","1966","1680 mins","Action; Adventure; Crime; Drama; Thriller","Yes","Mission: Impossible","28","Vudu","TV-PG"
"Mission: Impossible: Season 2","1967","1500 mins","Action; Adventure; Crime; Drama; Thriller","Yes","Mission: Impossible","25","Vudu","TV-PG"
"Mission: Impossible: Season 3","1968","1500 mins","Action; Adventure; Crime; Drama; Thriller","Yes","Mission: Impossible","25","Vudu","TV-PG"
"Mission: Impossible: Season 4","1969","1550 mins","Action; Adventure; Crime; Drama; Thriller","Yes","Mission: Impossible","26","Vudu","TV-PG"
"Mission: Impossible: Season 5","1970","1380 mins","Action; Adventure; Crime; Drama; Thriller","Yes","Mission: Impossible","23","Vudu","TV-PG"
"Mission: Impossible: Season 6","1971","1320 mins","Action; Adventure; Crime; Drama; Thriller","Yes","Mission: Impossible","22","Vudu","TV-PG"
"Mission: Impossible: Season 7","1972","2620 mins","Action; Adventure; Crime; Drama; Thriller","Yes","Mission: Impossible","22","Vudu","TV-PG"
"The Mist","2007","126 mins","Horror; Science Fiction; Thriller","No","","0","","R"
"Moana","2016","107 mins","Adventure; Animation; Comedy; Family; Fantasy; Musical","No","","0","Vudu","PG"
"Moana 2","2024","100 mins","Adventure; Animation; Comedy; Family; Fantasy; Musical","No","","0","Vudu","PG"
"Modern Family: Season 1","2009","506 mins","Comedy; Drama; Romance","Yes","Modern Family","24","Vudu","TV-PG"
"Modern Family: Season 2","2010","720 mins","Comedy; Drama; Romance","Yes","Modern Family","24","Vudu","TV-PG"
"Modern Family: Season 3","2011","508 mins","Comedy; Drama; Romance","Yes","Modern Family","24","Vudu","TV-PG"
"Modern Family: Season 4","2012","526 mins","Comedy; Drama; Romance","Yes","Modern Family","24","Vudu","TV-PG"
"Modern Family: Season 5","2013","513 mins","Comedy; Drama; Romance","Yes","Modern Family","24","Vudu","TV-PG"
"Modern Family: Season 6","2014","517 mins","Comedy; Drama; Romance","Yes","Modern Family","24","Vudu","TV-PG"
"Modern Family: Season 7","2015","467 mins","Comedy; Drama; Romance","Yes","Modern Family","22","Vudu","TV-PG"
"Modern Family: Season 8","2016","461 mins","Comedy; Drama; Romance","Yes","Modern Family","22","Vudu","TV-PG"
"Modern Family: Season 9","2017","462 mins","Comedy; Drama; Romance","Yes","Modern Family","22","Vudu","TV-PG"
"Modern Family: Season 10","2018","462 mins","Comedy; Drama; Romance","Yes","Modern Family","22","Vudu","TV-PG"
"Modern Family: Season 11","2020","397 mins","Comedy; Drama; Romance","Yes","Modern Family","18","Vudu","TV-PG"
"Modern Romance","1981","93 mins","Comedy; Romance","No","","0","Vudu","R"
"Mom And Dad","2017","86 mins","Comedy; Horror; Thriller","No","","0","Vudu","R"
"Moms' Night Out","2014","98 mins","Comedy","No","","0","Vudu","PG"
"Money from Home","1953","100 mins","Comedy; Musical; Romance","No","","0","Vudu","US - Approved"
"The Money Pit","1986","91 mins","Comedy","No","","0","Vudu","PG"
"Money Train","1995","105 mins","Action; Comedy; Crime; Drama; Thriller","No","","0","Vudu","R"
"Mongolian Death Worm","2010","90 mins","Action; Adventure; Comedy; Horror; Science Fiction; Thriller","No","","0","Vudu","TV-14"
"Monster House","2006","86 mins","Adventure; Animation; Family","No","","0","Vudu","PG"
"Monster Trucks","2016","104 mins","Action; Adventure; Animation; Comedy; Family; Science Fiction","No","","0","Vudu","PG"
"Monsters Resurrected","2009","258 mins","Documentary","Yes","Monsters Resurrected","7","DVD","US - Approved"
"Monsters University","2013","104 mins","Adventure; Animation; Comedy; Family; Fantasy","No","","0","Vudu","G"
"Monsters Vs. Aliens","2009","94 mins","Animation; Science Fiction","No","","0","Vudu","PG"
"Monsters, Inc.","2001","92 mins","Animation; Comedy; Family","No","","0","Vudu","G"
"Monty Python and the Holy Grail","1975","91 mins","Adventure; Comedy; Fantasy","No","","0","DVD","PG"
"The Monuments Men","2014","118 mins","Comedy; Drama; War","No","","0","Vudu","PG-13"
"Moonfall","2022","120 mins","Action; Adventure; Science Fiction","No","","0","Vudu","PG-13"
"Moonstruck","1987","102 mins","Comedy; Drama; Romance","No","","0","Vudu","PG"
"Morbius","2022","104 mins","Action; Adventure; Horror; Science Fiction; Thriller","No","","0","Vudu","PG-13"
"The More the Merrier","1943","104 mins","Comedy","No","","0","Vudu","US - Approved"
"Mortal Kombat","1995","101 mins","Action; Adventure; Fantasy","No","","0","Vudu","PG-13"
"Moscow on the Hudson","1984","115 mins","Comedy; Drama; Romance","No","","0","Vudu","R"
"Mousehunt","1997","98 mins","Comedy","No","","0","","PG"
"Mr. & Mrs. Smith","2005","120 mins","Action; Comedy; Crime; Thriller","No","","0","Vudu","PG-13"
"Mr. Deeds Goes to Town","1936","115 mins","Comedy; Drama; Romance","No","","0","Vudu","US - Approved"
"Mr. Holland's Opus","1995","143 mins","Drama; Music","No","","0","Vudu","PG"
"Mr. Magorium's Wonder Emporium","2007","93 mins","Comedy; Family; Fantasy","No","","0","DVD","G"
"Mr. Mouse Takes a Trip","1940","8 mins","Adventure; Animation; Comedy; Family","No","","0","Vudu","US - Approved"
"Mr. Peabody And Sherman","2014","93 mins","Adventure; Animation; Family","No","","0","Vudu","PG"
"Mr. Popper's Penguins","2011","94 mins","Comedy; Family; Fantasy","No","","0","Vudu","PG"
"Mr. Smith Goes to Washington","1939","129 mins","Comedy; Drama","No","","0","Vudu","US - Approved"
"Mr. Toad's Wild Ride","1996","","Adventure; Animation; Comedy; Family","No","","0","DVD","US - Approved"
"Mrs. Doubtfire","1993","125 mins","Comedy; Drama; Family","No","","0","Vudu","PG-13"
"Mud","2012","130 mins","Adventure; Drama","No","","0","Vudu","PG-13"
"Mufasa: The Lion King","2024","118 mins","Adventure; Animation; Drama; Family; Fantasy; Musical","No","","0","Vudu","PG"
"Mulan","2020","120 mins","Action; Adventure; Drama; Family; Fantasy","No","","0","Vudu","PG-13"
"Mulan","1998","88 mins","Adventure; Animation; Family; Fantasy; Musical; War","No","","0","Vudu","G"
"Mulan","1998","167 mins","Adventure; Animation; Comedy; Drama; Family; Musical","No","","0","Vudu","G"
"Mulberry St","2006","84 mins","Horror; Science Fiction; Thriller","No","","0","DVD","R"
"The Mummy","1999","124 mins","Action; Adventure; Fantasy","No","","0","","PG-13"
"The Mummy Returns","2001","130 mins","Action; Adventure; Fantasy; Thriller","No","","0","","PG-13"
"The Mummy: Tomb Of The Dragon Emperor","2008","112 mins","Action; Adventure; Fantasy","No","","0","","PG-13"
"The Muppet Christmas Carol","1992","85 mins","Family; Fantasy; Musical","No","","0","Vudu","G"
"It's A Very Merry Muppet Christmas Movie","2002","100 mins","Adventure; Comedy; Family; Fantasy; Musical","No","","0","Vudu","TV-G"
"The Muppet Movie","1979","95 mins","Comedy; Family; Musical","No","","0","Vudu","G"
"The Muppets Take Manhattan","1984","94 mins","Comedy; Family; Musical","No","","0","Vudu","G"
"The Muppet Show: Season 1","1976","604 mins","Comedy","Yes","The Muppet Show","24","DVD","TV-G"
"The Muppet Show: Season 2","1977","612 mins","Comedy; Family","Yes","The Muppet Show","24","DVD","TV-G"
"The Muppet Show: Season 3","1978","612 mins","Children; Comedy; Family","Yes","The Muppet Show","24","DVD","TV-G"
"Muppet Treasure Island","1996","99 mins","Action; Adventure; Comedy; Family; Musical; Romance","No","","0","Vudu","G"
"The Muppets","2011","103 mins","Comedy; Family; Musical","No","","0","Vudu","PG"
"Muppets Most Wanted","2014","107 mins","Adventure; Comedy; Crime; Family; Musical","No","","0","Vudu","PG"
"A Muppets Christmas: Letters to Santa","2008","60 mins","Comedy; Family; Music","No","","0","Vudu","G"
"Muppets From Space","1999","87 mins","Adventure; Comedy; Family","No","","0","Vudu","G"
"The Muppets' Wizard of Oz","2005","120 mins","Adventure; Comedy; Family; Fantasy; Musical","No","","0","Vudu","TV-PG"
"The Muppets: Season 1","2015","350 mins","Comedy; Family","Yes","The Muppets","17","Vudu","TV-PG"
"Murder by Death","1976","95 mins","Comedy; Crime; Mystery; Thriller","No","","0","Vudu","PG"
"Murder by Numbers","2002","115 mins","Crime; Mystery; Thriller","No","","0","Vudu","R"
"Murder On The Orient Express","2017","114 mins","Crime; Drama; Mystery; Thriller","No","","0","Vudu","PG-13"
"The Music Man","1962","151 mins","Comedy; Family; Musical; Romance","No","","0","Vudu","G"
"Mutiny on the Bounty","1962","178 mins","Adventure; Drama; History; Romance","No","","0","Vudu","US - Approved"
"My Big Fat Greek Wedding","2002","95 mins","Comedy; Drama; Romance","No","","0","Vudu","PG"
"My Big Fat Greek Wedding 2","2016","94 mins","Comedy; Romance","No","","0","Vudu","PG-13"
"My Big Fat Greek Wedding 3","2023","92 mins","Comedy; Drama; Romance","No","","0","Vudu","PG-13"
"My Fair Lady","1964","170 mins","Drama; Family; Musical; Romance","No","","0","Vudu","G"
"My Girl","1991","102 mins","Comedy; Drama; Family; Romance","No","","0","Vudu","PG"
"My Wife And Kids: Season 1","2001","241 mins","Comedy; Family","Yes","My Wife and Kids","12","Vudu","TV-PG"
"My Wife and Kids: Season 2","2002","870 mins","Comedy; Family","Yes","My Wife and Kids","29","Vudu","TV-PG"
"My Wife and Kids: Season 3","2002","810 mins","Comedy; Family","Yes","My Wife and Kids","27","Vudu","TV-PG"
"My Wife and Kids: Season 4","2004","900 mins","Comedy; Family","Yes","My Wife and Kids","30","Vudu","TV-PG"
"My Wife and Kids: Season 5","2004","780 mins","Comedy; Family","Yes","My Wife and Kids","27","Vudu","TV-PG"
"Mystic River","2003","138 mins","Crime; Drama; Mystery; Thriller","No","","0","Vudu","R"
"Nacho Libre","2006","92 mins","Comedy; Family; Sports","No","","0","Vudu","PG"
"The Naked Gun","2025","85 mins","Action; Comedy; Crime","No","","0","Vudu","PG-13"
"The Naked Gun 2½: The Smell of Fear","1991","85 mins","Comedy; Crime","No","","0","Vudu","PG-13"
"Naked Gun 33 1/3: The Final Insult","1994","83 mins","Comedy; Crime","No","","0","Vudu","PG-13"
"The Naked Gun: From the Files of Police Squad!","1988","85 mins","Comedy; Crime","No","","0","Vudu","PG-13"
"Nanny McPhee","2005","97 mins","Comedy; Family; Fantasy","No","","0","Vudu","PG"
"Napoleon Bunny-Part","1956","7 mins","Animation; Comedy; Family","No","","0","","US - Approved"
"Napoleon Dynamite","2004","94 mins","Comedy","No","","0","Vudu","PG"
"Nashville","1975","160 mins","Comedy; Drama; Music","No","","0","Vudu","R"
"Nate Bargatze: Full Time Magic","2015","64 mins","Comedy","No","","0","Vudu","TV-14"
"National Geographic Kids: Really Wild Animals: Deep Sea Dive","1994","45 mins","Children; Family","No","","0","DVD","US - Approved"
"National Lampoon's Christmas Vacation","1989","97 mins","Comedy","No","","0","Vudu","PG-13"
"National Treasure","2004","131 mins","Action; Adventure; Mystery; Thriller","No","","0","Vudu","PG"
"National Treasure: Book Of Secrets","2007","124 mins","Action; Adventure; Mystery; Thriller","No","","0","Vudu","PG"
"The Nativity Story","2006","101 mins","Drama; Family","No","","0","Vudu","PG"
"The Natural","1984","138 mins","Drama; Sports","No","","0","Vudu","PG"
"Natural Born Killers","1994","119 mins","Action; Crime; Romance","No","","0","Vudu","R"
"Need For Speed","2014","130 mins","Action; Crime; Drama; Thriller","No","","0","Vudu","PG-13"
"The Negotiator","1998","134 mins","Action; Mystery; Thriller","No","","0","Vudu","R"
"Neighbors","1981","94 mins","Comedy","No","","0","Vudu","R"
"Nerve","2016","96 mins","Action; Adventure; Crime; Drama; Thriller","No","","0","Vudu","PG-13"
"The Net","1995","114 mins","Action; Crime; Drama; Mystery; Thriller","No","","0","Vudu","PG-13"
"The Net 2.0","2006","93 mins","Crime; Drama; Mystery; Thriller","No","","0","Vudu","R"
"The Neverending Story","1984","102 mins","Adventure; Drama; Family; Fantasy","No","","0","Vudu","PG"
"The New Mutants","2020","94 mins","Action; Horror; Mystery; Science Fiction","No","","0","Vudu","PG-13"
"Newsboys: Shine: The Hits Live: One Night In Pennsylvania","2000","90 mins","Music","No","","0","DVD","US - Approved"
"The Next Karate Kid","1994","107 mins","Action; Drama; Family; Romance; Sports","No","","0","Vudu","PG"
"The Next Three Days","2010","133 mins","Action; Crime; Drama; Romance; Thriller","No","","0","Vudu","PG-13"
"The Nice Guys","2016","116 mins","Action; Comedy; Crime; Thriller","No","","0","Vudu","R"
"Nicholas Nickleby","2002","132 mins","Adventure; Drama; Romance","No","","0","Vudu","PG"
"Nicktoons: Christmas: Tales Of Good Tidings","2002","","Animation","No","","0","DVD","G"
"Night At The Museum","2006","108 mins","Action; Comedy; Family; Fantasy","No","","0","Vudu","PG"
"Night At The Museum: Secret Of The Tomb","2014","98 mins","Adventure; Comedy; Family; Fantasy","No","","0","Vudu","PG"
"Night At The Museum: Battle Of The Smithsonian","2009","105 mins","Action; Adventure; Comedy","No","","0","Vudu","PG"
"Night Crossing","1982","107 mins","Drama; Family; History; Thriller","No","","0","Vudu","PG"
"Night of the Creeps","1986","88 mins","Comedy; Horror; Science Fiction","No","","0","Vudu","R"
"The Night of the Hunter","1955","92 mins","Crime; Drama; Film Noir; Thriller","No","","0","Vudu","US - Approved"
"The Nightmare Before Christmas","1993","76 mins","Animation; Fantasy; Musical","No","","0","Vudu","PG"
"A Nightmare on Elm Street","1984","91 mins","Horror","No","","0","Vudu","R"
"No Country For Old Men","2007","122 mins","Crime; Drama; Thriller","No","","0","Vudu","R"
"No Parking Hare","1954","7 mins","Animation; Comedy; Family","No","","0","","US - Approved"
"Nobody 2","2025","89 mins","Action; Comedy; Crime; Thriller","No","","0","Vudu","R"
"Norm Of The North","2016","90 mins","Adventure; Animation; Comedy; Drama; Family","No","","0","Vudu","PG"
"The Northman","2022","137 mins","Action; Adventure; Drama; Fantasy; History; Thriller","No","","0","Vudu","R"
"Nosferatu","1922","94 mins","Fantasy; Horror","No","","0","","US - Not Rated"
"The Notebook","2004","123 mins","Drama; Romance","No","","0","Vudu","PG-13"
"Notting Hill","1999","124 mins","Comedy; Drama; Romance","No","","0","Vudu","PG-13"
"Nova: Why The Towers Fell","2002","56 mins","Documentary","No","NOVA","0","DVD","TV-PG"
"Now and Forever","1934","81 mins","Drama; Music; Romance","No","","0","DVD","US - Approved"
"Now You See Him, Now You Don't","1972","88 mins","Comedy; Family; Science Fiction","No","","0","DVD","G"
"Now You See Me","2013","115 mins","Crime; Mystery; Thriller","No","","0","Vudu","PG-13"
"Now You See Me 2","2016","129 mins","Action; Adventure; Comedy; Crime; Mystery; Thriller","No","","0","Vudu","PG-13"
"Now You See Me: Now You Don't","2025","113 mins","Crime; Thriller","No","","0","","PG-13"
"Now, Hare This","1958","7 mins","Animation; Comedy; Family","No","","0","","US - Approved"
"Anthem of a Teenage Prophet","2018","102 mins","Drama","No","","0","Blu-ray","TV-MA"
"The Nun","2018","96 mins","Horror; Mystery; Thriller","No","","0","Vudu","R"
"The Nutcracker in 3D","2010","110 mins","Action; Family; Fantasy; Musical","No","","0","DVD","PG"
"The Nutty Professor","1963","107 mins","Comedy; Romance; Science Fiction","No","","0","Vudu","US - Approved"
"The Nutty Professor","1996","95 mins","Comedy; Romance; Science Fiction","No","","0","Vudu","PG-13"
"O Brother, Where Art Thou?","2000","107 mins","Adventure; Comedy; Crime; Music","No","","0","Vudu","PG-13"
"The Object of Beauty","1991","103 mins","Comedy; Crime; Drama","No","","0","Vudu","R"
"Ocean's 8","2018","110 mins","Action; Comedy; Crime; Thriller","No","","0","Vudu","PG-13"
"Ocean's Eleven","2001","116 mins","Crime; Thriller","No","","0","Vudu","PG-13"
"Ocean's Twelve","2004","125 mins","Crime; Thriller","No","","0","Vudu","PG-13"
"Ocean's Thirteen","2007","122 mins","Action; Crime; Thriller","No","","0","Vudu","PG-13"
"Odds Against Tomorrow","1959","96 mins","Crime; Drama; Thriller","No","","0","Vudu","US - Approved"
"Of Mice and Men","1992","115 mins","Drama; Western","No","","0","Vudu","PG-13"
"The Office: Season 1","2005","135 mins","Comedy","Yes","The Office (US)","6","Vudu","TV-14"
"The Office: Season 2","2005","477 mins","Comedy","Yes","The Office (US)","22","Vudu","TV-14"
"The Office: Season 3","2006","574 mins","Comedy","Yes","The Office (US)","23","Vudu","TV-14"
"The Office: Season 4","2007","404 mins","Comedy","Yes","The Office (US)","14","Vudu","TV-14"
"The Office: Season 5","2008","586 mins","Comedy","Yes","The Office (US)","26","Vudu","TV-14"
"The Office: Season 6","2009","604 mins","Comedy","Yes","The Office (US)","26","Vudu","TV-14"
"The Office: Season 7","2010","586 mins","Comedy","Yes","The Office (US)","27","Vudu","TV-14"
"The Office: Season 8","2011","530 mins","Comedy","Yes","The Office (US)","24","Vudu","TV-14"
"The Office: Season 9","2012","595 mins","Comedy","Yes","The Office (US)","23","Vudu","TV-14"
"Office Space","1999","90 mins","Comedy","No","","0","Vudu","R"
"An Officer and a Gentleman","1982","124 mins","Drama; Romance","No","","0","Vudu","R"
"The Old Grey Hare","1944","8 mins","Animation; Comedy; Family; Science Fiction","No","","0","",""
"Old No. 587: The Great Train Robbery","2000","80 mins","Comedy; Drama; Family","No","","0","DVD","G"
"The Old Way","2023","95 mins","Action; Drama; Western","No","","0","Vudu","R"
"Old Yeller","1957","84 mins","Adventure; Drama; Family; Western","No","","0","Vudu","US - Approved"
"Oliver & Company","1988","74 mins","Adventure; Animation; Comedy; Family; Musical","No","","0","Vudu","G"
"Olympus Has Fallen","2013","119 mins","Action; Crime; Thriller","No","","0","Vudu","R"
"On Ice","1935","8 mins","Adventure; Animation; Comedy; Family","No","","0","Vudu","US - Approved"
"Once Upon a Time in the West","1968","166 mins","Drama; Western","No","","0","Vudu","PG"
"The One","2001","87 mins","Action; Science Fiction; Thriller","No","","0","Vudu","PG-13"
"One And Only, Genuine, Original Family Band","1968","110 mins","Family","No","","0","DVD; Vudu","G"
"The One And Only, Genuine, Original Family Band","1968","110 mins","Comedy; Drama; Family; Musical; Western","No","","0","Vudu","US - Approved"
"One Flew Over the Cuckoo's Nest","1975","133 mins","Drama","No","","0","Vudu","R"
"One Mile","2026","89 mins","Action; Adventure; Drama; Thriller","No","","0","","R"
"One Mile: Chapter Two","2026","80 mins","Action; Drama; Thriller","No","","0","","R"
"Onward","2020","102 mins","Adventure; Animation; Comedy; Family; Fantasy","No","","0","Vudu","PG"
"Open Season","2006","86 mins","Adventure; Animation; Comedy; Family","No","","0","Vudu","PG"
"Open Season 2","2008","76 mins","Adventure; Animation; Comedy; Family","No","","0","Vudu","PG"
"Open Season 3","2010","75 mins","Adventure; Animation; Comedy; Family","No","","0","Vudu","PG"
"Open Water","2003","79 mins","Adventure; Drama; Horror; Thriller","No","","0","Vudu","R"
"Operation Condor","","","","No","","0","",""
"Operation Fortune: Ruse de Guerre","2023","114 mins","Action; Comedy; Thriller","No","","0","Vudu","R"
"Oppenheimer","2023","180 mins","Biography; Drama; History","No","","0","Vudu","R"
"Orca","1977","92 mins","Adventure; Drama; Horror; Thriller","No","","0","","PG"
"Ordinary Angels","2024","118 mins","Drama","No","","0","Vudu","PG"
"The Original Christmas Classics","1969","290 mins","Animation; Family","No","The Original Christmas Classics","0","Blu-ray","TV-G"
"The Original Kings of Comedy","2000","115 mins","Comedy","No","","0","DVD","R"
"Oscar","1991","109 mins","Comedy; Crime","No","","0","Vudu","PG"
"Our Brand Is Crisis","2015","107 mins","Comedy; Drama","No","","0","Vudu","R"
"Out of Time","2003","105 mins","Crime; Drama; Mystery; Thriller","No","","0","Vudu","R"
"Outbreak","1995","127 mins","Action; Adventure; Drama; Thriller","No","","0","Vudu","R"
"Outcast","2014","99 mins","Action; Adventure; Thriller","No","","0","Vudu","US - Approved"
"The Outsiders","1983","91 mins","Crime; Drama","No","","0","Vudu","PG"
"Over The Hedge","2006","83 mins","Animation; Comedy; Drama; Family","No","","0","Vudu","PG"
"Over The Top","1987","93 mins","Action; Adventure","No","","0","Vudu","PG"
"Overboard","2018","112 mins","Comedy; Romance","No","","0","Vudu","PG-13"
"Ozzy and Jack's World Detour: Season 1","2016","419 mins","Reality","Yes","Ozzy and Jack's World Detour","10","Vudu","TV-14"
"Ozzy and Jack's World Detour: Season 2","2017","417 mins","Reality","Yes","Ozzy and Jack's World Detour","10","Vudu","TV-14"
"Ozzy and Jack's World Detour: Season 3","2018","335 mins","Reality","Yes","Ozzy and Jack's World Detour","8","Vudu","TV-14"
"Pacific Rim","2013","131 mins","Action; Adventure; Science Fiction","No","","0","Vudu","PG-13"
"Pacific Rim: Uprising","2018","111 mins","Action; Adventure; Fantasy; Science Fiction","No","","0","Vudu","PG-13"
"Paddington","2014","95 mins","Animation; Children; Comedy; Family","No","","0","Vudu","PG"
"Paddington 2","2018","103 mins","Adventure; Animation; Comedy; Family; Fantasy","No","","0","Vudu","PG"
"Paddington in Peru","2024","106 mins","Adventure; Animation; Comedy; Family; Mystery","No","","0","Vudu","PG"
"Pal Joey","1957","111 mins","Drama; Musical; Romance","No","","0","Vudu","US - Approved"
"Pan","2015","111 mins","Adventure; Comedy; Family; Fantasy","No","","0","Blu-ray","PG"
"Pan's Labyrinth","2006","118 mins","Drama; Fantasy; War","No","","0","Vudu","R"
"Paper Moon","1973","102 mins","Comedy; Crime; Drama","No","","0","Vudu","PG"
"Paper Towns","2015","109 mins","Adventure; Comedy; Drama; Mystery; Romance","No","","0","Blu-ray","PG-13"
"Paradise, Hawaiian Style","1966","91 mins","Comedy; Musical","No","","0","","US - Approved"
"Paranormal Activity","2007","86 mins","Horror; Mystery","No","","0","Vudu","R"
"Paranorman","2012","92 mins","Adventure; Animation; Comedy; Family; Fantasy; Mystery","No","","0","Vudu","PG"
"Pardners","1956","90 mins","Comedy; Western","No","","0","Vudu","US - Approved"
"The Parent Trap","1961","129 mins","Comedy; Family; Romance","No","","0","Vudu","G"
"Paris When It Sizzles","1964","110 mins","Comedy; Romance","No","","0","Vudu","US - Approved"
"Parks and Recreation: Season 1","2009","126 mins","Comedy","Yes","Parks and Recreation","6","Vudu","TV-PG"
"Parks and Recreation: Season 2","2009","513 mins","Comedy","Yes","Parks and Recreation","24","Vudu","TV-PG"
"Parks and Recreation: Season 3","2011","336 mins","Comedy","Yes","Parks and Recreation","16","Vudu","TV-PG"
"Parks and Recreation: Season 4","2011","473 mins","Comedy","Yes","Parks and Recreation","22","Vudu","TV-PG"
"Parks and Recreation: Season 5","2012","484 mins","Comedy","Yes","Parks and Recreation","22","Vudu","TV-PG"
"Parks and Recreation: Season 6","2013","480 mins","Comedy","Yes","Parks and Recreation","22","Vudu","TV-PG"
"Parks and Recreation: Season 7","2015","284 mins","Comedy","Yes","Parks and Recreation","12","Vudu","TV-PG"
"The Party","1968","99 mins","Comedy","No","","0","Vudu","US - Approved"
"A Passage to India","1984","164 mins","Adventure; Drama; History","No","","0","Vudu","PG"
"Passengers","2016","116 mins","Drama; Romance; Science Fiction; Thriller","No","","0","Vudu","PG-13"
"The Passion Of The Christ","2004","127 mins","Drama; History","No","","0","Vudu","R"
"Pastime","1990","94 mins","Drama; Sports","No","","0","DVD","PG"
"Pathfinder","2007","99 mins","Action; Adventure; Drama; Thriller; War","No","","0","Vudu","R"
"Paths of Glory","1957","88 mins","Drama; War","No","","0","Vudu","US - Approved"
"Patriot Games","1992","117 mins","Action; Thriller","No","","0","Vudu","PG-13"
"Patriots Day","2016","133 mins","Action; Crime; Drama; History; Thriller","No","","0","Vudu","R"
"Paul Blart: Mall Cop","2009","91 mins","Action; Comedy; Crime","No","","0","Vudu","PG-13"
"Paulie","1998","91 mins","Adventure; Comedy; Drama; Family","No","","0","","PG"
"Paw Patrol: Season 1","2013","66 mins","Animation; Children; Family","Yes","Paw Patrol","26","DVD","TV-G"
"PAW Patrol: The Movie","2021","88 mins","Adventure; Animation; Comedy; Family; Fantasy","No","","0","Vudu","G"
"PAW Patrol: The Mighty Movie","2023","92 mins","Animation; Children","No","","0","Vudu","PG"
"The Peacemaker","1997","124 mins","Action; Drama; Thriller","No","","0","Vudu","R"
"The Peanuts Movie","2015","88 mins","Adventure; Animation; Comedy; Family","No","","0","Vudu","G"
"Peanuts: Be My Valentine, Charlie Brown","1975","30 mins","Animation","No","","0","DVD","TV-G"
"It's The Great Pumpkin, Charlie Brown","1966","25 mins","Animation; Children; Family","No","","0","Blu-ray","TV-G"
"Pearl Harbor","2001","183 mins","Action; Drama; Romance; War","No","","0","","R"
"Peggy Sue Got Married","1986","103 mins","Comedy; Drama; Fantasy; Romance","No","","0","Vudu","PG-13"
"Penguins Of Madagascar","2014","92 mins","Adventure; Animation; Comedy; Family","No","","0","Vudu","PG"
"People Are Bunny","1959","7 mins","Animation; Comedy; Family","No","","0","",""
"The People vs. Larry Flynt","1996","130 mins","Biography; Drama","No","","0","Vudu","R"
"Percy Jackson & The Olympians: The Lightning Thief","2010","118 mins","Adventure; Comedy; Family; Fantasy","No","","0","Vudu","PG"
"Percy Jackson: Sea of Monsters","2013","106 mins","Adventure; Family; Fantasy","No","","0","Vudu","PG"
"Perfect Game","2000","97 mins","Comedy; Family","No","","0","Vudu","PG"
"The Perfect Man","2005","100 mins","Comedy; Family; Romance","No","","0","Vudu","PG"
"The Perfect Storm","2000","130 mins","Action; Adventure; Drama; Thriller","No","","0","Vudu","PG-13"
"Person to Bunny","1960","7 mins","Animation; Comedy; Family","No","","0","",""
"Pet Sematary","2019","101 mins","Horror; Mystery; Thriller","No","","0","Vudu","R"
"Peter Pan","1953","77 mins","Animation; Family; Fantasy; Musical","No","","0","Vudu","G"
"Peter Rabbit","2018","95 mins","Action; Adventure; Animation; Family","No","","0","Vudu","PG"
"Peter Rabbit 2: The Runaway","2021","93 mins","Adventure; Animation; Comedy; Crime; Drama; Family; Fantasy","No","","0","Vudu","PG"
"Pete's Dragon","2016","102 mins","Adventure; Family; Fantasy","No","","0","Vudu","PG"
"Pete's Dragon","1977","88 mins","Animation; Family; Fantasy","No","","0","Vudu","G"
"Pets to the Rescue","2002","95 mins","Comedy; Family","No","","0","DVD","US - Approved"
"The Phantom Of The Opera","2004","143 mins","Drama; Musical; Romance","No","","0","Vudu","PG-13"
"The Phantom Of The Opera At The Royal Albert Hall","2011","137 mins","Drama; Musical; Romance; Thriller","No","","0","Vudu","US - Approved"
"Phineas And Ferb: The Movie","2011","77 mins","Adventure; Animation; Children; Comedy; Family","No","","0","Vudu","TV-G"
"Phineas And Ferb: The Perry Files","2012","154 mins","Animation","No","","0","DVD","TV-G"
"Phone Booth","2002","81 mins","Crime; Thriller","No","","0","Vudu","R"
"Picnic","1955","115 mins","Drama; Romance","No","","0","Vudu","PG"
"Picture Perfect","1997","101 mins","Comedy; Drama; Romance","No","","0","Vudu","PG-13"
"Piece By Piece","2024","93 mins","Animation; Biography; Comedy; Family; Musical","No","","0","Vudu","PG"
"Piker's Peak","1957","7 mins","Animation; Comedy; Family","No","","0","","US - Approved"
"The Pink Panther: Season 1","1969","","Animation; Comedy; Family","Yes","The Pink Panther","0","Vudu","TV-G"
"The Pink Panther: Season 2","1969","","Animation; Comedy; Family","Yes","The Pink Panther","15","Vudu","TV-G"
"The Pink Panther: Season 3","1969","","Animation; Comedy; Family","Yes","The Pink Panther","13","Vudu","TV-G"
"The Pink Panther: Season 4","1969","","Animation; Comedy; Family","Yes","The Pink Panther","32","Vudu","TV-G"
"Pinocchio","2002","108 mins","Comedy; Family; Fantasy","No","","0","DVD","G"
"Pinocchio","2022","105 mins","Adventure; Comedy; Drama; Family; Fantasy; Musical","No","","0","Vudu","PG"
"Pinocchio","1940","88 mins","Action; Adventure; Animation; Family; Fantasy; Musical","No","","0","Vudu","G"
"Piranha 3D","2010","88 mins","Comedy; Horror","No","","0","Vudu","R"
"Piranha 3DD","2012","83 mins","Comedy; Horror; Science Fiction; Thriller","No","","0","Vudu","R"
"Pirates of Silicon Valley","1999","95 mins","Biography; Drama; History","No","","0","DVD","PG"
"Pirates Of The Caribbean: The Curse Of The Black Pearl","2003","143 mins","Action; Adventure; Fantasy","No","","0","Vudu","PG-13"
"Pirates Of The Caribbean: Dead Man's Chest","2006","151 mins","Action; Adventure; Fantasy","No","","0","Vudu","PG-13"
"Pirates Of The Caribbean: At World's End","2007","169 mins","Action; Adventure; Fantasy","No","","0","Vudu","PG-13"
"Pirates Of The Caribbean: On Stranger Tides","2011","136 mins","Action; Adventure; Fantasy","No","","0","Vudu","PG-13"
"Pirates Of The Caribbean: Dead Men Tell No Tales","2017","129 mins","Action; Adventure; Fantasy","No","","0","Vudu","PG-13"
"The Pirates! Band of Misfits","2012","88 mins","Adventure; Animation; Comedy; Family","No","","0","Blu-ray","PG"
"Pitch Perfect","2012","112 mins","Comedy; Music; Romance","No","","0","Vudu","PG-13"
"Pitch Perfect 2","2015","115 mins","Comedy; Music","No","","0","Vudu","PG-13"
"Pitch Perfect 3","2017","93 mins","Comedy; Music","No","","0","Vudu","PG-13"
"Pixar Short Films Collection: Volume 1","2004","55 mins","Animation; Comedy","No","","0","Blu-ray","G"
"Pixar Short Films Collection: Volume 2","2012","75 mins","Animation; Comedy; Family","No","","0","Blu-ray","G"
"Pixar Short Films Collection: Volume 3","2018","76 mins","Adventure; Animation; Comedy; Family; Fantasy","No","Pixar Short Films Collection 3","0","Vudu","G"
"Pixels","2015","106 mins","Action; Comedy; Family; Fantasy; Science Fiction","No","","0","Vudu","PG-13"
"A Place in the Sun","1951","122 mins","Drama; Romance","No","","0","Vudu","US - Approved"
"Plane","2023","107 mins","Action; Adventure; Thriller","No","","0","Vudu","R"
"Planes","2013","91 mins","Adventure; Animation; Comedy; Family","No","","0","Vudu","PG"
"Planes, Trains & Automobiles","1987","93 mins","Comedy; Drama","No","","0","Vudu","R"
"Planes: Fire & Rescue","2014","83 mins","Adventure; Animation; Comedy; Family","No","","0","Vudu","PG"
"Planet of the Apes","1968","112 mins","Adventure; Science Fiction","No","","0","Vudu","G"
"Rise Of The Planet Of The Apes","2011","105 mins","Action; Drama; Horror; Science Fiction","No","","0","Vudu","PG-13"
"Dawn Of The Planet Of The Apes","2014","130 mins","Action; Drama; Science Fiction; Thriller","No","","0","Vudu","PG-13"
"War For The Planet Of The Apes","2017","140 mins","Action; Adventure; Drama; Science Fiction; Thriller; War","No","","0","Vudu","PG-13"
"Playing with Fire","2019","96 mins","Comedy; Family","No","","0","Vudu","PG"
"Pocahontas","1995","81 mins","Adventure; Animation; Drama; Family; Musical; Romance","No","","0","Vudu","G"
"Pocahontas / Pocahontas Ii","1995","154 mins","Animation; Family; Musical","No","","0","Vudu","G"
"Pocketful of Miracles","1961","136 mins","Comedy; Drama","No","","0","Vudu","US - Approved"
"Pokémon Detective Pikachu","2019","104 mins","Action; Adventure; Comedy; Family; Mystery; Science Fiction","No","","0","Vudu","PG"
"The Polar Express","2004","99 mins","Adventure; Animation; Family; Fantasy; Thriller","No","","0","Vudu","G"
"Police Academy","1984","96 mins","Comedy","No","","0","Vudu","R"
"Police Academy 2: Their First Assignment","1985","87 mins","Comedy","No","","0","Vudu","PG-13"
"Police Academy 3: Back in Training","1986","83 mins","Comedy","No","","0","Vudu","PG"
"Police Academy 4: Citizens on Patrol","1987","88 mins","Comedy; Crime","No","","0","Vudu","PG"
"Police Academy 5: Assignment: Miami Beach","1988","90 mins","Comedy; Crime","No","","0","Vudu","PG"
"Police Academy 6: City Under Siege","1989","84 mins","Comedy; Crime","No","","0","Vudu","PG"
"Police Academy: Mission to Moscow","1994","83 mins","Comedy; Crime","No","","0","Vudu","PG"
"Pollyanna","1960","134 mins","Comedy; Drama; Family","No","","0","Vudu","G"
"Pooh's Heffalump Movie","2005","68 mins","Adventure; Animation; Comedy; Family; Fantasy; Musical; Mystery","No","","0","Vudu","G"
"Pork Chop Hill","1959","97 mins","Drama; War","No","","0","Vudu","US - Approved"
"Postcards from the Edge","1990","101 mins","Comedy; Drama","No","","0","Vudu","R"
"The Postman Always Rings Twice","1981","122 mins","Crime; Drama; Romance; Thriller","No","","0","Vudu","R"
"Practical Magic","1998","104 mins","Comedy; Drama; Fantasy; Romance","No","","0","Vudu","PG-13"
"Precious","2009","110 mins","Drama","No","","0","Vudu","R"
"The Predator","2018","107 mins","Action; Adventure; Science Fiction; Thriller","No","","0","Vudu","R"
"Predator","1987","107 mins","Action; Adventure; Horror; Science Fiction","No","","0","Vudu","R"
"Predator 2","1990","108 mins","Action; Horror; Science Fiction","No","","0","Vudu","R"
"Predators","2010","107 mins","Action; Adventure; Science Fiction; Thriller","No","","0","Vudu","R"
"Premium Rush","2012","91 mins","Action; Crime; Thriller","No","","0","Vudu","PG-13"
"Premonition","2007","96 mins","Drama; Fantasy; Mystery; Thriller","No","","0","Vudu","PG-13"
"Prep & Landing: Naughty Vs. Nice","2011","46 mins","Animation; Comedy; Family; Fantasy","No","Prep & Landing","0","Blu-ray","TV-G"
"Pretty in Pink","1986","97 mins","Comedy; Drama; Romance","No","","0","Vudu","PG-13"
"Pretty Woman","1990","119 mins","Comedy; Romance","No","","0","Vudu","R"
"Prey","2007","92 mins","Adventure; Drama; Horror; Science Fiction; Thriller","No","","0","Vudu","TV-MA"
"The Pride of the Yankees","1942","128 mins","Biography; Drama; Romance; Sports","No","","0","","US - Approved"
"Primal","2019","97 mins","Action; Thriller","No","","0","Vudu","R"
"Prime","2005","105 mins","Comedy; Drama; Romance","No","","0","Vudu","R"
"The Prince","2014","93 mins","Action; Thriller","No","","0","Vudu","R"
"The Prince & The Pauper","1990","54 mins","Adventure; Animation; Children","No","","0","Vudu","G"
"The Prince Of Egypt","1998","99 mins","Animation; Drama; Family; Musical","No","","0","Vudu","PG"
"Prince Violent","1961","7 mins","Animation; Comedy; Family; Fantasy","No","","0","","US - Approved"
"The Princess And The Frog","2009","97 mins","Animation; Family; Musical","No","","0","Vudu","G"
"The Princess Bride","1987","98 mins","Action; Comedy; Family; Fantasy","No","","0","Vudu","PG"
"The Princess Diaries 2: Royal Engagement","2004","113 mins","Comedy; Family; Romance","No","","0","Vudu","G"
"The Principal","1987","109 mins","Action; Crime; Drama; Thriller","No","","0","Vudu","R"
"The Professionals","1966","117 mins","Action; Adventure; Western","No","","0","Vudu","PG-13"
"Project A","1983","105 mins","Action; Adventure; Comedy","No","","0","","PG-13"
"Project A 2","1987","101 mins","Action; Comedy; Crime","No","","0","","PG-13"
"Project Hail Mary","2026","156 mins","Adventure; Comedy; Drama; Science Fiction","No","","0","","PG-13"
"Project: ALF","1996","95 mins","Comedy; Family; Science Fiction","No","","0","Vudu","US - Approved"
"Prometheus","2012","118 mins","Adventure; Mystery; Science Fiction","No","","0","Vudu","R"
"Prophecy","1979","102 mins","Horror; Science Fiction; Thriller","No","","0","","PG"
"The Protégé","2021","109 mins","Action; Thriller","No","","0","Vudu","R"
"Proud Mary","2018","89 mins","Action; Crime; Drama; Thriller","No","","0","Vudu","R"
"Psycho","1960","109 mins","Horror; Mystery; Thriller","No","","0","Vudu","R"
"Psycho II","1983","113 mins","Crime; Horror; Mystery; Thriller","No","","0","DVD","R"
"Psycho III","1986","93 mins","Horror; Mystery; Thriller","No","","0","DVD","R"
"Psycho IV: The Beginning","1990","96 mins","Horror; Mystery; Thriller","No","","0","DVD","R"
"Pulp Fiction","1994","154 mins","Crime; Drama","No","","0","Vudu","R"
"Pumping Iron","1977","86 mins","Documentary; Sports","No","","0","Vudu","PG"
"Punchline","1988","128 mins","Comedy; Drama; Romance","No","","0","Vudu","R"
"Punky Brewster (Mill Creek Entertainment): Turn My World Around","","","Comedy; Family","No","","0","DVD","TV-G"
"Purple Rain","1984","111 mins","Drama; Music; Romance","No","","0","Vudu","R"
"The Pursuit of Happyness","2006","117 mins","Biography; Drama","No","","0","Vudu","PG-13"
"Puss in Boots","2011","90 mins","Action; Adventure; Animation; Comedy; Family; Fantasy; Mystery","No","","0","Vudu","PG"
"Puss In Boots: The Last Wish","2023","100 mins","Action; Adventure; Animation; Comedy; Family; Fantasy; Mystery; Romance","No","","0","Vudu","PG"
"The Quick and the Dead","1995","108 mins","Action; Romance; Thriller; Western","No","","0","Vudu","R"
"The Quiet Man","1952","129 mins","Comedy; Drama; Romance","No","","0","Vudu","US - Approved"
"A Quiet Place","2018","90 mins","Drama; Horror; Science Fiction","No","","0","Vudu","PG-13"
"A Quiet Place Part II","2020","98 mins","Drama; Horror; Science Fiction; Thriller","No","","0","Vudu","PG-13"
"A Quiet Place: Day One","2024","99 mins","Drama; Horror; Science Fiction; Thriller","No","","0","Vudu","PG-13"
"Quigley Down Under","1990","119 mins","Action; Adventure; Drama; Romance; Western","No","","0","Vudu","PG-13"
"Rabbit Every Monday","1951","7 mins","Animation; Comedy; Family","No","","0","","US - Approved"
"Rabbit Fire","1951","7 mins","Adventure; Animation; Comedy; Family","No","","0","","US - Approved"
"Rabbit of Seville","1950","7 mins","Animation; Comedy; Family; Music","No","","0","","US - Approved"
"Rabbit's Feat","1960","7 mins","Animation; Comedy; Family","No","","0","","US - Approved"
"Rabbitson Crusoe","1956","7 mins","Animation; Comedy; Family","No","","0","","US - Approved"
"Race to Witch Mountain","2009","98 mins","Action; Adventure; Family; Fantasy; Science Fiction; Thriller","No","","0","Vudu","PG"
"Racketeer Rabbit","1946","8 mins","Animation; Comedy; Crime; Family","No","","0","","US - Approved"
"Radio Flyer","1992","114 mins","Drama","No","","0","Vudu","PG-13"
"Raging Bull","1980","129 mins","Biography; Drama; Sports","No","","0","Vudu","R"
"Rain Man","1988","133 mins","Drama","No","","0","Vudu","R"
"Raise Your Voice","2004","103 mins","Family; Music; Musical; Romance","No","","0","Vudu","PG"
"A Raisin in the Sun","1961","128 mins","Drama","No","","0","Vudu","US - Approved"
"Ralph Breaks The Internet","2018","112 mins","Adventure; Animation; Comedy; Family; Fantasy; Science Fiction","No","","0","Vudu","PG"
"First Blood","1982","93 mins","Action; Adventure","No","","0","Vudu","R"
"Rambo: First Blood Part II","1985","97 mins","Action; Adventure; War","No","","0","Vudu","R"
"Rambo III","1988","102 mins","Action; Adventure; War","No","","0","Vudu","R"
"Rambo: The Fight Continues","2008","92 mins","Action; Thriller","No","","0","Vudu","R"
"Rambo: Last Blood","2019","89 mins","Action; Thriller","No","","0","Vudu","R"
"Rampage","2018","107 mins","Action; Adventure; Science Fiction","No","","0","Vudu","PG-13"
"Random Hearts","1999","133 mins","Drama; Mystery; Romance","No","","0","Vudu","R"
"Rango","2011","107 mins","Adventure; Animation; Comedy; Family; Western","No","","0","Vudu","PG"
"Ransom","1996","122 mins","Crime; Drama; Thriller","No","","0","VHS","R"
"Rascal","1969","85 mins","Adventure; Drama; Family","No","","0","DVD","G"
"Ratatouille","2007","111 mins","Animation; Comedy; Family","No","","0","Vudu","G"
"Rawhead Rex","1986","89 mins","Fantasy; Horror; Mystery; Thriller","No","","0","","R"
"Ray","2004","152 mins","Biography; Drama; Music","No","","0","Vudu","PG-13"
"Raya and the Last Dragon","2021","107 mins","Action; Adventure; Animation; Comedy; Family; Fantasy","No","","0","Vudu","PG"
"The Razor's Edge","1984","128 mins","Drama; Romance; War","No","","0","Vudu","PG-13"
"Razortooth","2007","92 mins","Action; Adventure; Comedy; Horror; Science Fiction; Thriller","No","","0","Vudu","R"
"Ready Player One","2018","140 mins","Action; Adventure; Science Fiction","No","","0","Vudu","PG-13"
"Reagan","2024","141 mins","Biography; Drama; History","No","","0","Vudu","PG-13"
"Real Genius","1985","108 mins","Comedy; Romance; Science Fiction","No","","0","Vudu","PG"
"Reap What You Sew: An Aurora Teagarden Mystery","2018","84 mins","","No","","0","",""
"Rear Window","1954","112 mins","Mystery; Thriller","No","","0","Vudu","PG"
"Reasonable Doubt","2014","91 mins","Crime; Drama; Mystery; Thriller","No","","0","Vudu","R"
"Rebecca of Sunnybrook Farm","1938","81 mins","Comedy; Drama; Family; Musical; Romance","No","","0","Vudu","G"
"Rebel Without a Cause","1955","111 mins","Drama","No","","0","Vudu","PG-13"
"Recess: School's Out","2001","84 mins","Animation; Comedy; Family","No","Recess","0","Vudu","G"
"Red","2010","111 mins","Action; Comedy; Crime","No","","0","Vudu","PG-13"
"Red 2","2013","116 mins","Action; Comedy","No","","0","Vudu","R"
"Red Heat","1988","104 mins","Action; Comedy; Crime; Thriller","No","","0","Vudu","R"
"Red One","2024","123 mins","Action; Adventure; Comedy; Fantasy; Mystery","No","","0","Vudu","PG-13"
"The Red Pony","1949","89 mins","Drama; Family; Western","No","","0","","US - Approved"
"Red River","1948","133 mins","Drama; Western","No","","0","Vudu","US - Approved"
"The Red Violin","1998","130 mins","Drama; Music; Mystery; Romance","No","","0","Vudu","R"
"Redemption","2013","100 mins","Action; Drama","No","","0","Vudu","R"
"The Reef","2006","77 mins","Animation; Family","No","","0","DVD","G"
"Regretting You","2025","116 mins","Drama; Romance","No","","0","","PG-13"
"Remember the Titans","2000","113 mins","Biography; Comedy; Drama; Sports","No","","0","Vudu","PG"
"Rendition","2007","122 mins","Drama; Thriller","No","","0","Vudu","R"
"The Replacement Killers","1998","87 mins","Action; Crime; Thriller","No","","0","Vudu","R"
"Replicas","2018","107 mins","Action; Drama; Science Fiction; Thriller","No","","0","Vudu","PG-13"
"Requiem for a Heavyweight","1962","95 mins","Drama; Sports","No","","0","Vudu","US - Approved"
"The Requin","2022","89 mins","Horror; Thriller","No","","0","Vudu","R"
"The Rescuers","1977","78 mins","Adventure; Animation; Comedy; Family; Fantasy","No","","0","Vudu","G"
"Rescuers / The Rescuers: Down Under","1977","78 mins","Animation; Children; Family","No","","0","Vudu","G"
"Resident Evil: Apocalypse","2004","94 mins","Action; Horror; Science Fiction; Thriller","No","","0","Vudu","R"
"Resident Evil: Degeneration","2008","97 mins","Action; Animation; Horror; Science Fiction; Thriller","No","","0","DVD","R"
"Resident Evil: Extinction","2007","94 mins","Action; Horror; Science Fiction","No","","0","Vudu","R"
"Resident Evil: Vendetta","2017","97 mins","Action; Adventure; Animation; Horror; Mystery; Science Fiction","No","","0","Vudu","R"
"Retribution","2023","91 mins","Action; Thriller","No","","0","Vudu","R"
"Return From Witch Mountain","1978","95 mins","Adventure; Family; Fantasy; Science Fiction","No","","0","Vudu","G"
"The Return Of Jafar","1994","66 mins","Animation; Family; Fantasy; Musical","No","","0","Vudu","G"
"Revolutionary Road","2008","119 mins","Drama; Romance","No","","0","Vudu","R"
"Rhubarb","1951","94 mins","Comedy; Family; Sports","No","","0","","US - Approved"
"Richie Rich","1994","95 mins","Comedy; Family","No","","0","Vudu","PG"
"Riddick","2013","119 mins","Action; Adventure; Science Fiction; Thriller","No","","0","Vudu","R"
"Ride Along","2014","99 mins","Action; Comedy; Crime","No","","0","","PG-13"
"Ride Along 2","2016","102 mins","Action; Comedy; Crime","No","","0","","PG-13"
"Ride Lonesome","1959","73 mins","Western","No","","0","Vudu","US - Approved"
"The Right Stuff","1983","193 mins","Adventure; Biography; Drama; History","No","","0","Vudu","PG"
"Righteous Kill","2008","101 mins","Crime; Mystery; Thriller","No","","0","Vudu","R"
"Rio","2011","96 mins","Adventure; Animation; Comedy","No","","0","Vudu","G"
"Rio 2","2014","102 mins","Adventure; Animation; Comedy; Family","No","","0","Vudu","G"
"Rise Of The Guardians","2012","97 mins","Adventure; Animation; Family","No","","0","Vudu","PG"
"Risen","2016","107 mins","Action; Drama; History; Mystery","No","","0","","PG-13"
"Risky Business","1983","99 mins","Comedy; Crime; Drama; Romance","No","","0","Vudu","R"
"A River Runs Through It","1992","123 mins","Drama","No","","0","Vudu","PG"
"Robin and Marian","1976","106 mins","Adventure; Drama; Romance","No","","0","Vudu","PG"
"Robin Hood","2010","140 mins","Action; Adventure; Drama; History","No","","0","Vudu","PG-13"
"Robin Hood","1973","83 mins","Adventure; Animation; Comedy; Family","No","","0","Vudu","G"
"Robin Hood: Prince Of Thieves","1991","155 mins","Action; Adventure; Romance","No","","0","Vudu","PG-13"
"RoboCop","1987","102 mins","Action; Crime; Science Fiction; Thriller","No","","0","Vudu","R"
"Robot Chicken: Star Wars","2007","","Animation","No","","0","DVD","TV-14"
"Robot Chicken: Star Wars Episode II","2008","23 mins","Animation","No","","0","DVD","TV-14"
"Robot Rabbit","1953","7 mins","Animation; Comedy; Family","No","","0","","US - Approved"
"Robots","2005","89 mins","Animation; Comedy; Family","No","","0","Vudu","PG"
"Rock Dog","2015","80 mins","Adventure; Animation; Comedy; Family; Music","No","","0","Vudu","PG"
"Rock Dog 2: Rock Around the Park","2021","90 mins","Adventure; Animation; Comedy; Family","No","","0","Vudu","PG"
"Rock Of Ages","2012","123 mins","Comedy; Drama; Musical; Romance","No","","0","","R"
"Rock-a-Bye Baby","1958","103 mins","Comedy; Musical","No","","0","Vudu","US - Approved"
"Rocket Gibraltar","1988","99 mins","Drama","No","","0","Vudu","PG"
"Rocketman","2019","121 mins","Biography; Drama; Music; Musical","No","","0","Vudu","R"
"Rocky","1976","120 mins","Drama; Sports","No","","0","Vudu","PG"
"Rocky II","1979","119 mins","Drama; Sports","No","","0","Vudu","PG"
"Rocky III","1982","99 mins","Drama; Sports","No","","0","Vudu","PG"
"Rocky IV","1985","91 mins","Drama; Sports","No","","0","Vudu","PG"
"Rocky V","1990","104 mins","Drama; Sports","No","","0","Vudu","PG-13"
"Rocky Balboa","2006","102 mins","Action; Drama; Sports","No","","0","Vudu","PG"
"Rogue","2007","99 mins","Action; Drama; Horror; Thriller","No","","0","Vudu","R"
"Rogue One: A Star Wars Story","2016","133 mins","Action; Adventure; Fantasy; Science Fiction","No","","0","Vudu","PG-13"
"Roman Holiday","1953","118 mins","Comedy; Romance","No","","0","Vudu","US - Approved"
"Ronin","1998","122 mins","Action; Crime; Thriller","No","","0","Vudu","R"
"Rope","1948","80 mins","Crime; Drama; Mystery; Thriller","No","","0","Vudu","US - Approved"
"Rosemary's Baby","1968","137 mins","Drama; Horror","No","","0","Vudu","R"
"Roustabout","1964","97 mins","History; Musical; Romance","No","","0","VHS; Vudu","PG"
"Rudolph And Frosty's Christmas In July","1979","97 mins","Adventure; Animation; Comedy; Family; Fantasy; Musical; Romance","No","","0","Vudu","G"
"Rudolph The Red-Nosed Reindeer","1964","47 mins","Animation; Family; Musical","No","Rudolph the Red-Nosed Reindeer (1964)","0","Vudu","TV-G"
"Rudolph's Shiny New Year","1976","60 mins","Adventure; Animation; Comedy; Family; Fantasy; Musical","No","","0","Vudu","TV-G"
"Rudy","1993","114 mins","Biography; Drama; Sports","No","","0","Vudu","PG"
"Rugrats Go Wild!","2003","80 mins","Adventure; Animation; Comedy","No","","0","Vudu","PG"
"Rugrats In Paris: The Movie","2000","78 mins","Animation; Children; Family","No","","0","Vudu","G"
"The Rugrats Movie","1998","81 mins","Adventure; Animation; Musical","No","","0","Vudu","G"
"Rules Of Engagement","2000","128 mins","Drama; Thriller; War","No","","0","","R"
"Runaway Bride","1999","116 mins","Comedy; Romance","No","","0","Vudu","PG"
"The Running Man","2025","133 mins","Action; Adventure; Science Fiction; Thriller","No","","0","","R"
"The Running Man","1987","101 mins","Action; Science Fiction; Thriller","No","","0","","R"
"Running with Speed","2023","147 mins","Documentary","No","","0","Vudu","US - Approved"
"Runt Page","1932","10 mins","Comedy","No","","0","DVD","US - Approved"
"Rush Hour","1998","98 mins","Action; Comedy","No","","0","Vudu","PG-13"
"Rush Hour 2","2001","91 mins","Action; Comedy; Crime","No","","0","Vudu","PG-13"
"Rush Hour 3","2007","91 mins","Action; Comedy; Crime; Thriller","No","","0","Vudu","PG-13"
"Russell Madness","2015","92 mins","Family","No","","0","DVD","PG"
"The Russians Are Coming the Russians Are Coming","1966","126 mins","Comedy; War","No","","0","Vudu","US - Approved"
"RV","2006","99 mins","Adventure; Comedy; Family","No","","0","Vudu","PG"
"S.W.A.T.","2003","117 mins","Action; Adventure; Crime; Thriller","No","","0","Vudu","PG-13"
"Saboteur","1942","109 mins","Thriller; War","No","","0","Vudu","PG"
"Sabrina","1954","113 mins","Comedy; Drama; Romance","No","","0","Vudu","US - Approved"
"Safe","2012","94 mins","Action; Crime; Thriller","No","","0","Vudu","R"
"Safe House","2012","115 mins","Action; Thriller","No","","0","Vudu","R"
"Sailor Beware","1952","108 mins","Comedy; Musical; Romance","No","","0","Vudu","US - Approved"
"Salt","2010","104 mins","Action; Thriller","No","","0","Vudu","PG-13"
"San Andreas","2015","114 mins","Action; Adventure; Thriller","No","","0","","PG-13"
"Sands Of Iwo Jima","1949","100 mins","Action; Drama; Romance; War","No","","0","","US - Approved"
"Santa Buddies","2009","88 mins","Adventure; Family; Fantasy","No","","0","DVD","G"
"Santa Claus Is Comin' To Town","1970","48 mins","Adventure; Animation; Comedy; Family; Fantasy; Musical","No","Santa Claus is Comin' to Town","0","Vudu","TV-G"
"The Santa Clause","1994","97 mins","Comedy; Family; Fantasy","No","","0","Vudu","PG"
"The Santa Clause 2","2002","105 mins","Comedy; Family; Fantasy","No","","0","Vudu","G"
"The Santa Clause 3: The Escape Clause","2006","92 mins","Comedy; Family; Fantasy","No","","0","Vudu","G"
"Santa's Surprise","1947","9 mins","Animation; Comedy; Family; Musical","No","","0","DVD","US - Approved"
"Saturday Night","2024","109 mins","Biography; Comedy; Drama; History","No","","0","Vudu","R"
"Saturday Night Fever","1977","118 mins","Drama; Music","No","","0","Vudu","R"
"Savannah Smiles","1982","105 mins","Comedy; Family","No","","0","Vudu","PG"
"Saved by the Bell: Hawaiian Style","1992","92 mins","Comedy","No","","0","Vudu","TV-PG"
"Saved by the Bell: Season 1","1989","359 mins","Comedy; Family; Romance","Yes","Saved by the Bell","16","Vudu","TV-PG"
"Saved by the Bell: Season 2","1990","407 mins","Comedy; Family; Romance","Yes","Saved by the Bell","18","Vudu","TV-PG"
"Saved by the Bell: Season 3","1991","581 mins","Comedy; Family; Romance","Yes","Saved by the Bell","26","Vudu","TV-PG"
"Saved by the Bell: Season 4","1992","600 mins","Comedy; Family; Romance","Yes","Saved by the Bell","26","Vudu","TV-PG"
"Saved By The Bell: Season 5","1989","550 mins","Comedy; Family; Romance","Yes","Saved by the Bell","0","Vudu","TV-PG"
"Saved By The Bell: The College Years: Season 1","1993","433 mins","Comedy; Romance","Yes","Saved by the Bell: The College Years","23","Vudu","TV-PG"
"Saved by the Bell: Wedding in Las Vegas","1994","90 mins","Comedy; Romance","No","","0","Vudu","TV-PG"
"Saving Mr. Banks","2013","125 mins","Comedy; Drama; Family; History","No","","0","Vudu","PG-13"
"Saving Private Ryan","1998","169 mins","Drama; War","No","","0","Vudu","R"
"Saw III","2006","108 mins","Horror; Mystery; Thriller","No","","0","DVD","R"
"Scared Stiff","1953","108 mins","Comedy; Horror; Musical; Mystery; Romance","No","","0","Vudu","US - Approved"
"Schindler's List","1993","195 mins","Biography; Drama; History","No","","0","Vudu","R"
"School Daze","1988","121 mins","Comedy; Drama; Musical","No","","0","Vudu","R"
"School for Scoundrels","1960","94 mins","Comedy","No","","0","Vudu","US - Approved"
"School For Scoundrels","2006","107 mins","Comedy","No","","0","Vudu","PG-13"
"School of Rock","2003","109 mins","Comedy; Music","No","","0","Vudu","PG-13"
"Schoolhouse Rock!","1973","283 mins","Animation; Family; Musical","Yes","Schoolhouse Rock!","0","Vudu","TV-G"
"Scoob!","2020","94 mins","Adventure; Animation; Comedy; Family; Mystery","No","","0","Vudu","PG"
"Scooby-Doo","2002","86 mins","Adventure; Comedy; Family; Fantasy; Mystery","No","","0","Vudu","PG"
"Scooby-Doo & Batman: The Brave and the Bold","2018","75 mins","Action; Animation; Comedy; Family; Mystery","No","","0","Vudu","US - Not Rated"
"Scooby-Doo 2: Monsters Unleashed","2004","93 mins","Adventure; Comedy; Family; Fantasy; Horror; Mystery; Science Fiction","No","","0","Vudu","PG"
"Scooby-Doo Meets Batman","2008","82 mins","Adventure; Animation; Family","No","","0","DVD","TV-G"
"Scooby-Doo! and the Curse of the 13th Ghost","2019","82 mins","Action; Adventure; Animation; Comedy; Family; Fantasy; Horror; Mystery","No","","0","Vudu","TV-G"
"Scooby-Doo! and the Gourmet Ghost","2018","77 mins","Adventure; Animation; Comedy; Crime; Family; Fantasy; Horror; Mystery","No","","0","Vudu","US - Not Rated"
"Scooby-Doo! The Sword and the Scoob","2021","76 mins","Action; Adventure; Animation; Comedy; Family; Fantasy; Mystery","No","","0","Vudu","US - Not Rated"
"Scooby-Doo, Where Are You! Season 1","1969","510 mins","Adventure; Animation; Comedy; Crime; Family; Mystery","Yes","Scooby-Doo","17","Vudu","TV-PG"
"Scooby-Doo, Where Are You! Season 2","1970","240 mins","Adventure; Animation; Comedy; Crime; Family; Mystery","Yes","Scooby-Doo","8","Vudu","TV-PG"
"Scooby-Doo, Where Are You! Season 3","1969","352 mins","Adventure; Animation; Comedy; Crime; Family; Mystery","Yes","Scooby-Doo","16","Vudu","TV-PG"
"Scooby-Doo: Return to Zombie Island","2019","80 mins","Adventure; Animation; Comedy; Family; Fantasy; Horror; Mystery","No","","0","Vudu","US - Not Rated"
"Maze Runner: The Scorch Trials","2015","131 mins","Action; Adventure; Mystery; Science Fiction; Thriller","No","","0","Vudu","PG-13"
"Scorpion: Season 1","2014","921 mins","Action; Crime; Drama; Thriller","Yes","Scorpion","22","Vudu","TV-14"
"Scorpion: Season 2","2015","1027 mins","Action; Crime; Drama; Thriller","Yes","Scorpion","24","Vudu","TV-14"
"Scorpion: Season 3","2016","1039 mins","Action; Crime; Drama; Thriller","Yes","Scorpion","25","Vudu","TV-14"
"Scorpion: Season 4","2017","917 mins","Action; Crime; Drama; Thriller","Yes","Scorpion","22","Vudu","TV-14"
"Scrooged","1988","101 mins","Comedy; Drama; Fantasy; Romance","No","","0","Vudu","PG-13"
"Scrubs: Season 1","2001","576 mins","Comedy; Drama","Yes","Scrubs","24","Vudu","TV-14"
"Scrubs: Season 2","2003","528 mins","Comedy; Drama","Yes","Scrubs","22","Vudu","TV-14"
"Scrubs: Season 3","2004","528 mins","Comedy; Drama","Yes","Scrubs","22","Vudu","TV-14"
"Scrubs: Season 4","2004","600 mins","Comedy; Drama","Yes","Scrubs","25","Vudu","TV-14"
"Scrubs: Season 5","2006","576 mins","Comedy; Drama","Yes","Scrubs","24","Vudu","TV-14"
"Scrubs: Season 6","2006","528 mins","Comedy; Drama","Yes","Scrubs","22","Vudu","TV-14"
"Scrubs: Season 7","2007","262 mins","Comedy; Drama","Yes","Scrubs","11","Vudu","TV-14"
"Scrubs: Season 8","2009","404 mins","Comedy; Drama","Yes","Scrubs","19","Vudu","TV-14"
"Scrubs: Season 9","2009","326 mins","Comedy; Drama","Yes","Scrubs","13","Vudu","TV-14"
"The Search for Santa Paws","2010","96 mins","Adventure; Drama; Family; Fantasy; Musical","No","","0","DVD","G"
"Searching","2018","102 mins","Drama; Horror; Mystery; Thriller","No","","0","Vudu","PG-13"
"The Secret Life Of Pets","2016","87 mins","Adventure; Animation; Comedy; Family","No","","0","Vudu","PG"
"The Secret Life of Pets 2","2019","86 mins","Animation","No","","0","Vudu","PG"
"Secret Window","2004","96 mins","Drama; Mystery; Thriller","No","","0","Vudu","PG-13"
"Secretariat","2010","123 mins","Drama; Family; History; Sports","No","","0","Blu-ray","PG"
"Seeking Justice","2011","105 mins","Action; Crime; Drama; Mystery; Thriller","No","","0","Vudu","R"
"Selena","1997","127 mins","Biography; Drama; Music","No","","0","Vudu","PG"
"Selma","2014","128 mins","Biography; Drama; History","No","","0","Vudu","PG-13"
"Send Help","2026","113 mins","Adventure; Horror; Thriller","No","","0","","R"
"Separate Tables","1970","93 mins","Drama","No","","0","Vudu","US - Approved"
"September 5","2024","95 mins","Drama; History; Thriller","No","","0","Vudu","R"
"Sesame Street: Sesame Street's 25th Birthday: A Musical Celebration","1993","","Comedy; Family","No","","0","DVD","TV-G"
"Se7en","1995","127 mins","Crime; Drama; Mystery; Thriller","No","","0","Vudu","R"
"Seven Brides for Seven Brothers","1954","102 mins","Comedy; Drama; Musical; Romance; Western","No","","0","Vudu","US - Approved"
"The Shack","2017","132 mins","Drama; Fantasy","No","","0","Vudu","PG-13"
"Shadow of a Doubt","1943","108 mins","Film Noir; Thriller","No","","0","Vudu","PG"
"The Shaggy D.A.","1976","91 mins","Comedy; Family; Fantasy","No","","0","Vudu","G"
"The Shaggy Dog","1959","104 mins","Comedy; Family; Fantasy","No","","0","Vudu","G"
"The Shaggy Dog","2006","99 mins","Comedy; Family; Fantasy","No","","0","Vudu","PG"
"Shake Hands with the Devil","1959","111 mins","Action; Drama; History","No","","0","Vudu","US - Approved"
"Shakedown","1988","112 mins","Action; Crime; Drama; Mystery; Thriller","No","","0","Blu-ray","R"
"Shallow Hal","2001","114 mins","Comedy; Drama; Fantasy; Romance","No","","0","Vudu","PG-13"
"The Shallows","2016","86 mins","Action; Drama; Horror; Thriller","No","","0","Vudu","PG-13"
"Shampoo","1975","110 mins","Comedy; Drama","No","","0","Vudu","R"
"Shang-Chi and the Legend of the Ten Rings","2021","139 mins","Action; Adventure; Fantasy; Science Fiction","No","","0","Vudu","PG-13"
"Shark Tale","2004","90 mins","Animation; Comedy; Family","No","","0","Vudu","PG"
"Sharktopus","2010","89 mins","Action; Adventure; Comedy; Fantasy; Horror; Science Fiction; Thriller","No","","0","Vudu","TV-14"
"The Shawshank Redemption","1994","142 mins","Drama","No","","0","Vudu","R"
"Shazam!","2019","132 mins","Action; Adventure; Comedy; Fantasy","No","","0","Vudu","PG-13"
"Shazam! Fury of the Gods","2023","130 mins","Action; Adventure; Comedy; Crime; Fantasy; Thriller","No","","0","Vudu","PG-13"
"Sherlock Holmes and the Secret Weapon","1942","68 mins","Adventure; Crime; Drama; Horror; Mystery; Thriller","No","","0","","US - Approved"
"Sherlock Holmes: A Game of Shadows","2011","129 mins","Action; Adventure; Mystery","No","","0","Vudu","PG-13"
"Sherlock Holmes: Dressed to Kill / Terror By Night","1946","132 mins","Crime; Drama; Mystery; Thriller","No","","0","DVD",""
"Sherlock Holmes: The Hound of the Baskervilles","1968","50 mins","Crime; Drama; History; Horror; Mystery","No","","0","",""
"She's All That","1999","95 mins","Comedy; Romance","No","","0","Vudu","PG-13"
"She's Out of My League","2010","104 mins","Comedy; Romance","No","","0","Vudu","R"
"She's the Man","2006","105 mins","Comedy; Romance; Sports","No","","0","Vudu","PG-13"
"Shin Godzilla","2016","120 mins","Action; Adventure; Drama; Horror; Science Fiction","No","","0","Vudu","PG-13"
"The Shining","1980","146 mins","Drama; Horror","No","","0","Vudu","R"
"Shishkabugs","1962","7 mins","Animation; Comedy; Family","No","","0","",""
"Shivers","1975","87 mins","Horror; Science Fiction","No","","0","Vudu","R"
"Short Circuit","1986","98 mins","Comedy; Science Fiction","No","","0","Vudu","PG"
"Short Circuit 2","1988","110 mins","Comedy; Drama; Family; Science Fiction","No","","0","Vudu","PG"
"Show Biz Bugs","1957","7 mins","Animation; Comedy; Family","No","","0","",""
"Show Boat","1951","108 mins","Drama; Family; Musical; Romance","No","","0","Vudu","US - Approved"
"Shrek","2001","90 mins","Animation; Comedy; Family","No","","0","Vudu","PG"
"Shrek 2","2004","93 mins","Adventure; Animation; Comedy; Family","No","","0","Vudu","PG"
"Shrek The Third","2007","92 mins","Action; Animation; Comedy","No","","0","Vudu","PG"
"Shrek Forever After","2010","93 mins","Adventure; Animation; Comedy","No","","0","Vudu","PG"
"Shutter Island","2010","138 mins","Drama; Mystery; Thriller","No","","0","Vudu","R"
"Signs","2002","106 mins","Drama; Mystery; Science Fiction; Thriller","No","","0","Vudu","PG-13"
"The Silence of the Lambs","1991","119 mins","Crime; Drama; Thriller","No","","0","Vudu","R"
"Silicon Valley: Season 1","2014","229 mins","Comedy","Yes","Silicon Valley","8","Vudu","TV-MA"
"Silicon Valley: Season 2","2015","278 mins","Comedy","Yes","Silicon Valley","10","Vudu","TV-MA"
"Silicon Valley: Season 3","2016","283 mins","Comedy","Yes","Silicon Valley","10","Vudu","TV-MA"
"Silicon Valley: Season 4","2017","287 mins","Comedy","Yes","Silicon Valley","10","Vudu","TV-MA"
"Silicon Valley: Season 5","2018","244 mins","Comedy","Yes","Silicon Valley","8","Vudu","TV-MA"
"Silicon Valley: Season 6","2019","239 mins","Comedy","Yes","Silicon Valley","7","Vudu","TV-MA"
"A Simple Favor","2018","117 mins","Comedy; Crime; Mystery; Thriller","No","","0","Vudu","R"
"Sing","2016","108 mins","Animation; Comedy; Family; Musical","No","","0","Vudu","PG"
"Sing Along Songs, Very Merry Christmas Songs","","","Animation; Children","No","","0","VHS","TV-G"
"Sing 2","2021","110 mins","Adventure; Animation; Comedy; Family; Musical","No","","0","Vudu","PG"
"Singin' in the Rain","1952","103 mins","Comedy; Musical; Romance","No","","0","Vudu","G"
"Single White Female","1992","107 mins","Drama; Thriller","No","","0","Vudu","R"
"Sinners","2025","137 mins","Action; Drama; Horror; Thriller","No","","0","Vudu","R"
"Sister Act","1992","100 mins","Comedy; Family; Music","No","","0","","PG"
"Sister Act 2: Back In The Habit","1993","107 mins","Comedy; Family; Music","No","","0","","PG"
"Sisu","2022","91 mins","Action; Thriller; War","No","","0","","R"
"Sixteen Candles","1984","93 mins","Comedy; Romance","No","","0","Vudu","PG"
"The Sixth Sense","1999","107 mins","Horror; Mystery; Thriller","No","","0","Vudu","PG-13"
"Sleeping Beauty","1959","75 mins","Animation; Fantasy; Romance","No","","0","Vudu","G"
"Sleeping With The Enemy","1991","99 mins","Drama; Thriller","No","","0","Vudu","R"
"The Smashing Machine","2025","123 mins","Action; Biography; Drama; History; Sports","No","","0","","R"
"Smile","2022","115 mins","Horror","No","","0","Vudu","R"
"Smokin' Aces","2006","108 mins","Action; Comedy; Crime; Drama; Thriller","No","","0","Vudu","R"
"The Smurfs","2011","103 mins","Animation; Comedy; Fantasy","No","","0","Vudu","PG"
"Smurfs","2025","89 mins","Adventure; Animation; Comedy; Family; Fantasy; Musical","No","","0","Vudu","PG"
"The Smurfs 2","2013","105 mins","Adventure; Animation; Comedy; Family; Fantasy","No","","0","Vudu","PG"
"Smurfs: The Lost Village","2017","90 mins","Adventure; Animation; Comedy; Family; Fantasy","No","","0","Vudu","PG"
"The Smurfs: A Christmas Carol","2011","22 mins","Adventure; Animation; Comedy; Drama; Family; Fantasy","No","","0","DVD","G"
"Smurfs: Holiday Celebration","1986","48 mins","Animation; Family","No","","0","Vudu","TV-G"
"Snake Eyes","2021","121 mins","Action; Adventure; Fantasy; Science Fiction; Thriller","No","","0","Vudu","PG-13"
"Sneakers","1992","126 mins","Comedy; Crime; Drama; Mystery; Thriller","No","","0","Vudu","PG-13"
"Sneaks","2025","93 mins","Adventure; Animation; Comedy; Family","No","","0","Vudu","PG"
"Snitch","2013","112 mins","Action; Drama; Thriller","No","","0","Vudu","PG-13"
"Snow White and the Huntsman","2012","127 mins","Action; Adventure; Drama; Fantasy","No","","0","Vudu","PG-13"
"Snow White And The Seven Dwarfs","1937","83 mins","Animation; Family","No","","0","Vudu","G"
"Snowden","2016","134 mins","Biography; Crime; Drama; Thriller","No","","0","Vudu","R"
"So Dear To My Heart","1949","82 mins","Animation; Children; Family","No","","0","VHS; Vudu","G"
"So I Married an Axe Murderer","1993","93 mins","Comedy; Romance","No","","0","Vudu","PG-13"
"Soccer Dog: The Movie","1999","98 mins","Comedy; Family; Sports","No","","0","DVD","PG"
"The Social Network","2010","121 mins","Biography; Comedy; History","No","","0","Vudu","PG-13"
"Solar Crisis","1990","112 mins","Science Fiction; Thriller","No","","0","","PG-13"
"A Soldier's Story","1984","101 mins","Crime; Drama; Mystery; War","No","","0","Vudu","PG"
"Solo: A Star Wars Story","2018","135 mins","Action; Adventure; Crime; Family; Fantasy; Romance; Science Fiction; Western","No","","0","Vudu","PG-13"
"Some Like It Hot","1959","121 mins","Comedy; Music; Romance","No","","0","Vudu","US - Approved"
"Son in Law","1993","95 mins","Comedy; Drama; Romance","No","","0","Vudu","PG-13"
"Son of Flubber","1963","100 mins","Comedy; Family; Science Fiction","No","","0","Vudu","G"
"Son of God","2014","138 mins","Biography; Drama; History","No","","0","Vudu","PG-13"
"Sonic The Hedgehog","2020","99 mins","Action; Adventure; Comedy; Family; Science Fiction","No","","0","Vudu","PG"
"Sonic the Hedgehog 2","2022","122 mins","Action; Adventure; Comedy; Family; Fantasy; Science Fiction","No","","0","Vudu","PG"
"The Sorcerer's Apprentice","2010","109 mins","Action; Adventure; Fantasy","No","","0","Vudu","PG"
"Soul","2020","100 mins","Adventure; Animation; Comedy; Drama; Family; Fantasy; Music","No","","0","Vudu","PG"
"Soul Men","2008","100 mins","Comedy; Drama; Music","No","","0","Vudu","R"
"Soul Surfer","2011","106 mins","Action; Drama; Sports","No","","0","Vudu","PG"
"Sound Of Freedom","2023","131 mins","Biography; Crime; Drama; History; Thriller","No","","0","Vudu","PG-13"
"The Sound Of Music","1965","174 mins","Drama; Family; Musical","No","","0","Vudu","G"
"Source Code","2011","93 mins","Action; Drama; Mystery; Science Fiction; Thriller","No","","0","Vudu","PG-13"
"Space Jam","1996","87 mins","Adventure; Animation; Comedy; Family; Fantasy; Science Fiction; Sports","No","","0","Vudu","PG"
"Spaceballs","1987","96 mins","Comedy; Science Fiction","No","","0","Vudu","PG"
"Spaceballs: Season 1","2008","88 mins","Animation; Comedy; Science Fiction","Yes","Spaceballs","13","Vudu","TV-14"
"SpaceCamp","1986","107 mins","Adventure; Family; Science Fiction","No","","0","Blu-ray","PG"
"The Specialist","1994","110 mins","Action; Drama; Thriller","No","","0","Vudu","R"
"Speed","1994","116 mins","Action; Adventure; Thriller","No","","0","Vudu","R"
"Speed 2: Cruise Control","1997","121 mins","Action; Adventure; Crime; Romance; Thriller","No","","0","Vudu","PG-13"
"Spider-Man","2002","121 mins","Action; Adventure; Animation; Science Fiction; Thriller","No","","0","Vudu","PG-13"
"Spider-Man 2","2004","127 mins","Action; Adventure; Fantasy; Thriller","No","","0","Vudu","PG-13"
"Spider-Man 3","2007","139 mins","Action; Adventure; Comedy; Fantasy; Thriller","No","","0","Vudu","PG-13"
"The Amazing Spider-Man","2012","136 mins","Action; Adventure; Fantasy; Science Fiction; Thriller","No","","0","Vudu","PG-13"
"The Amazing Spider-Man 2","2014","142 mins","Action; Adventure; Fantasy","No","","0","Vudu","PG-13"
"Spider-Man: Homecoming","2017","133 mins","Action; Adventure; Fantasy; Science Fiction","No","","0","Vudu","PG-13"
"Spider-Man: Far From Home","2019","129 mins","Action; Adventure; Science Fiction","No","","0","Vudu","PG-13"
"Spider-Man: No Way Home","2021","148 mins","Action; Adventure; Fantasy; Science Fiction","No","","0","Vudu","PG-13"
"Spider-Man: Into The Spider-Verse","2018","117 mins","Action; Adventure; Animation; Comedy; Family; Fantasy; Science Fiction","No","","0","Vudu","PG"
"Spider-Man: Across the Spider-Verse","2023","140 mins","Action; Adventure; Animation; Fantasy; Science Fiction","No","","0","Vudu","PG"
"Spiral","2021","93 mins","Horror; Mystery; Thriller","No","","0","Vudu","R"
"The Spirit","2008","103 mins","Action; Crime; Fantasy; Thriller","No","","0","Vudu","PG-13"
"Split","2016","117 mins","Horror; Thriller","No","","0","Vudu","R"
"Spring Break","1983","102 mins","Comedy; Romance","No","","0","Vudu","R"
"Spy Kids","2001","88 mins","Action; Adventure; Comedy; Family; Science Fiction","No","","0","Vudu","PG"
"The Spy Who Came in from the Cold","1965","112 mins","Drama; Thriller","No","","0","Vudu","US - Approved"
"Spymate","2003","81 mins","Adventure; Family","No","","0","DVD","PG"
"St. Elmo's Fire","1985","110 mins","Drama; Romance","No","","0","Vudu","R"
"Stalag 17","1953","120 mins","Comedy; Drama; War","No","","0","Vudu","US - Approved"
"A Star Is Born","1954","154 mins","Drama; Musical; Romance","No","","0","Vudu","PG"
"A Star Is Born","2018","136 mins","Drama; Music; Romance","No","","0","Vudu","R"
"Star Trek: The Motion Picture","1979","132 mins","Adventure; Mystery; Science Fiction","No","","0","Vudu","PG"
"Star Trek II: The Wrath of Khan","1982","113 mins","Action; Adventure; Science Fiction","No","","0","Vudu","PG"
"Star Trek III: The Search for Spock","1984","105 mins","Action; Adventure; Science Fiction","No","","0","Vudu","PG"
"Star Trek IV: The Voyage Home","1986","119 mins","Adventure; Comedy; Science Fiction","No","","0","Vudu","PG"
"Star Trek V: The Final Frontier","1989","107 mins","Action; Adventure; Fantasy; Science Fiction; Thriller","No","","0","Vudu","PG"
"Star Trek VI: The Undiscovered Country","1991","110 mins","Action; Adventure; Science Fiction; Thriller","No","","0","Vudu","PG"
"Star Trek: First Contact","1996","111 mins","Action; Adventure; Drama; Science Fiction; Thriller","No","","0","Vudu","PG-13"
"Star Trek: Nemesis","2002","116 mins","Action; Adventure; Science Fiction; Thriller","No","","0","Vudu","PG-13"
"Star Trek","2009","127 mins","Action; Adventure; Science Fiction","No","","0","Vudu","PG-13"
"Star Trek Into Darkness","2013","132 mins","Action; Adventure; Science Fiction","No","","0","Vudu","PG-13"
"Star Trek Beyond","2016","122 mins","Action; Adventure; Science Fiction; Thriller","No","","0","Vudu","PG-13"
"Star Trek: Generations","1994","118 mins","Action; Adventure; Mystery; Science Fiction; Thriller","No","","0","Vudu","PG"
"Star Trek: Insurrection","1998","103 mins","Action; Adventure; Science Fiction; Thriller","No","","0","Vudu","PG"
"Star Wars: Episode I - The Phantom Menace","1999","136 mins","Action; Adventure; Fantasy; Science Fiction","No","","0","Vudu","PG"
"Star Wars: Episode Ii - Attack Of The Clones","2002","142 mins","Action; Adventure; Fantasy; Science Fiction","No","","0","Vudu","PG"
"Star Wars: Episode Iii - Revenge Of The Sith","2005","140 mins","Action; Adventure; Fantasy; Science Fiction","No","","0","Vudu","PG-13"
"Star Wars","1977","121 mins","Action; Adventure; Fantasy; Science Fiction","No","","0","Vudu","PG"
"Star Wars: Episode V - The Empire Strikes Back","1980","124 mins","Action; Adventure; Fantasy; Science Fiction","No","","0","Vudu","PG"
"Star Wars: Episode Vi - Return Of The Jedi","1983","131 mins","Action; Adventure; Fantasy; Science Fiction","No","","0","Vudu","PG"
"Star Wars: Episode VII: The Force Awakens","2015","136 mins","Action; Adventure; Fantasy; Science Fiction","No","","0","Vudu","PG-13"
"Star Wars: Episode VIII: The Last Jedi","2017","152 mins","Action; Adventure; Fantasy; Science Fiction","No","","0","Vudu","PG-13"
"Star Wars: Episode IX :The Rise Of Skywalker","2019","142 mins","Action; Adventure; Fantasy; Science Fiction","No","","0","Vudu","PG-13"
"Star Wars: The Clone Wars","2008","98 mins","Action; Adventure; Animation","No","","0","DVD","PG"
"Starship Troopers","1997","129 mins","Action; Adventure; Science Fiction; Thriller","No","","0","Vudu","R"
"Starship Troopers 2: Hero of the Federation","2004","88 mins","Action; Adventure; Horror; Science Fiction","No","","0","Vudu","R"
"Starship Troopers 3: Marauder","2008","105 mins","Action; Adventure; Science Fiction","No","","0","Vudu","R"
"State Fair","1962","119 mins","Musical; Romance","No","","0","Vudu","US - Approved"
"Stealth","2005","121 mins","Action; Adventure; Science Fiction; Thriller","No","","0","Vudu","PG-13"
"Steamboat Willie","1928","8 mins","Animation; Comedy; Family; Musical","No","","0","Vudu","US - Approved"
"Stella Dallas","1937","106 mins","Drama; Romance","No","","0","","US - Approved"
"Step By Step: Season 1","1991","660 mins","Comedy; Family; Romance","Yes","Step by Step","22","Vudu","TV-PG"
"Step By Step: Season 2","1992","720 mins","Comedy; Family; Romance","Yes","Step by Step","24","Vudu","TV-PG"
"Step By Step: Season 3","1993","690 mins","Comedy; Family; Romance","Yes","Step by Step","23","Vudu","TV-PG"
"Step By Step: Season 4","1994","720 mins","Comedy; Family; Romance","Yes","Step by Step","24","Vudu","TV-PG"
"Step By Step: Season 5","1995","720 mins","Comedy; Family; Romance","Yes","Step by Step","24","Vudu","TV-PG"
"Step By Step: Season 6","1997","720 mins","Comedy; Family; Romance","Yes","Step by Step","24","Vudu","TV-PG"
"Step By Step: Season 7","1997","570 mins","Comedy; Family; Romance","Yes","Step by Step","19","Vudu","TV-PG"
"The Stepford Wives","2004","93 mins","Comedy; Horror; Science Fiction; Thriller","No","","0","DVD","PG-13"
"Stepmom","1998","125 mins","Comedy; Drama","No","","0","Vudu","PG-13"
"Stir of Echoes","1999","99 mins","Horror; Mystery; Thriller","No","","0","Vudu","R"
"Stitch! The Movie","2003","60 mins","Animation; Comedy; Family","No","","0","DVD; Vudu","G"
"The Stooge","1951","92 mins","Comedy; Drama; Music; Romance","No","","0","Vudu","US - Approved"
"Storks","2016","87 mins","Adventure; Animation; Comedy; Family; Fantasy","No","","0","Vudu","PG"
"The Story Of Robin Hood And His Merrie Men","1952","84 mins","Action; Adventure; Family","No","","0","DVD","PG"
"Straight Outta Nowhere: Scooby-Doo! Meets Courage the Cowardly Dog","2021","78 mins","Adventure; Animation; Comedy; Family; Fantasy; Horror; Mystery","No","","0","Vudu","TV-PG"
"Strange World","2022","102 mins","Action; Adventure; Animation; Comedy; Family; Fantasy; Science Fiction","No","","0","Vudu","PG"
"The Stranger","1946","95 mins","Crime; Drama; Film Noir; Mystery; Thriller","No","","0","Vudu","US - Approved"
"The Strangers: Chapter 1","2024","91 mins","Horror","No","","0","","R"
"The Strangers: Chapter 2","2025","98 mins","Horror; Mystery","No","","0","Vudu","R"
"The Strangers: Chapter 3","2026","91 mins","Horror","No","","0","","R"
"A Streetcar Named Desire","1951","122 mins","Drama","No","","0","Vudu","US - Approved"
"Striking Distance","1993","102 mins","Action; Crime; Mystery; Thriller","No","","0","Vudu","R"
"Stripes","1981","106 mins","Comedy; War","No","","0","Vudu","R"
"The Strongest Man In The World","1975","92 mins","Comedy; Family","No","","0","Vudu","G"
"Stuart Little","1999","84 mins","Adventure; Comedy; Family; Fantasy","No","","0","DVD","PG"
"The Substitute","1996","114 mins","Action; Crime; Drama; Thriller","No","","0","Vudu","R"
"Sudden Death","1995","111 mins","Action; Crime; Thriller","No","","0","Vudu","R"
"Suddenly, Last Summer","1959","114 mins","Drama; Mystery; Thriller","No","","0","Vudu","US - Approved"
"Suicide Squad","2016","123 mins","Action; Adventure; Fantasy; Science Fiction","No","","0","Vudu","PG-13"
"The Suicide Squad","2021","131 mins","Action; Adventure; Comedy; Science Fiction","No","","0","Vudu","R"
"Sully","2016","96 mins","Biography; Drama","No","","0","Vudu","PG-13"
"Sunday Bloody Sunday","1971","110 mins","Drama","No","","0","Vudu","R"
"Sunset Boulevard","1950","110 mins","Drama; Film Noir","No","","0","Vudu","US - Approved"
"Super 8","2011","112 mins","Action; Mystery; Science Fiction; Thriller","No","","0","Vudu","PG-13"
"The Super Mario Bros. Movie","2023","92 mins","Adventure; Animation; Comedy; Family; Fantasy","No","","0","Vudu","PG"
"Super Storm","2011","89 mins","Action; Adventure; Drama; Science Fiction; Thriller","No","","0","","PG-13"
"Supercell","2023","100 mins","Action; Adventure; Drama","No","","0","","PG-13"
"Supergirl","1984","124 mins","Action; Adventure; Fantasy; Romance; Science Fiction","No","","0","Vudu","PG"
"Superman","1978","143 mins","Action; Adventure; Animation; Fantasy","No","","0","Vudu","PG"
"Superman","2025","129 mins","Action; Adventure; Science Fiction","No","","0","Vudu","PG-13"
"Superman II","1980","128 mins","Action; Adventure; Animation; Fantasy","No","","0","Vudu","PG"
"Superman III","1983","123 mins","Action; Animation; Comedy; Fantasy; Science Fiction","No","","0","Vudu","PG"
"Superman 4: The Quest For Peace","1987","90 mins","Action; Adventure; Fantasy","No","","0","Vudu","PG"
"Superman Returns","2006","154 mins","Action; Adventure; Fantasy","No","","0","Vudu","PG-13"
"Man Of Steel","2013","143 mins","Action; Adventure; Fantasy; Science Fiction","No","","0","Vudu","PG-13"
"Adventures of Superman: Season 1","1952","756 mins","Action; Adventure; Crime; Family; Science Fiction","Yes","Adventures of Superman","26","Vudu","TV-G"
"Adventures of Superman: Season 2","1953","780 mins","Action; Adventure; Crime; Family; Science Fiction","Yes","Adventures of Superman","26","Vudu","TV-G"
"Adventures of Superman: Season 3","1955","","Action; Adventure; Crime; Family; Science Fiction","Yes","Adventures of Superman","13","Vudu","TV-G"
"Adventures of Superman: Season 4","1956","","Action; Adventure; Crime; Family; Science Fiction","Yes","Adventures of Superman","13","Vudu","TV-G"
"Adventures of Superman: Season 5","1957","","Action; Adventure; Crime; Family; Science Fiction","Yes","Adventures of Superman","13","Vudu","TV-G"
"Adventures of Superman: Season 6","1958","","Action; Adventure; Crime; Family; Science Fiction","Yes","Adventures of Superman","13","Vudu","TV-G"
"Super-Rabbit","1943","8 mins","Action; Adventure; Animation; Comedy; Family","No","","0","","US - Approved"
"Surf School","2006","87 mins","Comedy; Sports","No","","0","","R"
"The Survivors","1983","103 mins","Comedy; Crime; Drama","No","","0","Vudu","R"
"Sweeney Todd","2006","90 mins","Crime; Drama; Horror; Thriller","No","","0","Vudu","TV-MA"
"Sweet Home Alabama","2002","108 mins","Comedy; Romance","No","","0","Vudu","PG-13"
"Swiss Family Robinson","1960","126 mins","Adventure; Animation; Family","No","","0","Vudu","G"
"The Sword In The Stone","1963","79 mins","Animation; Family; Fantasy","No","","0","Vudu","G"
"Tag","2018","100 mins","Action; Comedy","No","","0","Vudu","R"
"Taken","2008","90 mins","Action; Crime; Thriller","No","","0","Vudu","PG-13"
"The Taking of Pelham 123","2009","106 mins","Action; Crime; Thriller","No","","0","Vudu","R"
"The Tale of Despereaux","2008","93 mins","Adventure; Animation; Comedy; Family; Fantasy","No","","0","Vudu","G"
"The Talented Mr. Ripley","1999","139 mins","Crime; Drama; Thriller","No","","0","Vudu","R"
"The Talk of the Town","1942","118 mins","Comedy; Drama; Romance; Thriller","No","","0","Vudu","US - Approved"
"The Taming of The Shrew","1967","122 mins","Comedy; Drama; Romance","No","","0","Vudu","US - Approved"
"Tangled","2010","101 mins","Animation; Comedy; Drama; Family","No","","0","Vudu","PG"
"Tango & Cash","1989","104 mins","Action; Adventure; Comedy; Crime","No","","0","Vudu","R"
"Tarzan","1999","88 mins","Adventure; Animation; Family","No","","0","Vudu","G"
"Tarzan II","2005","72 mins","Adventure; Animation; Family","No","","0","Vudu","G"
"Teenage Mutant Ninja Turtles","2014","101 mins","Action; Adventure; Animation; Comedy; Fantasy; Science Fiction","No","","0","Vudu","PG-13"
"Teenage Mutant Ninja Turtles","1990","93 mins","Action; Adventure; Comedy; Family; Science Fiction","No","","0","Vudu","PG"
"Teenage Mutant Ninja Turtles Ii: The Secret Of The Ooze","1991","88 mins","Action; Adventure; Comedy; Family; Science Fiction","No","","0","Vudu","PG"
"Teenage Mutant Ninja Turtles Iii","1993","96 mins","Action; Adventure; Comedy; Family; Fantasy; Science Fiction","No","","0","Vudu","PG"
"Teenage Mutant Ninja Turtles: Mutant Mayhem","2023","99 mins","Action; Adventure; Animation; Comedy; Family; Fantasy; Science Fiction","No","","0","Vudu","PG"
"Teenage Mutant Ninja Turtles: Out Of The Shadows","2016","112 mins","Action; Adventure; Comedy; Fantasy; Science Fiction","No","","0","Vudu","PG-13"
"The Ten Commandments","1956","220 mins","Adventure; Drama","No","","0","Vudu","G"
"Tenet","2020","150 mins","Action; Science Fiction; Thriller","No","","0","Vudu","PG-13"
"The Terminal","2004","128 mins","Comedy; Drama; Romance","No","","0","Vudu","PG-13"
"The Terminator","1984","107 mins","Action; Science Fiction","No","","0","Vudu","R"
"Terminator 2: Judgment Day","1991","137 mins","Action; Science Fiction","No","","0","Vudu","R"
"Terminator 3: Rise of the Machines","2003","109 mins","Action; Science Fiction","No","","0","Vudu","R"
"Terminator Genisys","2015","126 mins","Action; Adventure; Science Fiction; Thriller","No","","0","Vudu","PG-13"
"Terminator: Dark Fate","2019","128 mins","Action; Adventure; Science Fiction","No","","0","Vudu","R"
"Terms of Endearment","1983","132 mins","Comedy; Drama","No","","0","Vudu","PG"
"The Texas Chainsaw Massacre","2003","98 mins","Crime; Horror","No","","0","DVD","R"
"Thank God It's Friday","1978","89 mins","Comedy; Music","No","","0","Vudu","PG"
"Thank You God For Colors And Shapes","","","Animation; Religious","No","","0","DVD","US - Approved"
"That's Entertainment!","1974","135 mins","Documentary; Family; Musical","No","","0","DVD","US - Approved"
"The Sixties: Season 1","2014","491 mins","Documentary; History","Yes","The Sixties","10","Vudu","US - Approved"
"The Seventies","2015","336 mins","Documentary; History","Yes","The Seventies (2015)","8","Vudu","US - Approved"
"The Eighties","2016","97 mins","Documentary; History","Yes","The Eighties","7","Vudu","US - Approved"
"The Nineties: Season 1","2017","465 mins","Documentary; History","Yes","The Nineties","7","Vudu","US - Approved"
"The 2000s","2018","350 mins","Documentary","Yes","The 2000s","0","Vudu","US - Approved"
"Dr. Seuss: The Cat In The Hat","1971","","Animation","No","","0","DVD","TV-G"
"Theater of Blood","1973","104 mins","Comedy; Drama; Horror","No","","0","Vudu","R"
"Thelma & Louise","1991","130 mins","Adventure; Crime; Drama","No","","0","Vudu","R"
"There Will Be Blood","2007","158 mins","Drama","No","","0","Vudu","R"
"This Is 40","2012","134 mins","Comedy; Romance","No","","0","Vudu","R"
"This Is a Life?","1955","7 mins","Animation; Comedy; Family","No","","0","","US - Approved"
"Thomas & Friends: Make Someone Happy And Other Thomas Adventures","1995","35 mins","Animation; Children; Family","No","","0","DVD","TV-G"
"Thomas And The Magic Railroad","2000","86 mins","Family; Fantasy","No","","0","Vudu","G"
"The Thomas Crown Affair","1999","113 mins","Crime; Romance; Thriller","No","","0","Vudu","R"
"Thor","2011","115 mins","Action; Adventure; Drama; Fantasy; Science Fiction; Thriller","No","","0","Vudu","PG-13"
"Thor: The Dark World","2013","112 mins","Action; Adventure; Fantasy","No","","0","Vudu","PG-13"
"Thor: Ragnarök","2017","130 mins","Action; Adventure; Comedy; Fantasy; Science Fiction","No","","0","Vudu","PG-13"
"Thor: Love and Thunder","2022","119 mins","Action; Adventure; Comedy; Fantasy; Romance; Science Fiction","No","","0","Vudu","PG-13"
"The Three Caballeros","1945","72 mins","Animation; Family; Musical","No","","0","Vudu","G"
"The Three Lives Of Thomasina","1963","97 mins","Drama; Family; Fantasy; Mystery; Science Fiction; Thriller","No","","0","VHS","PG"
"The Three Musketeers","1993","105 mins","Action; Comedy; Family; Romance","No","","0","Vudu","PG"
"Thru the Mirror","1936","9 mins","Animation; Comedy; Family; Fantasy; Music","No","","0","Vudu","US - Approved"
"Thunderbolt and Lightfoot","1974","115 mins","Action; Comedy; Crime; Drama","No","","0","Vudu","R"
"Thunderbolts*","2025","127 mins","Action; Adventure; Crime; Drama; Fantasy; Science Fiction","No","","0","Vudu","PG-13"
"Ticket to Paradise","2022","104 mins","Comedy; Romance","No","","0","Vudu","PG-13"
"Tickle Me","1965","91 mins","Comedy; Romance; Western","No","","0","DVD","US - Approved"
"The Tigger Movie","2000","77 mins","Animation; Comedy; Family","No","","0","Blu-ray; DVD; Vudu","G"
"A Time to Kill","1996","149 mins","Crime; Drama; Thriller","No","","0","Vudu","R"
"Timmy Time: Timmy Needs A Bath","2009","45 mins","Family","No","","0","DVD","TV-G"
"Tinker Bell","2008","78 mins","Animation; Family; Fantasy","No","","0","Blu-ray","G"
"Tinker Bell: Secret Of The Wings","2012","92 mins","Action; Animation; Family; Fantasy","No","","0","Blu-ray","G"
"Titanic","1997","194 mins","Drama; Romance","No","","0","Vudu","PG-13"
"To Catch a Thief","1955","106 mins","Drama; Mystery; Romance; Thriller","No","","0","Vudu","PG"
"To Kill A Mockingbird","1962","129 mins","Crime; Drama; Thriller","No","","0","Vudu","US - Approved"
"To Save A Life","2009","120 mins","Drama","No","","0","Vudu","PG-13"
"To Sir, with Love","1967","105 mins","Drama","No","","0","Vudu","US - Approved"
"Tom And Huck","1995","97 mins","Action; Adventure; Drama; Family","No","","0","Vudu","PG"
"Tom and Jerry: A Nutcracker Tale","2007","47 mins","Action; Adventure; Animation; Comedy; Family; Fantasy; Musical","No","","0","Vudu","G"
"Tom and Jerry: Willy Wonka and the Chocolate Factory","2017","79 mins","Adventure; Animation; Comedy; Family; Fantasy; Musical","No","","0","Vudu","US - Approved"
"Tomb Raider","2018","119 mins","Action; Adventure; Fantasy; Thriller","No","","0","Vudu","PG-13"
"Tommy","1975","111 mins","Drama; Musical","No","","0","Vudu","PG"
"Tommy Boy","1995","93 mins","Comedy; Family","No","","0","Vudu","PG-13"
"Tomorrow Is Forever","1946","104 mins","Drama; Romance; War","No","","0","Vudu","US - Approved"
"The Tomorrow War","2021","138 mins","Action; Adventure; Drama; Science Fiction; Thriller","No","","0","Vudu","PG-13"
"Tomorrowland","2014","130 mins","Action; Adventure; Family; Fantasy; Mystery; Science Fiction","No","","0","Vudu","PG"
"Tooth Fairy","2010","101 mins","Comedy; Family; Fantasy; Sports","No","","0","Vudu","PG"
"Tootsie","1982","116 mins","Comedy; Drama; Romance","No","","0","Vudu","PG"
"Top Gun","1986","110 mins","Action; Romance; War","No","","0","Vudu","PG"
"Top Gun: Maverick","2022","109 mins","Action; Drama","No","","0","Vudu","PG-13"
"Topaz","1969","143 mins","Drama; Thriller","No","","0","Vudu","PG"
"Torn Curtain","1966","128 mins","Drama; Romance; Thriller","No","","0","Vudu","PG"
"Total Recall","1990","113 mins","Action; Adventure; Science Fiction","No","","0","Vudu","R"
"Tour of Mythicality","","100 mins","Comedy","No","","0","Google Play","US - Approved"
"The Tourist","2010","103 mins","Action; Thriller","No","","0","","PG-13"
"Tower Of Terror","1997","89 mins","Adventure; Comedy; Family; Fantasy; Horror; Thriller","No","","0","DVD","US - Approved"
"The Town","2010","125 mins","Crime; Drama; Thriller","No","","0","Vudu","R"
"Toy Soldiers","1991","104 mins","Action; Adventure; Comedy","No","","0","Vudu","R"
"Toy Story","1995","81 mins","Adventure; Animation; Comedy; Family; Fantasy","No","","0","Vudu","G"
"Toy Story 2","1999","92 mins","Adventure; Animation; Comedy; Family; Fantasy","No","","0","Vudu","G"
"Toy Story 3","2010","103 mins","Adventure; Animation; Comedy; Family; Fantasy","No","","0","Vudu","G"
"Toy Story 4","2019","100 mins","Adventure; Animation; Comedy; Family; Fantasy","No","","0","Vudu","PG"
"Track Down","2000","","Action; Drama; Thriller","No","","0","Vudu","R"
"Traffik","2018","96 mins","Action; Thriller","No","","0","Vudu","R"
"The Train","1964","133 mins","Action; Thriller; War","No","","0","Vudu","US - Approved"
"Trainwreck","2015","125 mins","Comedy; Drama; Romance","No","","0","Vudu","R"
"Traitor","2008","114 mins","Action; Crime; Drama; Thriller","No","","0","Vudu","PG-13"
"Transformers","2007","144 mins","Action; Adventure; Family; Science Fiction","No","","0","Vudu","PG-13"
"Transformers: Revenge Of The Fallen","2009","150 mins","Action; Adventure; Science Fiction","No","","0","Vudu","PG-13"
"Transformers: Dark Of The Moon","2011","154 mins","Action; Adventure; Science Fiction","No","","0","Vudu","PG-13"
"Transformers: Age Of Extinction","2014","164 mins","Action; Adventure; Science Fiction","No","","0","Vudu","PG-13"
"Transformers: The Last Knight","2017","154 mins","Action; Adventure; Science Fiction; Thriller","No","","0","Vudu","PG-13"
"Transformers One","2024","104 mins","Action; Adventure; Animation; Family; Fantasy; Science Fiction","No","","0","Vudu","PG"
"Transformers Prime: One Shall Stand","2012","143 mins","Animation","No","","0","DVD","TV-G"
"Transformers: Rise of the Beasts","2023","127 mins","Action; Adventure; Science Fiction","No","","0","Vudu","PG-13"
"The Transformers: The Movie","1986","85 mins","Action; Adventure; Animation; Family; Science Fiction","No","","0","Vudu","PG"
"The Transporter","2002","92 mins","Action; Crime; Thriller","No","","0","Blu-ray","PG-13"
"Transporter 2","2005","87 mins","Action; Crime; Thriller","No","","0","Blu-ray","R"
"Transporter 3","2008","104 mins","Action; Thriller","No","","0","Vudu","PG-13"
"Trap","2024","105 mins","Crime; Horror; Mystery; Thriller","No","","0","Vudu","R"
"Treasure Island","1990","131 mins","Action; Adventure; Family","No","","0","Vudu","US - Approved"
"Treasure Planet","2002","95 mins","Adventure; Animation; Family","No","","0","Vudu","PG"
"Trees Lounge","1996","95 mins","Comedy; Drama","No","","0","Vudu","R"
"Trespass","1992","101 mins","Action; Thriller","No","","0","Vudu","R"
"Trolls","2016","92 mins","Adventure; Animation; Comedy; Family","No","","0","Vudu","PG"
"Trolls Band Together","2023","91 mins","Adventure; Animation; Comedy; Family; Fantasy; Music","No","","0","Vudu","PG"
"Trolls World Tour","2020","91 mins","Adventure; Animation; Comedy; Family; Fantasy; Musical; Romance","No","","0","Vudu","PG"
"TRON","1982","96 mins","Action; Adventure; Science Fiction","No","","0","Vudu","PG"
"Tron: Ares","2025","119 mins","Action; Adventure; Science Fiction","No","","0","","PG-13"
"Tron: Legacy","2011","127 mins","Action; Adventure; Science Fiction","No","","0","Vudu","PG"
"Troop Beverly Hills","1989","105 mins","Adventure; Comedy","No","","0","Vudu","PG"
"The Trouble with Harry","1955","99 mins","Comedy; Mystery","No","","0","Vudu","PG"
"Trouble With The Curve","2012","111 mins","Drama; Romance; Sports","No","","0","Vudu","PG-13"
"True Grit","1969","128 mins","Adventure; Drama; Western","No","","0","Vudu","G"
"True Lies","1994","141 mins","Action; Comedy; Thriller","No","","0","Vudu","R"
"The Truman Show","1998","103 mins","Comedy; Drama","No","","0","Vudu","PG"
"Turbo","2013","96 mins","Adventure; Animation; Comedy; Family; Sports","No","","0","Vudu","PG"
"Turbo: A Power Rangers Movie","1997","99 mins","Action; Adventure; Comedy; Family; Fantasy","No","","0","DVD","PG"
"The Tuxedo","2002","98 mins","Action; Comedy; Science Fiction","No","","0","","PG-13"
"Tweety's High-Flying Adventure","2000","72 mins","Adventure; Animation; Comedy; Family; Musical","No","","0","Vudu","G"
"Really Wooly: The Gift Of Christmas","2004","85 mins","Comedy; Family; Fantasy","No","","0","DVD","US - Approved"
"Twilight","2008","122 mins","Action; Fantasy; Horror; Romance; Thriller","No","","0","Vudu","PG-13"
"The Twilight Saga: New Moon","2009","130 mins","Fantasy; Horror; Romance","No","","0","Vudu","PG-13"
"The Twilight Saga: Eclipse","2010","124 mins","Drama; Fantasy; Romance","No","","0","Vudu","PG-13"
"The Twilight Saga: Breaking Dawn: Part 1","2011","109 mins","Fantasy; Romance; Thriller","No","","0","Vudu","PG-13"
"The Twilight Saga: Breaking Dawn: Part 2","2012","115 mins","Adventure; Drama; Fantasy; Romance","No","","0","Vudu","PG-13"
"The Twilight Zone: Season 1","2019","445 mins","Drama; Fantasy; Horror; Mystery; Science Fiction; Thriller","Yes","The Twilight Zone (2019)","10","Vudu","TV-MA"
"The Twilight Zone: Season 2","2020","386 mins","Drama; Fantasy; Horror; Mystery; Science Fiction; Thriller","Yes","The Twilight Zone (2019)","10","Vudu","TV-MA"
"The Twilight Zone: Season 1","1959","930 mins","Drama; Fantasy; Horror; Mystery; Science Fiction; Thriller","Yes","The Twilight Zone","36","Vudu","TV-PG"
"The Twilight Zone: Season 2","1960","900 mins","Drama; Fantasy; Horror; Mystery; Science Fiction; Thriller","Yes","The Twilight Zone","29","Vudu","TV-PG"
"The Twilight Zone: Season 3","1961","960 mins","Drama; Fantasy; Horror; Mystery; Science Fiction; Thriller","Yes","The Twilight Zone","37","Vudu","TV-PG"
"The Twilight Zone: Season 4","1963","1080 mins","Drama; Fantasy; Horror; Mystery; Science Fiction; Thriller","Yes","The Twilight Zone","18","Vudu","TV-PG"
"The Twilight Zone: Season 5","1963","1080 mins","Drama; Fantasy; Horror; Mystery; Science Fiction; Thriller","Yes","The Twilight Zone","36","Vudu","TV-PG"
"Twinkle Twinkle Lucky Stars","1985","105 mins","Action; Comedy","No","","0","","TV-14"
"Twister","1996","113 mins","Action; Adventure; Thriller","No","","0","Vudu","PG-13"
"Twisters","2024","122 mins","Action; Adventure; Thriller","No","","0","Vudu","PG-13"
"Two Rode Together","1961","109 mins","Drama; Western","No","","0","Vudu","US - Approved"
"Two Weeks Notice","2002","101 mins","Comedy; Romance","No","","0","Vudu","PG-13"
"Two-Bits & Pepper","1995","89 mins","Adventure; Comedy; Family","No","","0","DVD","PG"
"Tyler Perry's A Madea Christmas","2013","100 mins","Comedy; Drama; Romance","No","","0","Vudu","PG-13"
"U.S. Marshals","1998","126 mins","Action; Crime; Thriller","No","","0","Vudu","PG-13"
"U-571","2000","116 mins","Action; War","No","","0","Vudu","PG-13"
"Ugly Dachshund","1966","93 mins","Comedy; Family","No","","0","Vudu","US - Approved"
"The Ugly Truth","2009","96 mins","Comedy; Romance","No","","0","","R"
"The Unbearable Weight of Massive Talent","2022","107 mins","Action; Comedy; Crime; Thriller","No","","0","Vudu","R"
"Unbreakable","2000","106 mins","Drama; Mystery; Science Fiction; Thriller","No","","0","Vudu","R"
"The Unbreakable Boy","2025","109 mins","Drama","No","","0","Vudu","PG"
"Uncharted","2022","95 mins","Action; Adventure","No","","0","Vudu","PG-13"
"Uncle Drew","2018","103 mins","Comedy; Drama; Sports","No","","0","Vudu","PG-13"
"Under California Stars","1937","70 mins","Western","No","","0","VHS","US - Approved"
"Unforgiven","1992","130 mins","Drama; Western","No","","0","Vudu","R"
"The Unmentionables","1963","7 mins","Animation; Comedy; Crime; Family","No","","0","","US - Approved"
"Unsung Hero","2024","113 mins","Drama; Family","No","","0","Vudu","PG"
"The Untouchables","1987","119 mins","Crime; Drama; Thriller","No","","0","Vudu","R"
"Up","2009","96 mins","Action; Adventure; Animation","No","","0","Vudu","PG"
"Up in Smoke","1978","86 mins","Comedy; Music","No","","0","Vudu","R"
"Upgrade","2018","100 mins","Action; Science Fiction; Thriller","No","","0","Vudu","R"
"Upswept Hare","1953","7 mins","Animation; Comedy; Family","No","","0","","US - Approved"
"Uptown Girls","2003","92 mins","Comedy; Drama; Romance","No","","0","Vudu","PG-13"
"Aurora Teagarden Mysteries: The Disappearing Game","2018","83 mins","","No","","0","",""
"Uss Indianapolis: Men Of Courage","2016","128 mins","Action; Drama; History; Thriller; War","No","","0","Vudu","R"
"V for Vendetta","2005","132 mins","Action; Drama; Science Fiction; Thriller","No","","0","Vudu","R"
"V: The Original Miniseries / The Final Battle","1983","444 mins","Action; Adventure; Science Fiction","Yes","","22","Vudu","TV-14"
"Valkyrie","2008","121 mins","Drama; History; Thriller; War","No","","0","Vudu","PG-13"
"Van Wilder","2002","92 mins","Comedy; Romance","No","","0","","R"
"Vanilla Sky","2001","136 mins","Fantasy; Mystery; Romance; Science Fiction; Thriller","No","","0","Vudu","R"
"The Vault","2021","118 mins","Action; Thriller","No","","0","Vudu","R"
"Veggietales: A Snoodle's Tale","2004","50 mins","Animation; Comedy; Musical","No","","0","DVD","G"
"Veggietales: An Easter Carol","2004","49 mins","Animation; Comedy; Drama; Family; Romance","No","","0","DVD","TV-G"
"Veggietales: Duke And The Great Pie War","2005","45 mins","Animation; Comedy; Family","No","","0","DVD","TV-G"
"Veggietales: Jonah Sing Along","2004","","Animation; Religious","No","","0","DVD","TV-G"
"Veggietales: King George And The Ducky: A Lesson About Selfishness","2000","","Action; Music; Science Fiction","No","","0","DVD","TV-G"
"Veggietales: Larry-Boy And The Angry Eyebrows","2000","30 mins","Animation","No","","0","DVD","G"
"Veggietales: Larry-Boy And The Rumor Weed","1999","30 mins","Animation; Children; Family","No","","0","DVD","TV-G"
"Veggietales: Lord Of The Beans","2005","52 mins","Animation","No","","0","DVD","TV-G"
"Veggietales: Lyle The Kindly Viking","2001","45 mins","Animation; Children; Family","No","","0","DVD","G"
"Veggietales: Minnesota Cuke","2005","45 mins","Animation; Family","No","","0","DVD","TV-G"
"Veggietales: Sheerluck Holmes And The Golden Ruler","2006","52 mins","Animation; Family","No","","0","DVD","TV-G"
"Veggietales: The Ballad Of Little Joe","2003","35 mins","Animation; Children","No","","0","DVD","TV-G"
"Veggietales: The Ultimate Silly Song Countdown","2001","43 mins","Animation; Comedy; Family","No","","0","DVD","G"
"Veggietales: The Wonderful World Of Autotainment","2004","30 mins","Animation; Children; Family","No","","0","DVD","TV-G"
"Venom","2018","112 mins","Action; Adventure; Science Fiction","No","","0","Vudu","PG-13"
"Venom: Let There Be Carnage","2021","97 mins","Action; Adventure; Science Fiction; Thriller","No","","0","Vudu","PG-13"
"Venom: The Last Dance","2024","110 mins","Action; Adventure; Science Fiction; Thriller","No","","0","Vudu","PG-13"
"Vera Cruz","1954","94 mins","Adventure; Western","No","","0","Vudu","US - Approved"
"Vertical Limit","2000","124 mins","Action; Adventure; Drama; Sports; Thriller","No","","0","Vudu","PG-13"
"Vertigo","1958","128 mins","Mystery; Romance; Thriller","No","","0","Vudu","PG"
"Victor Victoria","1982","134 mins","Comedy; Music; Romance","No","","0","DVD","PG"
"Violent Night","2022","112 mins","Action; Comedy; Thriller","No","","0","Vudu","R"
"The Virgin Suicides","1999","97 mins","Drama; Romance","No","","0","Vudu","R"
"Visit to a Small Planet","1960","85 mins","Comedy; Science Fiction","No","","0","Vudu","US - Approved"
"Viva Las Vegas","1964","85 mins","Comedy; Musical","No","","0","Vudu","US - Approved"
"Wacky Races: Season 1","1968","","Animation; Comedy; Family; Sports","Yes","Wacky Races","34","Vudu","TV-G"
"Wacky Races: Season 2","1969","","Animation; Comedy; Family; Sports","Yes","Wacky Races","17","DVD","TV-G"
"Wall-E","2008","98 mins","Animation; Comedy; Family","No","","0","Vudu","G"
"Walt Disney Animation Studios Short Films Collection","2015","80 mins","Action; Adventure; Animation; Comedy; Drama; Family; Fantasy; Horror; Musical; Romance","No","","0","Vudu","US - Approved"
"A Waltons Thanksgiving","2022","90 mins","Drama","No","","0","Vudu","TV-PG"
"The Waltons: Homecoming","2021","80 mins","Drama","No","","0","Vudu","TV-14"
"The Waltons: Season 1","1972","1249 mins","Drama; Family; Romance","Yes","The Waltons","24","Vudu","TV-PG"
"The Waltons: Season 2","1973","1200 mins","Drama; Family; Romance","Yes","The Waltons","24","Vudu","TV-PG"
"The Waltons: Season 3","1974","1225 mins","Drama; Family; Romance","Yes","The Waltons","24","Vudu","TV-PG"
"The Waltons: Season 4","1975","1198 mins","Drama; Family; Romance","Yes","The Waltons","24","Vudu","TV-PG"
"The Waltons: Season 5","1976","1213 mins","Drama; Family; Romance","Yes","The Waltons","25","Vudu","TV-PG"
"The Waltons: Season 6","1977","1237 mins","Drama; Family; Romance","Yes","The Waltons","22","Vudu","TV-PG"
"The Waltons: Season 7","1978","1148 mins","Drama; Family; Romance","Yes","The Waltons","23","Vudu","TV-PG"
"The Waltons: Season 8","1979","1172 mins","Drama; Family; Romance","Yes","The Waltons","24","Vudu","TV-PG"
"The Waltons: Season 9","1980","1072 mins","Drama; Family; Romance","Yes","The Waltons","22","Vudu","TV-PG"
"Wanted","2008","110 mins","Action; Crime; Thriller","No","","0","Vudu","R"
"War","2007","103 mins","Action; Thriller","No","","0","Vudu","R"
"War and Peace","1956","208 mins","Drama; Romance; War","No","","0","Vudu","PG"
"War Game","2024","94 mins","Thriller","No","","0","Vudu","US - Approved"
"War of the Worlds","2005","116 mins","Action; Adventure; Science Fiction","No","","0","Vudu","PG-13"
"The War of the Worlds","1953","85 mins","Action; Science Fiction; Thriller","No","","0","Vudu","G"
"War Room","2015","120 mins","Drama","No","","0","Vudu","PG"
"Warfare","2025","95 mins","Action; Drama; War","No","","0","Vudu","R"
"Wargames","1983","114 mins","Action; Adventure; Drama; Thriller","No","","0","Vudu","PG"
"Wargames: The Dead Code","2008","100 mins","Drama; Science Fiction; Thriller","No","","0","Vudu","PG-13"
"Warm Bodies","2013","98 mins","Comedy; Horror; Romance","No","","0","Vudu","PG-13"
"The Warriors","1979","93 mins","Action; Crime; Thriller","No","","0","Vudu","R"
"The Water Horse: Legend Of The Deep","2007","112 mins","Adventure; Family; Fantasy","No","","0","Vudu","PG"
"The Waterboy","1998","90 mins","Comedy; Sports","No","","0","Vudu","PG-13"
"The Way Back","2020","108 mins","Drama; Sports","No","","0","Vudu","R"
"The Way Way Back","2013","103 mins","Comedy; Drama","No","","0","Blu-ray","PG-13"
"We Are Marshall","2006","131 mins","Drama; Sports","No","","0","Vudu","PG"
"We Bought A Zoo","2011","124 mins","Comedy; Drama; Family","No","","0","Vudu","PG"
"Wedding Crashers","2005","119 mins","Comedy; Romance","No","","0","Vudu","R"
"The Wedding Date","2005","90 mins","Comedy; Romance","No","","0","Vudu","PG-13"
"The Wedding Singer","1998","97 mins","Comedy; Music; Romance","No","","0","Vudu","PG-13"
"Weekend At Bernie's","1989","97 mins","Adventure; Comedy; Crime","No","","0","Vudu","PG-13"
"West Side Story","1961","153 mins","Crime; Drama; Musical; Romance","No","","0","Vudu","US - Approved"
"The Whale","2022","117 mins","Drama","No","","0","Vudu","R"
"What About Bob?","1991","99 mins","Comedy","No","","0","Vudu","PG"
"What Ever Happened to Baby Jane?","1962","134 mins","Drama; Horror; Thriller","No","","0","Vudu","US - Approved"
"What's Cookin' Doc?","1944","9 mins","Adventure; Animation; Comedy; Family","No","","0","","TV-Y7"
"What's Eating Gilbert Grape","1993","118 mins","Drama","No","","0","Vudu","PG-13"
"What's Opera, Doc?","1957","7 mins","Animation; Comedy; Drama; Family; Musical; Romance","No","","0","","US - Approved"
"What's Up Doc?","1950","7 mins","Animation; Comedy; Family; Music","No","","0","","US - Approved"
"Wheels On Meals","1984","100 mins","Action; Comedy; Crime; Romance","No","","0","","TV-14"
"When Worlds Collide","1951","83 mins","Action; Science Fiction; Thriller","No","","0","","US - Approved"
"Where the Lilies Bloom","1974","98 mins","Drama; Family; Romance","No","","0","Vudu","G"
"Where The Red Fern Grows","1974","97 mins","Drama; Family","No","","0","DVD","G"
"Where the Red Fern Grows","2003","86 mins","Drama; Family","No","","0","Vudu","PG"
"While You Were Sleeping","1995","103 mins","Comedy; Drama; Romance","No","","0","Vudu","PG"
"The Whip And The Body","1963","87 mins","Horror; Romance","No","","0","","US - Not Rated"
"White House Down","2013","131 mins","Action; Drama; Thriller","No","","0","Vudu","PG-13"
"White Nights","1985","136 mins","Drama; Music","No","","0","Vudu","PG-13"
"Who Do You Think You Are? (US): Season 4","2013","344 mins","Biography; Documentary; History","Yes","Who Do You Think You Are? (US)","8","Vudu",""
"Who Do You Think You Are? (US): Season 5","2014","387 mins","Biography; Documentary; History","Yes","Who Do You Think You Are? (US)","10","Vudu",""
"Who Do You Think You Are? (US): Season 6","2015","343 mins","Biography; Documentary; History","Yes","Who Do You Think You Are? (US)","8","Vudu",""
"Who Do You Think You Are? (US): Season 7","2015","213 mins","Biography; Documentary; History","Yes","Who Do You Think You Are? (US)","5","Vudu",""
"Who Do You Think You Are? (US): Season 8","2016","210 mins","Biography; Documentary; History","Yes","Who Do You Think You Are? (US)","5","Vudu",""
"Who Do You Think You Are? (US): Season 9","2017","252 mins","Biography; Documentary; History","Yes","Who Do You Think You Are? (US)","6","Vudu",""
"Who Do You Think You Are? (US): Season 10","2018","252 mins","Biography; Documentary; History","Yes","Who Do You Think You Are? (US)","6","Vudu",""
"Who Framed Roger Rabbit","1988","104 mins","Adventure; Animation; Comedy; Crime; Family; Fantasy; Mystery","No","","0","Vudu","PG"
"Who's Afraid of Virginia Woolf?","1966","131 mins","Drama","No","","0","Vudu","US - Approved"
"Who's Harry Crumb?","1989","94 mins","Comedy; Mystery","No","","0","Vudu","PG-13"
"Who's Minding the Store?","1963","90 mins","Comedy","No","","0","Vudu","US - Approved"
"Why Did I Get Married?","2007","113 mins","Comedy; Drama","No","","0","DVD","PG-13"
"Wick Is Pain","2025","80 mins","Documentary","No","","0","Vudu","R"
"Wicked","2024","160 mins","Fantasy; Musical; Romance","No","","0","Vudu","PG"
"Wicked: For Good","2025","137 mins","Drama; Family; Fantasy; Musical; Romance","No","","0","","PG"
"Wide Awake","1998","88 mins","Comedy; Drama; Family","No","","0","DVD","PG"
"Wiggles: Magical Adventure","2002","79 mins","Children; Family","No","","0","DVD","TV-G"
"The Wild","2006","82 mins","Adventure; Animation; Comedy; Family","No","","0","DVD","G"
"Wild and Woolly Hare","1959","7 mins","Animation; Comedy; Family; Western","No","","0","",""
"Wild Card","2015","92 mins","Action; Crime; Drama; Thriller","No","","0","Vudu","R"
"Wild Country","2005","67 mins","Horror","No","","0","Vudu","R"
"A Wild Hare","1940","8 mins","Adventure; Animation; Comedy; Family","No","","0","","US - Approved"
"The Wild Robot","2024","102 mins","Animation; Science Fiction","No","","0","Vudu","PG"
"The Wild Thornberrys","2002","85 mins","Adventure; Animation; Comedy; Family; Fantasy","No","","0","Vudu","PG"
"Willy Wonka & the Chocolate Factory","1971","100 mins","Family; Fantasy; Musical","No","","0","Vudu","G"
"Windtalkers","2002","134 mins","Action; Drama; War","No","","0","Vudu","R"
"Wings","1927","144 mins","Action; Drama; Romance; War","No","","0","Vudu","PG-13"
"Winnie The Pooh","2011","63 mins","Adventure; Animation; Family","No","","0","Vudu","G"
"Wish","2023","95 mins","Adventure; Animation; Comedy; Family; Fantasy; Musical","No","","0","Vudu","PG"
"Wishmaster","1997","90 mins","Fantasy; Horror","No","","0","Vudu","R"
"The Witches Of Eastwick","1987","118 mins","Comedy; Fantasy; Horror","No","","0","Vudu","R"
"Without A Paddle","2004","98 mins","Adventure; Comedy","No","","0","Vudu","PG-13"
"Witness","1985","112 mins","Crime; Drama; Romance; Thriller","No","","0","Vudu","R"
"Witness for the Prosecution","1957","116 mins","Crime; Drama; Mystery; Thriller","No","","0","Vudu","US - Approved"
"The Wizard of Oz","1939","102 mins","Adventure; Family; Fantasy; Musical","No","","0","Vudu","G"
"Wolf Creek","2005","99 mins","Horror; Thriller","No","","0","DVD","R"
"The Wolf of Wall Street","2013","180 mins","Biography; Comedy; Crime; Drama","No","","0","Vudu","R"
"The Wolverine","2013","126 mins","Action; Science Fiction","No","","0","Vudu","PG-13"
"The Woman in Green","1945","68 mins","Drama; Mystery","No","","0","Vudu","US - Approved"
"The Woman in the Window","1944","107 mins","Crime; Drama; Film Noir; Mystery; Thriller","No","","0","Vudu","US - Approved"
"Won Ton Ton: The Dog Who Saved Hollywood","1976","92 mins","Comedy","No","","0","","PG"
"Wonder Woman","2017","141 mins","Action; Adventure; Fantasy; Science Fiction; War","No","","0","Vudu","PG-13"
"Wonder Woman 1984","2020","151 mins","Action; Adventure; Fantasy","No","","0","Vudu","PG-13"
"Wonder Woman: The Complete 1st Season","1975","642 mins","Action; Adventure; Drama; Family; Fantasy; Science Fiction","Yes","Wonder Woman","13","Vudu","TV-G"
"Wonder Woman: The Complete 2nd Season","1977","1094 mins","Action; Adventure; Drama; Family; Fantasy; Science Fiction","Yes","Wonder Woman","22","Vudu","TV-G"
"Wonder Woman: The Complete 3rd Season","1978","1100 mins","Action; Adventure; Drama; Family; Fantasy; Science Fiction","Yes","Wonder Woman","24","Vudu","TV-G"
"The Wonderful Wizard Of Ha's","2007","47 mins","Animation; Family","No","","0","DVD","TV-G"
"Wonka","2023","116 mins","Adventure; Comedy; Family; Fantasy; Musical","No","","0","Vudu","PG"
"World Trade Center","2006","129 mins","Drama; History; Thriller","No","","0","","PG-13"
"World Trade Center","2006","129 mins","Drama; History; Thriller","No","","0","","PG-13"
"World War Z","2013","122 mins","Action; Adventure; Horror; Science Fiction; Thriller","No","","0","Vudu","PG-13"
"The Wraith","1986","93 mins","Action; Horror; Romance; Science Fiction; Thriller","No","","0","Vudu","R"
"The Wrecking Crew","1968","105 mins","Action; Adventure; Comedy; Crime; Drama; Thriller","No","","0","Vudu","PG"
"Wreck-It Ralph","2012","101 mins","Animation; Comedy; Family","No","","0","Vudu","PG"
"WTC","2001","48 mins","Documentary; Special Interest","No","","0","DVD","US - Approved"
"Wuthering Heights","1939","104 mins","Drama; Romance","No","","0","","US - Approved"
"X 2004: 17 Christian Rock Hits","2004","","Music","No","","0","DVD","US - Approved"
"X 2005: Christian Rock Videos","2005","60 mins","Music","No","","0","DVD","US - Approved"
"X2: X-Men United","2003","134 mins","Action; Science Fiction; Thriller","No","","0","Vudu","PG-13"
"X-Men","2000","104 mins","Action; Adventure; Science Fiction","No","","0","Vudu","PG-13"
"X-Men: First Class","2011","131 mins","Action; Adventure; Fantasy; Science Fiction","No","","0","DVD","PG-13"
"X-Men Origins: Wolverine","2009","107 mins","Action; Science Fiction","No","","0","Vudu","PG-13"
"X-Men: Days Of Future Past","2014","132 mins","Action; Adventure; Fantasy; History; Science Fiction; Thriller","No","","0","Vudu","PG-13"
"X-Men: Apocalypse","2016","144 mins","Action; Adventure; Science Fiction","No","","0","Vudu","PG-13"
"X-Men: Dark Phoenix","2019","113 mins","Action; Adventure; Science Fiction","No","","0","Vudu","PG-13"
"X-Men: The Last Stand","2006","104 mins","Action; Adventure; Science Fiction","No","","0","Vudu","PG-13"
"XXX","2002","132 mins","Action; Adventure; Drama","No","","0","Vudu","PG-13"
"xXx: State of the Union","2005","225 mins","Action; Adventure; Crime; Science Fiction; Thriller","No","","0","Vudu","PG-13"
"Yankee Doodle Bugs","1954","7 mins","Animation; Comedy; Family","No","","0","",""
"Yankee Doodle Dandy","1942","126 mins","Biography; Drama; Music; Musical","No","","0","Vudu","US - Approved"
"The Year Without a Santa Claus","1974","51 mins","Animation; Comedy; Family; Fantasy; Musical","No","","0","Vudu","TV-G"
"Yentl","1983","133 mins","Drama; Musical; Romance","No","","0","Vudu","PG"
"Yes Man","2008","104 mins","Comedy; Romance","No","","0","Vudu","PG-13"
"Yogi Bear's All-Star Comedy Christmas Caper","1982","24 mins","Animation","No","","0","Vudu","US - Approved"
"You Can't Take It with You","1938","126 mins","Comedy; Drama; Romance","No","","0","Vudu","US - Approved"
"Young & Hungry: Season 1","2014","220 mins","Comedy; Drama; Romance","Yes","Young & Hungry","10","Vudu","TV-14"
"Young & Hungry: Season 2","2015","459 mins","Comedy; Drama; Romance","Yes","Young & Hungry","21","Vudu","TV-14"
"Young & Hungry: Season 3","2016","210 mins","Comedy; Drama; Romance","Yes","Young & Hungry","10","Vudu","TV-14"
"Young & Hungry: Season 4","2016","209 mins","Comedy; Drama; Romance","Yes","Young & Hungry","10","Vudu","TV-14"
"Young & Hungry: Season 5","2017","409 mins","Comedy; Drama; Romance","Yes","Young & Hungry","20","Vudu","TV-14"
"Young Sheldon: Season 1","2017","436 mins","Comedy","Yes","Young Sheldon","22","Vudu","TV-PG"
"Young Sheldon: Season 2","2018","422 mins","Comedy","Yes","Young Sheldon","22","Vudu","TV-PG"
"Young Sheldon: Season 3","2019","399 mins","Comedy","Yes","Young Sheldon","21","Vudu","TV-PG"
"Young Sheldon: Season 4","2020","339 mins","Comedy","Yes","Young Sheldon","18","Vudu","TV-PG"
"Young Sheldon: Season 5","2021","428 mins","Comedy","Yes","Young Sheldon","22","Vudu","TV-PG"
"Young Sheldon: Season 6","2022","413 mins","Comedy","Yes","Young Sheldon","22","Vudu","TV-PG"
"Young Sheldon: Season 7","2024","97 mins","Comedy","Yes","Young Sheldon","14","Vudu","TV-PG"
"You've Got Mail","1998","114 mins","Comedy; Drama; Romance","No","","0","Vudu","PG"
"Z Nation: Season 1","2014","553 mins","Action; Comedy; Drama; Horror; Romance; Science Fiction","Yes","Z Nation","13","","TV-14"
"Z Nation: Season 2","2015","643 mins","Action; Comedy; Drama; Horror; Romance; Science Fiction","Yes","Z Nation","15","","TV-14"
"Z Nation: Season 3","2016","634 mins","Action; Comedy; Drama; Horror; Romance; Science Fiction","Yes","Z Nation","14","","TV-14"
"Z Nation: Season 4","2017","801 mins","Action; Comedy; Drama; Horror; Romance; Science Fiction","Yes","Z Nation","13","","TV-14"
"Z Nation: Season 5","2018","894 mins","Action; Comedy; Drama; Horror; Romance; Science Fiction","Yes","Z Nation","13","","TV-14"
"Zack Snyder's Justice League","2021","242 mins","Action; Adventure; Fantasy; Science Fiction","No","","0","Vudu","R"
"Zero Dark Thirty","2012","157 mins","Action; History; Thriller","No","","0","Vudu","R"
"Zeus And Roxanne","1997","98 mins","Adventure; Comedy; Family; Romance","No","","0","","PG"
"Zoolander","2001","90 mins","Comedy","No","","0","Vudu","R"
"Zootopia","2016","108 mins","Action; Adventure; Animation; Comedy; Crime; Family; Mystery","No","","0","Vudu","PG"
"Zootopia 2","2025","108 mins","Action; Adventure; Animation; Comedy; Crime; Family; Mystery","No","","0","","PG"
